STATEFP,STATE,County_FIPS,County_NAME,cornstover_cost
1,AL,1001,Autauga,211.175
1,AL,1003,Baldwin,129.089
1,AL,1005,Barbour,141.901
1,AL,1007,Bibb,0
1,AL,1009,Blount,153.446
1,AL,1011,Bullock,0
1,AL,1013,Butler,146.289
1,AL,1015,Calhoun,128.905
1,AL,1017,Chambers,0
1,AL,1019,Cherokee,133.971
1,AL,1021,Chilton,140.453
1,AL,1023,Choctaw,0
1,AL,1025,Clarke,0
1,AL,1027,Clay,0
1,AL,1029,Cleburne,0
1,AL,1031,Coffee,165.505
1,AL,1033,Colbert,124.018
1,AL,1035,Conecuh,158.862
1,AL,1037,Coosa,0
1,AL,1039,Covington,181.186
1,AL,1041,Crenshaw,0
1,AL,1043,Cullman,144.897
1,AL,1045,Dale,231.318
1,AL,1047,Dallas,137.565
1,AL,1049,DeKalb,124.872
1,AL,1051,Elmore,130.806
1,AL,1053,Escambia,137.333
1,AL,1055,Etowah,143.016
1,AL,1057,Fayette,134.918
1,AL,1059,Franklin,174.852
1,AL,1061,Geneva,172.662
1,AL,1063,Greene,194.996
1,AL,1065,Hale,138.073
1,AL,1067,Henry,145.942
1,AL,1069,Houston,152.166
1,AL,1071,Jackson,126.764
1,AL,1073,Jefferson,0
1,AL,1075,Lamar,160.916
1,AL,1077,Lauderdale,123.635
1,AL,1079,Lawrence,121.185
1,AL,1081,Lee,0
1,AL,1083,Limestone,128.048
1,AL,1085,Lowndes,0
1,AL,1087,Macon,142.079
1,AL,1089,Madison,122.344
1,AL,1091,Marengo,383.89
1,AL,1093,Marion,130.529
1,AL,1095,Marshall,130.316
1,AL,1097,Mobile,178.613
1,AL,1099,Monroe,181.925
1,AL,1101,Montgomery,152.637
1,AL,1103,Morgan,144.648
1,AL,1105,Perry,207.167
1,AL,1107,Pickens,0
1,AL,1109,Pike,158.613
1,AL,1111,Randolph,307.339
1,AL,1113,Russell,0
1,AL,1115,St. Clair,0
1,AL,1117,Shelby,231.044
1,AL,1119,Sumter,237.918
1,AL,1121,Talladega,130.282
1,AL,1123,Tallapoosa,122.4
1,AL,1125,Tuscaloosa,128.155
1,AL,1127,Walker,0
1,AL,1129,Washington,143.656
1,AL,1131,Wilcox,148.771
1,AL,1133,Winston,0
4,AZ,4001,Apache,0
4,AZ,4003,Cochise,128.894
4,AZ,4005,Coconino,0
4,AZ,4007,Gila,0
4,AZ,4009,Graham,126.719
4,AZ,4011,Greenlee,0
4,AZ,4012,La Paz,0
4,AZ,4013,Maricopa,2501.132
4,AZ,4015,Mohave,0
4,AZ,4017,Navajo,0
4,AZ,4019,Pima,0
4,AZ,4021,Pinal,846.81
4,AZ,4023,Santa Cruz,0
4,AZ,4025,Yavapai,0
4,AZ,4027,Yuma,130.968
5,AR,5001,Arkansas,113.223
5,AR,5003,Ashley,121.192
5,AR,5005,Baxter,0
5,AR,5007,Benton,0
5,AR,5009,Boone,0
5,AR,5011,Bradley,0
5,AR,5013,Calhoun,0
5,AR,5015,Carroll,0
5,AR,5017,Chicot,124.154
5,AR,5019,Clark,0
5,AR,5021,Clay,119.51
5,AR,5023,Cleburne,0
5,AR,5025,Cleveland,0
5,AR,5027,Columbia,0
5,AR,5029,Conway,139.611
5,AR,5031,Craighead,120.301
5,AR,5033,Crawford,135.677
5,AR,5035,Crittenden,129.899
5,AR,5037,Cross,153.687
5,AR,5039,Dallas,0
5,AR,5041,Desha,120.009
5,AR,5043,Drew,118.371
5,AR,5045,Faulkner,142.681
5,AR,5047,Franklin,480.425
5,AR,5049,Fulton,0
5,AR,5051,Garland,0
5,AR,5053,Grant,0
5,AR,5055,Greene,123.343
5,AR,5057,Hempstead,0
5,AR,5059,Hot Spring,0
5,AR,5061,Howard,0
5,AR,5063,Independence,137.363
5,AR,5065,Izard,0
5,AR,5067,Jackson,126.928
5,AR,5069,Jefferson,121.76
5,AR,5071,Johnson,128.632
5,AR,5073,Lafayette,128.731
5,AR,5075,Lawrence,0
5,AR,5077,Lee,121.901
5,AR,5079,Lincoln,122.261
5,AR,5081,Little River,132.41
5,AR,5083,Logan,125.446
5,AR,5085,Lonoke,120.89
5,AR,5087,Madison,0
5,AR,5089,Marion,0
5,AR,5091,Miller,142.993
5,AR,5093,Mississippi,120.9
5,AR,5095,Monroe,121.906
5,AR,5097,Montgomery,0
5,AR,5099,Nevada,0
5,AR,5101,Newton,0
5,AR,5103,Ouachita,0
5,AR,5105,Perry,0
5,AR,5107,Phillips,125.164
5,AR,5109,Pike,0
5,AR,5111,Poinsett,128.253
5,AR,5113,Polk,0
5,AR,5115,Pope,135.757
5,AR,5117,Prairie,124.026
5,AR,5119,Pulaski,0
5,AR,5121,Randolph,121.535
5,AR,5123,St. Francis,123.696
5,AR,5125,Saline,0
5,AR,5127,Scott,0
5,AR,5129,Searcy,0
5,AR,5131,Sebastian,154.253
5,AR,5133,Sevier,0
5,AR,5135,Sharp,0
5,AR,5137,Stone,0
5,AR,5139,Union,0
5,AR,5141,Van Buren,0
5,AR,5143,Washington,0
5,AR,5145,White,132.572
5,AR,5147,Woodruff,127.821
5,AR,5149,Yell,131.574
6,CA,6001,Alameda,69.329
6,CA,6003,Alpine,0
6,CA,6005,Amador,0
6,CA,6007,Butte,95.838
6,CA,6009,Calaveras,0
6,CA,6011,Colusa,71.116
6,CA,6013,Contra Costa,75.307
6,CA,6015,Del Norte,0
6,CA,6017,El Dorado,0
6,CA,6019,Fresno,1162.811
6,CA,6021,Glenn,82.502
6,CA,6023,Humboldt,443.224
6,CA,6025,Imperial,112.977
6,CA,6027,Inyo,0
6,CA,6029,Kern,1882.831
6,CA,6031,Kings,1311.088
6,CA,6033,Lake,0
6,CA,6035,Lassen,0
6,CA,6037,Los Angeles,0
6,CA,6039,Madera,876.186
6,CA,6041,Marin,0
6,CA,6043,Mariposa,0
6,CA,6045,Mendocino,0
6,CA,6047,Merced,2531.39
6,CA,6049,Modoc,0
6,CA,6051,Mono,0
6,CA,6053,Monterey,0
6,CA,6055,Napa,0
6,CA,6057,Nevada,0
6,CA,6059,Orange,0
6,CA,6061,Placer,0
6,CA,6063,Plumas,0
6,CA,6065,Riverside,487.391
6,CA,6067,Sacramento,83.369
6,CA,6069,San Benito,0
6,CA,6071,San Bernardino,229.856
6,CA,6073,San Diego,0
6,CA,6075,San Francisco,0
6,CA,6077,San Joaquin,108.197
6,CA,6079,San Luis Obispo,0
6,CA,6081,San Mateo,0
6,CA,6083,Santa Barbara,113.28
6,CA,6085,Santa Clara,0
6,CA,6087,Santa Cruz,0
6,CA,6089,Shasta,0
6,CA,6091,Sierra,0
6,CA,6093,Siskiyou,0
6,CA,6095,Solano,72.79
6,CA,6097,Sonoma,0
6,CA,6099,Stanislaus,8333.124
6,CA,6101,Sutter,69.89
6,CA,6103,Tehama,96.033
6,CA,6105,Trinity,0
6,CA,6107,Tulare,2418.089
6,CA,6109,Tuolumne,0
6,CA,6111,Ventura,0
6,CA,6113,Yolo,67.706
6,CA,6115,Yuba,111.925
8,CO,8001,Adams,192.515
8,CO,8003,Alamosa,0
8,CO,8005,Arapahoe,127.157
8,CO,8007,Archuleta,0
8,CO,8009,Baca,170.925
8,CO,8011,Bent,95.016
8,CO,8013,Boulder,121.967
8,CO,8014,Broomfield,0
8,CO,8015,Chaffee,0
8,CO,8017,Cheyenne,190.773
8,CO,8019,Clear Creek,0
8,CO,8021,Conejos,0
8,CO,8023,Costilla,0
8,CO,8025,Crowley,0
8,CO,8027,Custer,0
8,CO,8029,Delta,180.658
8,CO,8031,Denver,0
8,CO,8033,Dolores,0
8,CO,8035,Douglas,0
8,CO,8037,Eagle,0
8,CO,8039,Elbert,164.932
8,CO,8041,El Paso,0
8,CO,8043,Fremont,0
8,CO,8045,Garfield,0
8,CO,8047,Gilpin,0
8,CO,8049,Grand,0
8,CO,8051,Gunnison,0
8,CO,8053,Hinsdale,0
8,CO,8055,Huerfano,0
8,CO,8057,Jackson,0
8,CO,8059,Jefferson,0
8,CO,8061,Kiowa,199.862
8,CO,8063,Kit Carson,170.083
8,CO,8065,Lake,0
8,CO,8067,La Plata,157.984
8,CO,8069,Larimer,112.111
8,CO,8071,Las Animas,0
8,CO,8073,Lincoln,148.142
8,CO,8075,Logan,118.386
8,CO,8077,Mesa,18.826
8,CO,8079,Mineral,0
8,CO,8081,Moffat,0
8,CO,8083,Montezuma,99.987
8,CO,8085,Montrose,140.343
8,CO,8087,Morgan,155.495
8,CO,8089,Otero,114.556
8,CO,8091,Ouray,0
8,CO,8093,Park,0
8,CO,8095,Phillips,116.28
8,CO,8097,Pitkin,0
8,CO,8099,Prowers,144.525
8,CO,8101,Pueblo,119.419
8,CO,8103,Rio Blanco,0
8,CO,8105,Rio Grande,0
8,CO,8107,Routt,0
8,CO,8109,Saguache,0
8,CO,8111,San Juan,0
8,CO,8113,San Miguel,0
8,CO,8115,Sedgwick,123.963
8,CO,8117,Summit,0
8,CO,8119,Teller,0
8,CO,8121,Washington,150.619
8,CO,8123,Weld,178.471
8,CO,8125,Yuma,142.386
9,CT,9001,Fairfield,0
9,CT,9003,Hartford,0
9,CT,9005,Litchfield,0
9,CT,9007,Middlesex,0
9,CT,9009,New Haven,0
9,CT,9011,New London,0
9,CT,9013,Tolland,0
9,CT,9015,Windham,0
10,DE,10001,Kent,0
10,DE,10003,New Castle,0
10,DE,10005,Sussex,0
11,DC,11001,District of Columbia,0
12,FL,12001,Alachua,1483.347
12,FL,12003,Baker,0
12,FL,12005,Bay,0
12,FL,12007,Bradford,0
12,FL,12009,Brevard,0
12,FL,12011,Broward,0
12,FL,12013,Calhoun,250.895
12,FL,12015,Charlotte,0
12,FL,12017,Citrus,0
12,FL,12019,Clay,0
12,FL,12021,Collier,0
12,FL,12023,Columbia,458.598
12,FL,12027,DeSoto,0
12,FL,12029,Dixie,0
12,FL,12031,Duval,0
12,FL,12033,Escambia,415.568
12,FL,12035,Flagler,0
12,FL,12037,Franklin,0
12,FL,12039,Gadsden,240.511
12,FL,12041,Gilchrist,5434.135
12,FL,12043,Glades,0
12,FL,12045,Gulf,0
12,FL,12047,Hamilton,201.095
12,FL,12049,Hardee,0
12,FL,12051,Hendry,0
12,FL,12053,Hernando,0
12,FL,12055,Highlands,0
12,FL,12057,Hillsborough,0
12,FL,12059,Holmes,364.18
12,FL,12061,Indian River,0
12,FL,12063,Jackson,252.706
12,FL,12065,Jefferson,361.609
12,FL,12067,Lafayette,626.656
12,FL,12069,Lake,0
12,FL,12071,Lee,0
12,FL,12073,Leon,0
12,FL,12075,Levy,2342.792
12,FL,12077,Liberty,0
12,FL,12079,Madison,345.773
12,FL,12081,Manatee,0
12,FL,12083,Marion,0
12,FL,12085,Martin,0
12,FL,12086,Miami-Dade,0
12,FL,12087,Monroe,0
12,FL,12089,Nassau,0
12,FL,12091,Okaloosa,305.059
12,FL,12093,Okeechobee,0
12,FL,12095,Orange,0
12,FL,12097,Osceola,0
12,FL,12099,Palm Beach,0
12,FL,12101,Pasco,0
12,FL,12103,Pinellas,0
12,FL,12105,Polk,0
12,FL,12107,Putnam,1626.421
12,FL,12109,St. Johns,629.787
12,FL,12111,St. Lucie,0
12,FL,12113,Santa Rosa,414.24
12,FL,12115,Sarasota,0
12,FL,12117,Seminole,0
12,FL,12119,Sumter,0
12,FL,12121,Suwannee,903.525
12,FL,12123,Taylor,0
12,FL,12125,Union,0
12,FL,12127,Volusia,0
12,FL,12129,Wakulla,0
12,FL,12131,Walton,482.696
12,FL,12133,Washington,357.443
13,GA,13001,Appling,191.108
13,GA,13003,Atkinson,108.587
13,GA,13005,Bacon,143.113
13,GA,13007,Baker,92.782
13,GA,13009,Baldwin,0
13,GA,13011,Banks,0
13,GA,13013,Barrow,0
13,GA,13015,Bartow,105.719
13,GA,13017,Ben Hill,97.918
13,GA,13019,Berrien,103.068
13,GA,13021,Bibb,0
13,GA,13023,Bleckley,100.187
13,GA,13025,Brantley,140.411
13,GA,13027,Brooks,123.935
13,GA,13029,Bryan,135.281
13,GA,13031,Bulloch,106.961
13,GA,13033,Burke,120.493
13,GA,13035,Butts,0
13,GA,13037,Calhoun,91.688
13,GA,13039,Camden,0
13,GA,13043,Candler,118.129
13,GA,13045,Carroll,0
13,GA,13047,Catoosa,364.043
13,GA,13049,Charlton,0
13,GA,13051,Chatham,0
13,GA,13053,Chattahoochee,0
13,GA,13055,Chattooga,118.679
13,GA,13057,Cherokee,0
13,GA,13059,Clarke,0
13,GA,13061,Clay,110.877
13,GA,13063,Clayton,0
13,GA,13065,Clinch,131.74
13,GA,13067,Cobb,0
13,GA,13069,Coffee,100.478
13,GA,13071,Colquitt,119.956
13,GA,13073,Columbia,0
13,GA,13075,Cook,111.175
13,GA,13077,Coweta,0
13,GA,13079,Crawford,0
13,GA,13081,Crisp,106.168
13,GA,13083,Dade,0
13,GA,13085,Dawson,0
13,GA,13087,Decatur,98.246
13,GA,13089,DeKalb,0
13,GA,13091,Dodge,111.029
13,GA,13093,Dooly,112.57
13,GA,13095,Dougherty,95.59
13,GA,13097,Douglas,0
13,GA,13099,Early,94.299
13,GA,13101,Echols,126.517
13,GA,13103,Effingham,123.997
13,GA,13105,Elbert,0
13,GA,13107,Emanuel,114.084
13,GA,13109,Evans,117.538
13,GA,13111,Fannin,0
13,GA,13113,Fayette,0
13,GA,13115,Floyd,102.753
13,GA,13117,Forsyth,0
13,GA,13119,Franklin,0
13,GA,13121,Fulton,0
13,GA,13123,Gilmer,0
13,GA,13125,Glascock,0
13,GA,13127,Glynn,0
13,GA,13129,Gordon,107.195
13,GA,13131,Grady,107.864
13,GA,13133,Greene,0
13,GA,13135,Gwinnett,0
13,GA,13137,Habersham,0
13,GA,13139,Hall,516.588
13,GA,13141,Hancock,0
13,GA,13143,Haralson,0
13,GA,13145,Harris,0
13,GA,13147,Hart,129.325
13,GA,13149,Heard,0
13,GA,13151,Henry,0
13,GA,13153,Houston,126.969
13,GA,13155,Irwin,100.821
13,GA,13157,Jackson,0
13,GA,13159,Jasper,0
13,GA,13161,Jeff Davis,107.123
13,GA,13163,Jefferson,96.87
13,GA,13165,Jenkins,142.002
13,GA,13167,Johnson,123.445
13,GA,13169,Jones,0
13,GA,13171,Lamar,131.252
13,GA,13173,Lanier,116.261
13,GA,13175,Laurens,125.752
13,GA,13177,Lee,127.657
13,GA,13179,Liberty,0
13,GA,13181,Lincoln,0
13,GA,13183,Long,135.75
13,GA,13185,Lowndes,118.544
13,GA,13187,Lumpkin,0
13,GA,13189,McDuffie,204.136
13,GA,13191,McIntosh,0
13,GA,13193,Macon,202.177
13,GA,13195,Madison,0
13,GA,13197,Marion,114.621
13,GA,13199,Meriwether,0
13,GA,13201,Miller,93.83
13,GA,13205,Mitchell,100.657
13,GA,13207,Monroe,0
13,GA,13209,Montgomery,112.952
13,GA,13211,Morgan,1247.625
13,GA,13213,Murray,112.132
13,GA,13215,Muscogee,0
13,GA,13217,Newton,0
13,GA,13219,Oconee,0
13,GA,13221,Oglethorpe,0
13,GA,13223,Paulding,0
13,GA,13225,Peach,113.203
13,GA,13227,Pickens,0
13,GA,13229,Pierce,109.93
13,GA,13231,Pike,0
13,GA,13233,Polk,115.548
13,GA,13235,Pulaski,103.837
13,GA,13237,Putnam,0
13,GA,13239,Quitman,0
13,GA,13241,Rabun,0
13,GA,13243,Randolph,96.597
13,GA,13245,Richmond,0
13,GA,13247,Rockdale,0
13,GA,13249,Schley,120.83
13,GA,13251,Screven,106.208
13,GA,13253,Seminole,92.077
13,GA,13255,Spalding,0
13,GA,13257,Stephens,0
13,GA,13259,Stewart,128.402
13,GA,13261,Sumter,107.511
13,GA,13263,Talbot,0
13,GA,13265,Taliaferro,0
13,GA,13267,Tattnall,107.486
13,GA,13269,Taylor,127.774
13,GA,13271,Telfair,107.948
13,GA,13273,Terrell,95.114
13,GA,13275,Thomas,107.421
13,GA,13277,Tift,106.25
13,GA,13279,Toombs,116.555
13,GA,13281,Towns,0
13,GA,13283,Treutlen,124.222
13,GA,13285,Troup,0
13,GA,13287,Turner,98.6
13,GA,13289,Twiggs,107.851
13,GA,13291,Union,131.681
13,GA,13293,Upson,0
13,GA,13295,Walker,133.092
13,GA,13297,Walton,0
13,GA,13299,Ware,133.43
13,GA,13301,Warren,0
13,GA,13303,Washington,111.692
13,GA,13305,Wayne,132.432
13,GA,13307,Webster,119.364
13,GA,13309,Wheeler,100.689
13,GA,13311,White,148.663
13,GA,13313,Whitfield,0
13,GA,13315,Wilcox,106.044
13,GA,13317,Wilkes,0
13,GA,13319,Wilkinson,0
13,GA,13321,Worth,102.413
16,ID,16001,Ada,740.577
16,ID,16003,Adams,0
16,ID,16005,Bannock,0
16,ID,16007,Bear Lake,0
16,ID,16009,Benewah,0
16,ID,16011,Bingham,0
16,ID,16013,Blaine,0
16,ID,16015,Boise,0
16,ID,16017,Bonner,0
16,ID,16019,Bonneville,1718.208
16,ID,16021,Boundary,0
16,ID,16023,Butte,0
16,ID,16025,Camas,0
16,ID,16027,Canyon,143.319
16,ID,16029,Caribou,0
16,ID,16031,Cassia,3691.542
16,ID,16033,Clark,0
16,ID,16035,Clearwater,0
16,ID,16037,Custer,0
16,ID,16039,Elmore,140.337
16,ID,16041,Franklin,1632.1
16,ID,16043,Fremont,0
16,ID,16045,Gem,126.355
16,ID,16047,Gooding,883.893
16,ID,16049,Idaho,0
16,ID,16051,Jefferson,5389.04
16,ID,16053,Jerome,1896.834
16,ID,16055,Kootenai,0
16,ID,16057,Latah,0
16,ID,16059,Lemhi,0
16,ID,16061,Lewis,0
16,ID,16063,Lincoln,1498.086
16,ID,16065,Madison,0
16,ID,16067,Minidoka,514.177
16,ID,16069,Nez Perce,0
16,ID,16071,Oneida,529.045
16,ID,16073,Owyhee,140.475
16,ID,16075,Payette,139.097
16,ID,16077,Power,91.423
16,ID,16079,Shoshone,0
16,ID,16081,Teton,0
16,ID,16083,Twin Falls,586.171
16,ID,16085,Valley,0
16,ID,16087,Washington,152.956
17,IL,17001,Adams,94.412
17,IL,17003,Alexander,85.408
17,IL,17005,Bond,98.134
17,IL,17007,Boone,105.427
17,IL,17009,Brown,100.69
17,IL,17011,Bureau,94.637
17,IL,17013,Calhoun,97.137
17,IL,17015,Carroll,74.244
17,IL,17017,Cass,106.915
17,IL,17019,Champaign,84.842
17,IL,17021,Christian,94.778
17,IL,17023,Clark,75.438
17,IL,17025,Clay,88.39
17,IL,17027,Clinton,88.687
17,IL,17029,Coles,73.671
17,IL,17031,Cook,79.611
17,IL,17033,Crawford,76.922
17,IL,17035,Cumberland,76.297
17,IL,17037,DeKalb,105.687
17,IL,17039,De Witt,76.794
17,IL,17041,Douglas,73.45
17,IL,17043,DuPage,104.558
17,IL,17045,Edgar,73.531
17,IL,17047,Edwards,80.604
17,IL,17049,Effingham,78.027
17,IL,17051,Fayette,93.959
17,IL,17053,Ford,101.682
17,IL,17055,Franklin,82.23
17,IL,17057,Fulton,97.371
17,IL,17059,Gallatin,97.121
17,IL,17061,Greene,80.299
17,IL,17063,Grundy,97.265
17,IL,17065,Hamilton,82.34
17,IL,17067,Hancock,96.921
17,IL,17069,Hardin,88.316
17,IL,17071,Henderson,96.209
17,IL,17073,Henry,92.943
17,IL,17075,Iroquois,101.886
17,IL,17077,Jackson,89.548
17,IL,17079,Jasper,77.045
17,IL,17081,Jefferson,83.27
17,IL,17083,Jersey,89.777
17,IL,17085,Jo Daviess,77.805
17,IL,17087,Johnson,80.815
17,IL,17089,Kane,94.918
17,IL,17091,Kankakee,100.137
17,IL,17093,Kendall,92.927
17,IL,17095,Knox,89.835
17,IL,17097,Lake,105.655
17,IL,17099,LaSalle,100.603
17,IL,17101,Lawrence,77.919
17,IL,17103,Lee,104.849
17,IL,17105,Livingston,94.705
17,IL,17107,Logan,85.716
17,IL,17109,McDonough,103.336
17,IL,17111,McHenry,103.56
17,IL,17113,McLean,91.226
17,IL,17115,Macon,85.36
17,IL,17117,Macoupin,102.161
17,IL,17119,Madison,100.13
17,IL,17121,Marion,86.6
17,IL,17123,Marshall,92.413
17,IL,17125,Mason,113.263
17,IL,17127,Massac,113.001
17,IL,17129,Menard,105.638
17,IL,17131,Mercer,100.143
17,IL,17133,Monroe,114.067
17,IL,17135,Montgomery,101.536
17,IL,17137,Morgan,87.77
17,IL,17139,Moultrie,73.136
17,IL,17141,Ogle,101.01
17,IL,17143,Peoria,87.29
17,IL,17145,Perry,85.952
17,IL,17147,Piatt,80.468
17,IL,17149,Pike,92.476
17,IL,17151,Pope,116.073
17,IL,17153,Pulaski,96.525
17,IL,17155,Putnam,100.688
17,IL,17157,Randolph,83.708
17,IL,17159,Richland,80.454
17,IL,17161,Rock Island,96.468
17,IL,17163,St. Clair,98.552
17,IL,17165,Saline,81.107
17,IL,17167,Sangamon,88.606
17,IL,17169,Schuyler,105.703
17,IL,17171,Scott,94.831
17,IL,17173,Shelby,80.341
17,IL,17175,Stark,85.094
17,IL,17177,Stephenson,82.284
17,IL,17179,Tazewell,81.978
17,IL,17181,Union,100.077
17,IL,17183,Vermilion,73.772
17,IL,17185,Wabash,78.527
17,IL,17187,Warren,92.504
17,IL,17189,Washington,87.117
17,IL,17191,Wayne,97.691
17,IL,17193,White,90.766
17,IL,17195,Whiteside,85.243
17,IL,17197,Will,84.968
17,IL,17199,Williamson,81.951
17,IL,17201,Winnebago,93.837
17,IL,17203,Woodford,90.671
18,IN,18001,Adams,118.505
18,IN,18003,Allen,110.827
18,IN,18005,Bartholomew,111.682
18,IN,18007,Benton,104.833
18,IN,18009,Blackford,112.063
18,IN,18011,Boone,106.479
18,IN,18013,Brown,0
18,IN,18015,Carroll,102.757
18,IN,18017,Cass,107.391
18,IN,18019,Clark,122.703
18,IN,18021,Clay,107.869
18,IN,18023,Clinton,103.678
18,IN,18025,Crawford,0
18,IN,18027,Daviess,109.756
18,IN,18029,Dearborn,126.301
18,IN,18031,Decatur,108.931
18,IN,18033,DeKalb,116.843
18,IN,18035,Delaware,110.107
18,IN,18037,Dubois,116.252
18,IN,18039,Elkhart,128.079
18,IN,18041,Fayette,110.418
18,IN,18043,Floyd,0
18,IN,18045,Fountain,106.085
18,IN,18047,Franklin,117.588
18,IN,18049,Fulton,111.188
18,IN,18051,Gibson,108.426
18,IN,18053,Grant,108.912
18,IN,18055,Greene,113.206
18,IN,18057,Hamilton,108.601
18,IN,18059,Hancock,108.655
18,IN,18061,Harrison,123.612
18,IN,18063,Hendricks,107.293
18,IN,18065,Henry,109.584
18,IN,18067,Howard,105.215
18,IN,18069,Huntington,112.25
18,IN,18071,Jackson,120.349
18,IN,18073,Jasper,111.313
18,IN,18075,Jay,116.123
18,IN,18077,Jefferson,125.791
18,IN,18079,Jennings,117.625
18,IN,18081,Johnson,111.276
18,IN,18083,Knox,107.828
18,IN,18085,Kosciusko,111.041
18,IN,18087,LaGrange,127.627
18,IN,18089,Lake,111.634
18,IN,18091,LaPorte,113.064
18,IN,18093,Lawrence,123.048
18,IN,18095,Madison,107.486
18,IN,18097,Marion,112.889
18,IN,18099,Marshall,113.389
18,IN,18101,Martin,113.917
18,IN,18103,Miami,109.671
18,IN,18105,Monroe,126.799
18,IN,18107,Montgomery,105.07
18,IN,18109,Morgan,110.004
18,IN,18111,Newton,112.998
18,IN,18113,Noble,115.265
18,IN,18115,Ohio,0
18,IN,18117,Orange,112.596
18,IN,18119,Owen,115.993
18,IN,18121,Parke,110.027
18,IN,18123,Perry,122.491
18,IN,18125,Pike,113.569
18,IN,18127,Porter,110.185
18,IN,18129,Posey,109.502
18,IN,18131,Pulaski,111.676
18,IN,18133,Putnam,107.299
18,IN,18135,Randolph,111.9
18,IN,18137,Ripley,118.287
18,IN,18139,Rush,109.384
18,IN,18141,St. Joseph,112.322
18,IN,18143,Scott,118.972
18,IN,18145,Shelby,110.029
18,IN,18147,Spencer,116.554
18,IN,18149,Starke,114.295
18,IN,18151,Steuben,119.461
18,IN,18153,Sullivan,106.974
18,IN,18155,Switzerland,0
18,IN,18157,Tippecanoe,106.298
18,IN,18159,Tipton,103.911
18,IN,18161,Union,106.404
18,IN,18163,Vanderburgh,112.01
18,IN,18165,Vermillion,106.475
18,IN,18167,Vigo,110.747
18,IN,18169,Wabash,109.994
18,IN,18171,Warren,106.341
18,IN,18173,Warrick,118.155
18,IN,18175,Washington,121.965
18,IN,18177,Wayne,113.856
18,IN,18179,Wells,112.349
18,IN,18181,White,106.049
18,IN,18183,Whitley,110.782
19,IA,19001,Adair,74.053
19,IA,19003,Adams,75.91
19,IA,19005,Allamakee,79.601
19,IA,19007,Appanoose,77.452
19,IA,19009,Audubon,72.952
19,IA,19011,Benton,72.655
19,IA,19013,Black Hawk,74.099
19,IA,19015,Boone,76.28
19,IA,19017,Bremer,74.293
19,IA,19019,Buchanan,78.126
19,IA,19021,Buena Vista,72.876
19,IA,19023,Butler,85.187
19,IA,19025,Calhoun,78.48
19,IA,19027,Carroll,73.41
19,IA,19029,Cass,73.221
19,IA,19031,Cedar,73.967
19,IA,19033,Cerro Gordo,83.771
19,IA,19035,Cherokee,74.131
19,IA,19037,Chickasaw,74.039
19,IA,19039,Clarke,80.496
19,IA,19041,Clay,73.084
19,IA,19043,Clayton,75.341
19,IA,19045,Clinton,74.285
19,IA,19047,Crawford,73.538
19,IA,19049,Dallas,72.131
19,IA,19051,Davis,77.94
19,IA,19053,Decatur,79.303
19,IA,19055,Delaware,74.38
19,IA,19057,Des Moines,72.434
19,IA,19059,Dickinson,73.736
19,IA,19061,Dubuque,75.988
19,IA,19063,Emmet,79.656
19,IA,19065,Fayette,75.025
19,IA,19067,Floyd,73.417
19,IA,19069,Franklin,88.599
19,IA,19071,Fremont,73.839
19,IA,19073,Greene,77.221
19,IA,19075,Grundy,71.103
19,IA,19077,Guthrie,74.114
19,IA,19079,Hamilton,89.4
19,IA,19081,Hancock,81.632
19,IA,19083,Hardin,72.842
19,IA,19085,Harrison,73.667
19,IA,19087,Henry,72.857
19,IA,19089,Howard,77.063
19,IA,19091,Humboldt,86.343
19,IA,19093,Ida,73.933
19,IA,19095,Iowa,73.063
19,IA,19097,Jackson,76.713
19,IA,19099,Jasper,71.259
19,IA,19101,Jefferson,74.563
19,IA,19103,Johnson,73.9
19,IA,19105,Jones,73.662
19,IA,19107,Keokuk,73.377
19,IA,19109,Kossuth,81.471
19,IA,19111,Lee,74.753
19,IA,19113,Linn,73.282
19,IA,19115,Louisa,73.472
19,IA,19117,Lucas,79.513
19,IA,19119,Lyon,76.197
19,IA,19121,Madison,75.489
19,IA,19123,Mahaska,73.592
19,IA,19125,Marion,74.797
19,IA,19127,Marshall,70.943
19,IA,19129,Mills,73.571
19,IA,19131,Mitchell,74.407
19,IA,19133,Monona,75.763
19,IA,19135,Monroe,80.456
19,IA,19137,Montgomery,74.169
19,IA,19139,Muscatine,73.67
19,IA,19141,O'Brien,72.395
19,IA,19143,Osceola,73.039
19,IA,19145,Page,74.461
19,IA,19147,Palo Alto,73.801
19,IA,19149,Plymouth,74.544
19,IA,19151,Pocahontas,84.259
19,IA,19153,Polk,77.153
19,IA,19155,Pottawattamie,73.354
19,IA,19157,Poweshiek,71.884
19,IA,19159,Ringgold,78.483
19,IA,19161,Sac,73.45
19,IA,19163,Scott,72.623
19,IA,19165,Shelby,73.477
19,IA,19167,Sioux,76.038
19,IA,19169,Story,75.327
19,IA,19171,Tama,71.904
19,IA,19173,Taylor,76.113
19,IA,19175,Union,77.223
19,IA,19177,Van Buren,76.169
19,IA,19179,Wapello,74.59
19,IA,19181,Warren,75.547
19,IA,19183,Washington,72.588
19,IA,19185,Wayne,76.96
19,IA,19187,Webster,93.84
19,IA,19189,Winnebago,79.107
19,IA,19191,Winneshiek,78.221
19,IA,19193,Woodbury,74.83
19,IA,19195,Worth,82.78
19,IA,19197,Wright,85.144
20,KS,20001,Allen,94.181
20,KS,20003,Anderson,87.614
20,KS,20005,Atchison,83.014
20,KS,20007,Barber,283.002
20,KS,20009,Barton,121.743
20,KS,20011,Bourbon,89.595
20,KS,20013,Brown,81.23
20,KS,20015,Butler,100.712
20,KS,20017,Chase,101.507
20,KS,20019,Chautauqua,91.185
20,KS,20021,Cherokee,82.836
20,KS,20023,Cheyenne,409.707
20,KS,20025,Clark,83.732
20,KS,20027,Clay,106.455
20,KS,20029,Cloud,108.452
20,KS,20031,Coffey,85.777
20,KS,20033,Comanche,107.991
20,KS,20035,Cowley,106.465
20,KS,20037,Crawford,86.106
20,KS,20039,Decatur,115.879
20,KS,20041,Dickinson,223.372
20,KS,20043,Doniphan,79.251
20,KS,20045,Douglas,84.689
20,KS,20047,Edwards,106.951
20,KS,20049,Elk,83.573
20,KS,20051,Ellis,101.608
20,KS,20053,Ellsworth,103.382
20,KS,20055,Finney,119.64
20,KS,20057,Ford,93.674
20,KS,20059,Franklin,88.912
20,KS,20061,Geary,93.742
20,KS,20063,Gove,124.191
20,KS,20065,Graham,222.919
20,KS,20067,Grant,176.572
20,KS,20069,Gray,122.492
20,KS,20071,Greeley,228.35
20,KS,20073,Greenwood,98.355
20,KS,20075,Hamilton,150.404
20,KS,20077,Harper,372.351
20,KS,20079,Harvey,108.383
20,KS,20081,Haskell,120.927
20,KS,20083,Hodgeman,125.659
20,KS,20085,Jackson,86.671
20,KS,20087,Jefferson,83.565
20,KS,20089,Jewell,95.083
20,KS,20091,Johnson,93.254
20,KS,20093,Kearny,109.878
20,KS,20095,Kingman,117.858
20,KS,20097,Kiowa,120.043
20,KS,20099,Labette,92.036
20,KS,20101,Lane,260.552
20,KS,20103,Leavenworth,89.874
20,KS,20105,Lincoln,126.096
20,KS,20107,Linn,85.916
20,KS,20109,Logan,121.376
20,KS,20111,Lyon,100.295
20,KS,20113,McPherson,114.195
20,KS,20115,Marion,120.37
20,KS,20117,Marshall,90.025
20,KS,20119,Meade,114.565
20,KS,20121,Miami,87.092
20,KS,20123,Mitchell,127.034
20,KS,20125,Montgomery,87.004
20,KS,20127,Morris,105.05
20,KS,20129,Morton,478.388
20,KS,20131,Nemaha,91.688
20,KS,20133,Neosho,87.278
20,KS,20135,Ness,118.815
20,KS,20137,Norton,119.013
20,KS,20139,Osage,85.9
20,KS,20141,Osborne,119.478
20,KS,20143,Ottawa,119.105
20,KS,20145,Pawnee,119.585
20,KS,20147,Phillips,118.527
20,KS,20149,Pottawatomie,97.266
20,KS,20151,Pratt,101.788
20,KS,20153,Rawlins,124.412
20,KS,20155,Reno,118.972
20,KS,20157,Republic,87.293
20,KS,20159,Rice,99.735
20,KS,20161,Riley,108.337
20,KS,20163,Rooks,107.525
20,KS,20165,Rush,114.402
20,KS,20167,Russell,89.443
20,KS,20169,Saline,128.23
20,KS,20171,Scott,114.102
20,KS,20173,Sedgwick,111.4
20,KS,20175,Seward,201.097
20,KS,20177,Shawnee,83.769
20,KS,20179,Sheridan,147.057
20,KS,20181,Sherman,463.837
20,KS,20183,Smith,105.667
20,KS,20185,Stafford,102.166
20,KS,20187,Stanton,113.132
20,KS,20189,Stevens,105.287
20,KS,20191,Sumner,106.01
20,KS,20193,Thomas,228.453
20,KS,20195,Trego,187.39
20,KS,20197,Wabaunsee,93.904
20,KS,20199,Wallace,110.415
20,KS,20201,Washington,103.282
20,KS,20203,Wichita,110.392
20,KS,20205,Wilson,91.611
20,KS,20207,Woodson,84.418
20,KS,20209,Wyandotte,95.488
21,KY,21001,Adair,201.237
21,KY,21003,Allen,92.292
21,KY,21005,Anderson,0
21,KY,21007,Ballard,80.063
21,KY,21009,Barren,125.447
21,KY,21011,Bath,106.026
21,KY,21013,Bell,0
21,KY,21015,Boone,96.146
21,KY,21017,Bourbon,104.935
21,KY,21019,Boyd,0
21,KY,21021,Boyle,160.521
21,KY,21023,Bracken,152.582
21,KY,21025,Breathitt,0
21,KY,21027,Breckinridge,85.698
21,KY,21029,Bullitt,102.283
21,KY,21031,Butler,80.424
21,KY,21033,Caldwell,82.494
21,KY,21035,Calloway,83.424
21,KY,21037,Campbell,128.007
21,KY,21039,Carlisle,79.342
21,KY,21041,Carroll,101.467
21,KY,21043,Carter,109.342
21,KY,21045,Casey,106.966
21,KY,21047,Christian,80.221
21,KY,21049,Clark,101.082
21,KY,21051,Clay,0
21,KY,21053,Clinton,135.063
21,KY,21055,Crittenden,83.045
21,KY,21057,Cumberland,97.421
21,KY,21059,Daviess,79.072
21,KY,21061,Edmonson,103.767
21,KY,21063,Elliott,0
21,KY,21065,Estill,98.692
21,KY,21067,Fayette,96.896
21,KY,21069,Fleming,163.948
21,KY,21071,Floyd,0
21,KY,21073,Franklin,106.145
21,KY,21075,Fulton,79.526
21,KY,21077,Gallatin,99.824
21,KY,21079,Garrard,166.633
21,KY,21081,Grant,0
21,KY,21083,Graves,80.272
21,KY,21085,Grayson,100.196
21,KY,21087,Green,112.714
21,KY,21089,Greenup,99.711
21,KY,21091,Hancock,81.912
21,KY,21093,Hardin,86.962
21,KY,21095,Harlan,0
21,KY,21097,Harrison,106.247
21,KY,21099,Hart,136.019
21,KY,21101,Henderson,79.958
21,KY,21103,Henry,124.703
21,KY,21105,Hickman,78.808
21,KY,21107,Hopkins,80.071
21,KY,21109,Jackson,0
21,KY,21111,Jefferson,90.567
21,KY,21113,Jessamine,105.374
21,KY,21115,Johnson,0
21,KY,21117,Kenton,0
21,KY,21119,Knott,0
21,KY,21121,Knox,99.517
21,KY,21123,Larue,87.349
21,KY,21125,Laurel,159.155
21,KY,21127,Lawrence,0
21,KY,21129,Lee,0
21,KY,21131,Leslie,0
21,KY,21133,Letcher,0
21,KY,21135,Lewis,107.248
21,KY,21137,Lincoln,117.43
21,KY,21139,Livingston,85.454
21,KY,21141,Logan,81.532
21,KY,21143,Lyon,82.715
21,KY,21145,McCracken,82.053
21,KY,21147,McCreary,0
21,KY,21149,McLean,78.305
21,KY,21151,Madison,133.672
21,KY,21153,Magoffin,0
21,KY,21155,Marion,112.625
21,KY,21157,Marshall,85.777
21,KY,21159,Martin,0
21,KY,21161,Mason,145.822
21,KY,21163,Meade,84.482
21,KY,21165,Menifee,90.225
21,KY,21167,Mercer,172.438
21,KY,21169,Metcalfe,170.856
21,KY,21171,Monroe,340.901
21,KY,21173,Montgomery,132.582
21,KY,21175,Morgan,0
21,KY,21177,Muhlenberg,82.288
21,KY,21179,Nelson,104.827
21,KY,21181,Nicholas,125.069
21,KY,21183,Ohio,79.434
21,KY,21185,Oldham,92.101
21,KY,21187,Owen,133.463
21,KY,21189,Owsley,0
21,KY,21191,Pendleton,104.523
21,KY,21193,Perry,0
21,KY,21195,Pike,0
21,KY,21197,Powell,0
21,KY,21199,Pulaski,116.815
21,KY,21201,Robertson,0
21,KY,21203,Rockcastle,134.564
21,KY,21205,Rowan,95.399
21,KY,21207,Russell,128.637
21,KY,21209,Scott,103.516
21,KY,21211,Shelby,105.553
21,KY,21213,Simpson,81.134
21,KY,21215,Spencer,102.586
21,KY,21217,Taylor,100.199
21,KY,21219,Todd,81.658
21,KY,21221,Trigg,80.037
21,KY,21223,Trimble,96.506
21,KY,21225,Union,78.787
21,KY,21227,Warren,86.309
21,KY,21229,Washington,130.575
21,KY,21231,Wayne,88.52
21,KY,21233,Webster,79.336
21,KY,21235,Whitley,104.454
21,KY,21237,Wolfe,98.917
21,KY,21239,Woodford,103.991
22,LA,22001,Acadia,0
22,LA,22003,Allen,0
22,LA,22005,Ascension,0
22,LA,22007,Assumption,0
22,LA,22009,Avoyelles,99.789
22,LA,22011,Beauregard,98.832
22,LA,22013,Bienville,0
22,LA,22015,Bossier,99.424
22,LA,22017,Caddo,97.642
22,LA,22019,Calcasieu,0
22,LA,22021,Caldwell,98.82
22,LA,22023,Cameron,0
22,LA,22025,Catahoula,103.115
22,LA,22027,Claiborne,0
22,LA,22029,Concordia,102.434
22,LA,22031,De Soto,0
22,LA,22033,East Baton Rouge,0
22,LA,22035,East Carroll,100.561
22,LA,22037,East Feliciana,99.937
22,LA,22039,Evangeline,101.891
22,LA,22041,Franklin,99.235
22,LA,22043,Grant,103.421
22,LA,22045,Iberia,0
22,LA,22047,Iberville,0
22,LA,22049,Jackson,0
22,LA,22051,Jefferson,0
22,LA,22053,Jefferson Davis,0
22,LA,22055,Lafayette,0
22,LA,22057,Lafourche,0
22,LA,22059,La Salle,0
22,LA,22061,Lincoln,0
22,LA,22063,Livingston,0
22,LA,22065,Madison,99.235
22,LA,22067,Morehouse,100.595
22,LA,22069,Natchitoches,97.69
22,LA,22071,Orleans,0
22,LA,22073,Ouachita,99.745
22,LA,22075,Plaquemines,0
22,LA,22077,Pointe Coupee,99.12
22,LA,22079,Rapides,99.944
22,LA,22081,Red River,97.88
22,LA,22083,Richland,99.741
22,LA,22085,Sabine,0
22,LA,22087,St. Bernard,0
22,LA,22089,St. Charles,0
22,LA,22091,St. Helena,0
22,LA,22093,St. James,0
22,LA,22095,St. John the Baptist,0
22,LA,22097,St. Landry,98.867
22,LA,22099,St. Martin,0
22,LA,22101,St. Mary,0
22,LA,22103,St. Tammany,0
22,LA,22105,Tangipahoa,105.813
22,LA,22107,Tensas,99.451
22,LA,22109,Terrebonne,0
22,LA,22111,Union,0
22,LA,22113,Vermilion,0
22,LA,22115,Vernon,0
22,LA,22117,Washington,106.198
22,LA,22119,Webster,0
22,LA,22121,West Baton Rouge,0
22,LA,22123,West Carroll,99.124
22,LA,22125,West Feliciana,0
22,LA,22127,Winn,0
23,ME,23001,Androscoggin,0
23,ME,23003,Aroostook,0
23,ME,23005,Cumberland,0
23,ME,23007,Franklin,0
23,ME,23009,Hancock,0
23,ME,23011,Kennebec,0
23,ME,23013,Knox,0
23,ME,23015,Lincoln,0
23,ME,23017,Oxford,0
23,ME,23019,Penobscot,0
23,ME,23021,Piscataquis,0
23,ME,23023,Sagadahoc,0
23,ME,23025,Somerset,0
23,ME,23027,Waldo,0
23,ME,23029,Washington,0
23,ME,23031,York,0
24,MD,24001,Allegany,470.93
24,MD,24003,Anne Arundel,116.916
24,MD,24005,Baltimore,120.685
24,MD,24009,Calvert,123.99
24,MD,24011,Caroline,115.698
24,MD,24013,Carroll,144.919
24,MD,24015,Cecil,116.763
24,MD,24017,Charles,123.322
24,MD,24019,Dorchester,102.641
24,MD,24021,Frederick,504.939
24,MD,24023,Garrett,449.911
24,MD,24025,Harford,124.7
24,MD,24027,Howard,126.702
24,MD,24029,Kent,115.144
24,MD,24031,Montgomery,132.725
24,MD,24033,Prince George's,124.412
24,MD,24035,Queen Anne's,106.513
24,MD,24037,St. Mary's,131.034
24,MD,24039,Somerset,105.73
24,MD,24041,Talbot,111.38
24,MD,24043,Washington,509.937
24,MD,24045,Wicomico,110.462
24,MD,24047,Worcester,108.548
24,MD,24510,Baltimore,0
25,MA,25001,Barnstable,0
25,MA,25003,Berkshire,0
25,MA,25005,Bristol,0
25,MA,25007,Dukes,0
25,MA,25009,Essex,0
25,MA,25011,Franklin,0
25,MA,25013,Hampden,0
25,MA,25015,Hampshire,0
25,MA,25017,Middlesex,0
25,MA,25019,Nantucket,0
25,MA,25021,Norfolk,0
25,MA,25023,Plymouth,0
25,MA,25025,Suffolk,0
25,MA,25027,Worcester,0
26,MI,26001,Alcona,147.811
26,MI,26003,Alger,0
26,MI,26005,Allegan,136.229
26,MI,26007,Alpena,171.67
26,MI,26009,Antrim,191.874
26,MI,26011,Arenac,136.321
26,MI,26013,Baraga,0
26,MI,26015,Barry,146.138
26,MI,26017,Bay,121.609
26,MI,26019,Benzie,187.294
26,MI,26021,Berrien,119.703
26,MI,26023,Branch,120.215
26,MI,26025,Calhoun,125.486
26,MI,26027,Cass,118.178
26,MI,26029,Charlevoix,184.338
26,MI,26031,Cheboygan,0
26,MI,26033,Chippewa,0
26,MI,26035,Clare,217.435
26,MI,26037,Clinton,145.891
26,MI,26039,Crawford,0
26,MI,26041,Delta,426.089
26,MI,26043,Dickinson,0
26,MI,26045,Eaton,118.876
26,MI,26047,Emmet,454.837
26,MI,26049,Genesee,129.106
26,MI,26051,Gladwin,136.602
26,MI,26053,Gogebic,0
26,MI,26055,Grand Traverse,174.884
26,MI,26057,Gratiot,129.612
26,MI,26059,Hillsdale,125.789
26,MI,26061,Houghton,0
26,MI,26063,Huron,138.318
26,MI,26065,Ingham,124.561
26,MI,26067,Ionia,131.508
26,MI,26069,Iosco,190.344
26,MI,26071,Iron,0
26,MI,26073,Isabella,145.071
26,MI,26075,Jackson,129.145
26,MI,26077,Kalamazoo,124.439
26,MI,26079,Kalkaska,0
26,MI,26081,Kent,143.749
26,MI,26083,Keweenaw,0
26,MI,26085,Lake,0
26,MI,26087,Lapeer,133.488
26,MI,26089,Leelanau,229.542
26,MI,26091,Lenawee,122.503
26,MI,26093,Livingston,129.262
26,MI,26095,Luce,0
26,MI,26097,Mackinac,0
26,MI,26099,Macomb,131.333
26,MI,26101,Manistee,211.974
26,MI,26103,Marquette,0
26,MI,26105,Mason,163.31
26,MI,26107,Mecosta,159.117
26,MI,26109,Menominee,799.313
26,MI,26111,Midland,122.42
26,MI,26113,Missaukee,542.817
26,MI,26115,Monroe,113.335
26,MI,26117,Montcalm,138.323
26,MI,26119,Montmorency,157.032
26,MI,26121,Muskegon,180.201
26,MI,26123,Newaygo,182.879
26,MI,26125,Oakland,138.566
26,MI,26127,Oceana,165.416
26,MI,26129,Ogemaw,196.376
26,MI,26131,Ontonagon,0
26,MI,26133,Osceola,265.318
26,MI,26135,Oscoda,0
26,MI,26137,Otsego,463.167
26,MI,26139,Ottawa,153.552
26,MI,26141,Presque Isle,161.215
26,MI,26143,Roscommon,0
26,MI,26145,Saginaw,121.256
26,MI,26147,St. Clair,127.891
26,MI,26149,St. Joseph,116.523
26,MI,26151,Sanilac,137.978
26,MI,26153,Schoolcraft,0
26,MI,26155,Shiawassee,128.151
26,MI,26157,Tuscola,120.994
26,MI,26159,Van Buren,126.806
26,MI,26161,Washtenaw,126.219
26,MI,26163,Wayne,122.153
26,MI,26165,Wexford,156.604
27,MN,27001,Aitkin,345.391
27,MN,27003,Anoka,138.833
27,MN,27005,Becker,191.748
27,MN,27007,Beltrami,817.042
27,MN,27009,Benton,147.825
27,MN,27011,Big Stone,128.029
27,MN,27013,Blue Earth,107.163
27,MN,27015,Brown,106.641
27,MN,27017,Carlton,1973.917
27,MN,27019,Carver,116.111
27,MN,27021,Cass,280.216
27,MN,27023,Chippewa,123.684
27,MN,27025,Chisago,136.895
27,MN,27027,Clay,124.986
27,MN,27029,Clearwater,273.177
27,MN,27031,Cook,0
27,MN,27033,Cottonwood,110.7
27,MN,27035,Crow Wing,211.469
27,MN,27037,Dakota,116.672
27,MN,27039,Dodge,106.881
27,MN,27041,Douglas,136.458
27,MN,27043,Faribault,115.68
27,MN,27045,Fillmore,109.643
27,MN,27047,Freeborn,116.219
27,MN,27049,Goodhue,110.819
27,MN,27051,Grant,133.099
27,MN,27053,Hennepin,120.154
27,MN,27055,Houston,117.006
27,MN,27057,Hubbard,135.596
27,MN,27059,Isanti,139.186
27,MN,27061,Itasca,0
27,MN,27063,Jackson,104.642
27,MN,27065,Kanabec,178.473
27,MN,27067,Kandiyohi,118.175
27,MN,27069,Kittson,200.831
27,MN,27071,Koochiching,0
27,MN,27073,Lac qui Parle,120.895
27,MN,27075,Lake,0
27,MN,27077,Lake of the Woods,0
27,MN,27079,Le Sueur,106.891
27,MN,27081,Lincoln,112.365
27,MN,27083,Lyon,107.284
27,MN,27085,McLeod,117.814
27,MN,27087,Mahnomen,151.305
27,MN,27089,Marshall,174.719
27,MN,27091,Martin,127.622
27,MN,27093,Meeker,116.234
27,MN,27095,Mille Lacs,160.19
27,MN,27097,Morrison,178.423
27,MN,27099,Mower,104.786
27,MN,27101,Murray,107.634
27,MN,27103,Nicollet,109.814
27,MN,27105,Nobles,106.737
27,MN,27107,Norman,130.715
27,MN,27109,Olmsted,108.024
27,MN,27111,Otter Tail,140.004
27,MN,27113,Pennington,167.43
27,MN,27115,Pine,200.442
27,MN,27117,Pipestone,113.57
27,MN,27119,Polk,137.028
27,MN,27121,Pope,117.657
27,MN,27123,Ramsey,0
27,MN,27125,Red Lake,180.658
27,MN,27127,Redwood,116.31
27,MN,27129,Renville,122.725
27,MN,27131,Rice,110.569
27,MN,27133,Rock,107.432
27,MN,27135,Roseau,296.072
27,MN,27137,St. Louis,0
27,MN,27139,Scott,116.701
27,MN,27141,Sherburne,118.961
27,MN,27143,Sibley,106.568
27,MN,27145,Stearns,146.942
27,MN,27147,Steele,113.978
27,MN,27149,Stevens,137.073
27,MN,27151,Swift,139.244
27,MN,27153,Todd,169.373
27,MN,27155,Traverse,140.832
27,MN,27157,Wabasha,114.345
27,MN,27159,Wadena,169.397
27,MN,27161,Waseca,102.949
27,MN,27163,Washington,115.802
27,MN,27165,Watonwan,119.352
27,MN,27167,Wilkin,127.836
27,MN,27169,Winona,119.994
27,MN,27171,Wright,126.268
27,MN,27173,Yellow Medicine,117.915
28,MS,28001,Adams,0
28,MS,28003,Alcorn,135.774
28,MS,28005,Amite,0
28,MS,28007,Attala,153.742
28,MS,28009,Benton,142.263
28,MS,28011,Bolivar,104.896
28,MS,28013,Calhoun,145.501
28,MS,28015,Carroll,123.588
28,MS,28017,Chickasaw,143.342
28,MS,28019,Choctaw,0
28,MS,28021,Claiborne,123.275
28,MS,28023,Clarke,0
28,MS,28025,Clay,159.447
28,MS,28027,Coahoma,110.614
28,MS,28029,Copiah,0
28,MS,28031,Covington,140.438
28,MS,28033,DeSoto,120.863
28,MS,28035,Forrest,0
28,MS,28037,Franklin,0
28,MS,28039,George,284.959
28,MS,28041,Greene,0
28,MS,28043,Grenada,117.997
28,MS,28045,Hancock,0
28,MS,28047,Harrison,0
28,MS,28049,Hinds,189.869
28,MS,28051,Holmes,114.059
28,MS,28053,Humphreys,109.947
28,MS,28055,Issaquena,108.091
28,MS,28057,Itawamba,149.646
28,MS,28059,Jackson,0
28,MS,28061,Jasper,0
28,MS,28063,Jefferson,116.649
28,MS,28065,Jefferson Davis,0
28,MS,28067,Jones,0
28,MS,28069,Kemper,0
28,MS,28071,Lafayette,143.669
28,MS,28073,Lamar,0
28,MS,28075,Lauderdale,0
28,MS,28077,Lawrence,159.26
28,MS,28079,Leake,0
28,MS,28081,Lee,162.728
28,MS,28083,Leflore,104.363
28,MS,28085,Lincoln,0
28,MS,28087,Lowndes,148.997
28,MS,28089,Madison,128.49
28,MS,28091,Marion,0
28,MS,28093,Marshall,142.722
28,MS,28095,Monroe,151.078
28,MS,28097,Montgomery,131.365
28,MS,28099,Neshoba,0
28,MS,28101,Newton,307.058
28,MS,28103,Noxubee,130.896
28,MS,28105,Oktibbeha,0
28,MS,28107,Panola,129.637
28,MS,28109,Pearl River,0
28,MS,28111,Perry,0
28,MS,28113,Pike,0
28,MS,28115,Pontotoc,137.982
28,MS,28117,Prentiss,167.81
28,MS,28119,Quitman,115.662
28,MS,28121,Rankin,135.318
28,MS,28123,Scott,150.291
28,MS,28125,Sharkey,107.925
28,MS,28127,Simpson,138.472
28,MS,28129,Smith,0
28,MS,28131,Stone,0
28,MS,28133,Sunflower,112.19
28,MS,28135,Tallahatchie,107.091
28,MS,28137,Tate,137.977
28,MS,28139,Tippah,152.345
28,MS,28141,Tishomingo,171.756
28,MS,28143,Tunica,115.045
28,MS,28145,Union,140.543
28,MS,28147,Walthall,0
28,MS,28149,Warren,120.845
28,MS,28151,Washington,104.664
28,MS,28153,Wayne,0
28,MS,28155,Webster,134.161
28,MS,28157,Wilkinson,0
28,MS,28159,Winston,0
28,MS,28161,Yalobusha,135.164
28,MS,28163,Yazoo,112.322
29,MO,29001,Adair,97.051
29,MO,29003,Andrew,93.89
29,MO,29005,Atchison,90.383
29,MO,29007,Audrain,103.31
29,MO,29009,Barry,147.671
29,MO,29011,Barton,133.665
29,MO,29013,Bates,101.072
29,MO,29015,Benton,117.496
29,MO,29017,Bollinger,104.889
29,MO,29019,Boone,100.338
29,MO,29021,Buchanan,93.103
29,MO,29023,Butler,90.747
29,MO,29025,Caldwell,104.619
29,MO,29027,Callaway,103.162
29,MO,29029,Camden,0
29,MO,29031,Cape Girardeau,93.477
29,MO,29033,Carroll,96.949
29,MO,29035,Carter,0
29,MO,29037,Cass,101.057
29,MO,29039,Cedar,110.472
29,MO,29041,Chariton,94.359
29,MO,29043,Christian,0
29,MO,29045,Clark,93.668
29,MO,29047,Clay,96.708
29,MO,29049,Clinton,97.813
29,MO,29051,Cole,113.081
29,MO,29053,Cooper,101.43
29,MO,29055,Crawford,0
29,MO,29057,Dade,106.707
29,MO,29059,Dallas,0
29,MO,29061,Daviess,102.33
29,MO,29063,DeKalb,100.275
29,MO,29065,Dent,0
29,MO,29067,Douglas,0
29,MO,29069,Dunklin,169.473
29,MO,29071,Franklin,103.615
29,MO,29073,Gasconade,116.347
29,MO,29075,Gentry,97.037
29,MO,29077,Greene,239.082
29,MO,29079,Grundy,100.696
29,MO,29081,Harrison,96.344
29,MO,29083,Henry,114.181
29,MO,29085,Hickory,173.536
29,MO,29087,Holt,89.522
29,MO,29089,Howard,96.582
29,MO,29091,Howell,0
29,MO,29093,Iron,0
29,MO,29095,Jackson,97.279
29,MO,29097,Jasper,103.024
29,MO,29099,Jefferson,115.682
29,MO,29101,Johnson,105.678
29,MO,29103,Knox,100.603
29,MO,29105,Laclede,240.039
29,MO,29107,Lafayette,93.101
29,MO,29109,Lawrence,129.873
29,MO,29111,Lewis,97.205
29,MO,29113,Lincoln,100.113
29,MO,29115,Linn,102.779
29,MO,29117,Livingston,101.755
29,MO,29119,McDonald,0
29,MO,29121,Macon,94.95
29,MO,29123,Madison,0
29,MO,29125,Maries,134.373
29,MO,29127,Marion,94.416
29,MO,29129,Mercer,97.45
29,MO,29131,Miller,140.875
29,MO,29133,Mississippi,124.302
29,MO,29135,Moniteau,111.461
29,MO,29137,Monroe,102.947
29,MO,29139,Montgomery,101.157
29,MO,29141,Morgan,134.725
29,MO,29143,New Madrid,136.97
29,MO,29145,Newton,156.579
29,MO,29147,Nodaway,93.254
29,MO,29149,Oregon,0
29,MO,29151,Osage,111.429
29,MO,29153,Ozark,0
29,MO,29155,Pemiscot,95.699
29,MO,29157,Perry,98.063
29,MO,29159,Pettis,109.08
29,MO,29161,Phelps,0
29,MO,29163,Pike,99.86
29,MO,29165,Platte,94.014
29,MO,29167,Polk,186.864
29,MO,29169,Pulaski,0
29,MO,29171,Putnam,98.445
29,MO,29173,Ralls,98.42
29,MO,29175,Randolph,101.673
29,MO,29177,Ray,95.111
29,MO,29179,Reynolds,0
29,MO,29181,Ripley,98.457
29,MO,29183,St. Charles,96.389
29,MO,29185,St. Clair,113.145
29,MO,29186,Ste. Genevieve,99.2
29,MO,29187,St. Francois,112.473
29,MO,29189,St. Louis,102.174
29,MO,29195,Saline,90.705
29,MO,29197,Schuyler,102.752
29,MO,29199,Scotland,97.989
29,MO,29201,Scott,132.597
29,MO,29203,Shannon,0
29,MO,29205,Shelby,97.745
29,MO,29207,Stoddard,122.759
29,MO,29209,Stone,0
29,MO,29211,Sullivan,103.439
29,MO,29213,Taney,0
29,MO,29215,Texas,0
29,MO,29217,Vernon,119.494
29,MO,29219,Warren,100.995
29,MO,29221,Washington,0
29,MO,29223,Wayne,125.9
29,MO,29225,Webster,1045.553
29,MO,29227,Worth,95.97
29,MO,29229,Wright,0
29,MO,29510,St. Louis,0
30,MT,30001,Beaverhead,0
30,MT,30003,Big Horn,0
30,MT,30005,Blaine,0
30,MT,30007,Broadwater,0
30,MT,30009,Carbon,0
30,MT,30011,Carter,0
30,MT,30013,Cascade,0
30,MT,30015,Chouteau,0
30,MT,30017,Custer,0
30,MT,30019,Daniels,0
30,MT,30021,Dawson,0
30,MT,30023,Deer Lodge,0
30,MT,30025,Fallon,0
30,MT,30027,Fergus,0
30,MT,30029,Flathead,0
30,MT,30031,Gallatin,0
30,MT,30033,Garfield,0
30,MT,30035,Glacier,0
30,MT,30037,Golden Valley,0
30,MT,30039,Granite,0
30,MT,30041,Hill,0
30,MT,30043,Jefferson,0
30,MT,30045,Judith Basin,0
30,MT,30047,Lake,0
30,MT,30049,Lewis and Clark,0
30,MT,30051,Liberty,0
30,MT,30053,Lincoln,0
30,MT,30055,McCone,0
30,MT,30057,Madison,0
30,MT,30059,Meagher,0
30,MT,30061,Mineral,0
30,MT,30063,Missoula,0
30,MT,30065,Musselshell,0
30,MT,30067,Park,0
30,MT,30069,Petroleum,0
30,MT,30071,Phillips,0
30,MT,30073,Pondera,0
30,MT,30075,Powder River,0
30,MT,30077,Powell,0
30,MT,30079,Prairie,0
30,MT,30081,Ravalli,0
30,MT,30083,Richland,0
30,MT,30085,Roosevelt,0
30,MT,30087,Rosebud,0
30,MT,30089,Sanders,0
30,MT,30091,Sheridan,0
30,MT,30093,Silver Bow,0
30,MT,30095,Stillwater,0
30,MT,30097,Sweet Grass,0
30,MT,30099,Teton,0
30,MT,30101,Toole,0
30,MT,30103,Treasure,0
30,MT,30105,Valley,0
30,MT,30107,Wheatland,0
30,MT,30109,Wibaux,0
30,MT,30111,Yellowstone,0
31,NE,31001,Adams,127.479
31,NE,31003,Antelope,130.509
31,NE,31005,Arthur,0
31,NE,31007,Banner,179.508
31,NE,31009,Blaine,172.076
31,NE,31011,Boone,118.265
31,NE,31013,Box Butte,366.85
31,NE,31015,Boyd,296.355
31,NE,31017,Brown,124.907
31,NE,31019,Buffalo,154.014
31,NE,31021,Burt,104.402
31,NE,31023,Butler,114.17
31,NE,31025,Cass,106.519
31,NE,31027,Cedar,116.616
31,NE,31029,Chase,179.151
31,NE,31031,Cherry,840.283
31,NE,31033,Cheyenne,284.708
31,NE,31035,Clay,126.646
31,NE,31037,Colfax,110.652
31,NE,31039,Cuming,105.995
31,NE,31041,Custer,170.191
31,NE,31043,Dakota,103.184
31,NE,31045,Dawes,1815.292
31,NE,31047,Dawson,160.675
31,NE,31049,Deuel,193.708
31,NE,31051,Dixon,108.169
31,NE,31053,Dodge,106.642
31,NE,31055,Douglas,106.677
31,NE,31057,Dundy,230.217
31,NE,31059,Fillmore,121.124
31,NE,31061,Franklin,133.013
31,NE,31063,Frontier,155.457
31,NE,31065,Furnas,157.425
31,NE,31067,Gage,116.828
31,NE,31069,Garden,174.333
31,NE,31071,Garfield,195.543
31,NE,31073,Gosper,148.544
31,NE,31075,Grant,0
31,NE,31077,Greeley,153.336
31,NE,31079,Hall,139.858
31,NE,31081,Hamilton,122.141
31,NE,31083,Harlan,140.085
31,NE,31085,Hayes,181.383
31,NE,31087,Hitchcock,181.05
31,NE,31089,Holt,178.694
31,NE,31091,Hooker,0
31,NE,31093,Howard,162.49
31,NE,31095,Jefferson,119.589
31,NE,31097,Johnson,116.892
31,NE,31099,Kearney,126.327
31,NE,31101,Keith,160.682
31,NE,31103,Keya Paha,637.531
31,NE,31105,Kimball,314.067
31,NE,31107,Knox,127.746
31,NE,31109,Lancaster,110.745
31,NE,31111,Lincoln,163.767
31,NE,31113,Logan,166.928
31,NE,31115,Loup,255.139
31,NE,31117,McPherson,352.573
31,NE,31119,Madison,113.458
31,NE,31121,Merrick,140.495
31,NE,31123,Morrill,436.327
31,NE,31125,Nance,134.362
31,NE,31127,Nemaha,109.971
31,NE,31129,Nuckolls,124.115
31,NE,31131,Otoe,111.251
31,NE,31133,Pawnee,117.482
31,NE,31135,Perkins,167.285
31,NE,31137,Phelps,147.58
31,NE,31139,Pierce,117.298
31,NE,31141,Platte,112.286
31,NE,31143,Polk,119.214
31,NE,31145,Red Willow,155.238
31,NE,31147,Richardson,107.538
31,NE,31149,Rock,143.584
31,NE,31151,Saline,119.531
31,NE,31153,Sarpy,106.857
31,NE,31155,Saunders,108.569
31,NE,31157,Scotts Bluff,357.463
31,NE,31159,Seward,115.917
31,NE,31161,Sheridan,607.623
31,NE,31163,Sherman,162.946
31,NE,31165,Sioux,131.358
31,NE,31167,Stanton,110
31,NE,31169,Thayer,122.62
31,NE,31171,Thomas,108.799
31,NE,31173,Thurston,104.058
31,NE,31175,Valley,176.694
31,NE,31177,Washington,105.632
31,NE,31179,Wayne,109.172
31,NE,31181,Webster,133.501
31,NE,31183,Wheeler,170.944
31,NE,31185,York,121.308
32,NV,32001,Churchill,0
32,NV,32003,Clark,0
32,NV,32005,Douglas,0
32,NV,32007,Elko,0
32,NV,32009,Esmeralda,0
32,NV,32011,Eureka,0
32,NV,32013,Humboldt,0
32,NV,32015,Lander,0
32,NV,32017,Lincoln,0
32,NV,32019,Lyon,0
32,NV,32021,Mineral,0
32,NV,32023,Nye,0
32,NV,32027,Pershing,0
32,NV,32029,Storey,0
32,NV,32031,Washoe,0
32,NV,32033,White Pine,0
32,NV,32510,Carson City,0
33,NH,33001,Belknap,0
33,NH,33003,Carroll,0
33,NH,33005,Cheshire,0
33,NH,33007,Coos,0
33,NH,33009,Grafton,0
33,NH,33011,Hillsborough,0
33,NH,33013,Merrimack,0
33,NH,33015,Rockingham,0
33,NH,33017,Strafford,0
33,NH,33019,Sullivan,0
34,NJ,34001,Atlantic,0
34,NJ,34003,Bergen,0
34,NJ,34005,Burlington,164.778
34,NJ,34007,Camden,0
34,NJ,34009,Cape May,0
34,NJ,34011,Cumberland,169.863
34,NJ,34013,Essex,0
34,NJ,34015,Gloucester,185.839
34,NJ,34017,Hudson,0
34,NJ,34019,Hunterdon,159.88
34,NJ,34021,Mercer,159.901
34,NJ,34023,Middlesex,151.914
34,NJ,34025,Monmouth,167.254
34,NJ,34027,Morris,174.509
34,NJ,34029,Ocean,192.378
34,NJ,34031,Passaic,0
34,NJ,34033,Salem,163.159
34,NJ,34035,Somerset,203.113
34,NJ,34037,Sussex,227.824
34,NJ,34039,Union,0
34,NJ,34041,Warren,167.359
35,NM,35001,Bernalillo,0
35,NM,35003,Catron,0
35,NM,35005,Chaves,0
35,NM,35006,Cibola,0
35,NM,35007,Colfax,0
35,NM,35009,Curry,0
35,NM,35011,De Baca,0
35,NM,35013,Do√±a Ana,0
35,NM,35015,Eddy,0
35,NM,35017,Grant,0
35,NM,35019,Guadalupe,0
35,NM,35021,Harding,0
35,NM,35023,Hidalgo,0
35,NM,35025,Lea,0
35,NM,35027,Lincoln,0
35,NM,35028,Los Alamos,0
35,NM,35029,Luna,0
35,NM,35031,McKinley,0
35,NM,35033,Mora,0
35,NM,35035,Otero,0
35,NM,35037,Quay,0
35,NM,35039,Rio Arriba,0
35,NM,35041,Roosevelt,0
35,NM,35043,Sandoval,0
35,NM,35045,San Juan,0
35,NM,35047,San Miguel,0
35,NM,35049,Santa Fe,0
35,NM,35051,Sierra,0
35,NM,35053,Socorro,0
35,NM,35055,Taos,0
35,NM,35057,Torrance,0
35,NM,35059,Union,0
35,NM,35061,Valencia,0
36,NY,36001,Albany,1548.93
36,NY,36003,Allegany,1637.007
36,NY,36005,Bronx,0
36,NY,36007,Broome,1883.23
36,NY,36009,Cattaraugus,1221.94
36,NY,36011,Cayuga,199.13
36,NY,36013,Chautauqua,945.476
36,NY,36015,Chemung,402.968
36,NY,36017,Chenango,1220.309
36,NY,36019,Clinton,934.284
36,NY,36021,Columbia,410.991
36,NY,36023,Cortland,1247.968
36,NY,36025,Delaware,3612.823
36,NY,36027,Dutchess,209.444
36,NY,36029,Erie,621.051
36,NY,36031,Essex,2787.551
36,NY,36033,Franklin,2191.241
36,NY,36035,Fulton,1112.522
36,NY,36037,Genesee,283.546
36,NY,36039,Greene,889.583
36,NY,36041,Hamilton,0
36,NY,36043,Herkimer,999.308
36,NY,36045,Jefferson,962.156
36,NY,36047,Kings,0
36,NY,36049,Lewis,2124.629
36,NY,36051,Livingston,197.942
36,NY,36053,Madison,611.33
36,NY,36055,Monroe,158.621
36,NY,36057,Montgomery,667.041
36,NY,36059,Nassau,0
36,NY,36061,New York,0
36,NY,36063,Niagara,174.089
36,NY,36065,Oneida,254.659
36,NY,36067,Onondaga,201.6
36,NY,36069,Ontario,175.54
36,NY,36071,Orange,1169.363
36,NY,36073,Orleans,151.117
36,NY,36075,Oswego,446.736
36,NY,36077,Otsego,948.885
36,NY,36079,Putnam,0
36,NY,36081,Queens,0
36,NY,36083,Rensselaer,370.017
36,NY,36085,Richmond,0
36,NY,36087,Rockland,0
36,NY,36089,St. Lawrence,3307.825
36,NY,36091,Saratoga,801.834
36,NY,36093,Schenectady,873.606
36,NY,36095,Schoharie,713.739
36,NY,36097,Schuyler,679.805
36,NY,36099,Seneca,155.833
36,NY,36101,Steuben,328.391
36,NY,36103,Suffolk,165.514
36,NY,36105,Sullivan,1935.121
36,NY,36107,Tioga,1007.351
36,NY,36109,Tompkins,232.335
36,NY,36111,Ulster,202.202
36,NY,36113,Warren,0
36,NY,36115,Washington,1242.66
36,NY,36117,Wayne,158.822
36,NY,36119,Westchester,0
36,NY,36121,Wyoming,1634.158
36,NY,36123,Yates,217.44
37,NC,37001,Alamance,289.389
37,NC,37003,Alexander,1490.558
37,NC,37005,Alleghany,0
37,NC,37007,Anson,158.914
37,NC,37009,Ashe,0
37,NC,37011,Avery,0
37,NC,37013,Beaufort,140.672
37,NC,37015,Bertie,161.406
37,NC,37017,Bladen,160.109
37,NC,37019,Brunswick,168.534
37,NC,37021,Buncombe,4297.127
37,NC,37023,Burke,211.938
37,NC,37025,Cabarrus,217.368
37,NC,37027,Caldwell,242.154
37,NC,37029,Camden,133.41
37,NC,37031,Carteret,151.77
37,NC,37033,Caswell,253.133
37,NC,37035,Catawba,248.959
37,NC,37037,Chatham,633.881
37,NC,37039,Cherokee,187.227
37,NC,37041,Chowan,147.098
37,NC,37043,Clay,0
37,NC,37045,Cleveland,555.546
37,NC,37047,Columbus,161.253
37,NC,37049,Craven,149.121
37,NC,37051,Cumberland,171.785
37,NC,37053,Currituck,135.739
37,NC,37055,Dare,172.117
37,NC,37057,Davidson,222.464
37,NC,37059,Davie,202.114
37,NC,37061,Duplin,157.45
37,NC,37063,Durham,0
37,NC,37065,Edgecombe,165.847
37,NC,37067,Forsyth,189.591
37,NC,37069,Franklin,234.31
37,NC,37071,Gaston,0
37,NC,37073,Gates,156.619
37,NC,37075,Graham,0
37,NC,37077,Granville,509.62
37,NC,37079,Greene,151.679
37,NC,37081,Guilford,261.357
37,NC,37083,Halifax,192.624
37,NC,37085,Harnett,186.636
37,NC,37087,Haywood,6647.495
37,NC,37089,Henderson,728.703
37,NC,37091,Hertford,161.085
37,NC,37093,Hoke,163.424
37,NC,37095,Hyde,140.12
37,NC,37097,Iredell,1320.148
37,NC,37099,Jackson,0
37,NC,37101,Johnston,164.679
37,NC,37103,Jones,154.523
37,NC,37105,Lee,170.067
37,NC,37107,Lenoir,150.489
37,NC,37109,Lincoln,893.538
37,NC,37111,McDowell,0
37,NC,37113,Macon,0
37,NC,37115,Madison,0
37,NC,37117,Martin,161.527
37,NC,37119,Mecklenburg,688.452
37,NC,37121,Mitchell,0
37,NC,37123,Montgomery,195.536
37,NC,37125,Moore,175.729
37,NC,37127,Nash,164.478
37,NC,37129,New Hanover,146.941
37,NC,37131,Northampton,169.009
37,NC,37133,Onslow,153.644
37,NC,37135,Orange,693.465
37,NC,37137,Pamlico,143.083
37,NC,37139,Pasquotank,133.947
37,NC,37141,Pender,159.303
37,NC,37143,Perquimans,140.33
37,NC,37145,Person,210.168
37,NC,37147,Pitt,162.797
37,NC,37149,Polk,0
37,NC,37151,Randolph,304.413
37,NC,37153,Richmond,170.16
37,NC,37155,Robeson,158.271
37,NC,37157,Rockingham,308.747
37,NC,37159,Rowan,215.852
37,NC,37161,Rutherford,0
37,NC,37163,Sampson,161.262
37,NC,37165,Scotland,161.183
37,NC,37167,Stanly,169.384
37,NC,37169,Stokes,239.366
37,NC,37171,Surry,177.243
37,NC,37173,Swain,0
37,NC,37175,Transylvania,213.353
37,NC,37177,Tyrrell,138.069
37,NC,37179,Union,150.753
37,NC,37181,Vance,0
37,NC,37183,Wake,234.01
37,NC,37185,Warren,669.813
37,NC,37187,Washington,140.787
37,NC,37189,Watauga,0
37,NC,37191,Wayne,153.916
37,NC,37193,Wilkes,1278.274
37,NC,37195,Wilson,156.622
37,NC,37197,Yadkin,219.278
37,NC,37199,Yancey,0
38,ND,38001,Adams,1871.989
38,ND,38003,Barnes,166.196
38,ND,38005,Benson,282.453
38,ND,38007,Billings,709.936
38,ND,38009,Bottineau,471.81
38,ND,38011,Bowman,1236.896
38,ND,38013,Burke,442.489
38,ND,38015,Burleigh,601.134
38,ND,38017,Cass,142.191
38,ND,38019,Cavalier,273.479
38,ND,38021,Dickey,149.463
38,ND,38023,Divide,415.496
38,ND,38025,Dunn,2667.838
38,ND,38027,Eddy,251.83
38,ND,38029,Emmons,771.513
38,ND,38031,Foster,238.065
38,ND,38033,Golden Valley,495.957
38,ND,38035,Grand Forks,190.827
38,ND,38037,Grant,730.43
38,ND,38039,Griggs,244.053
38,ND,38041,Hettinger,1028.719
38,ND,38043,Kidder,1486.579
38,ND,38045,LaMoure,151.057
38,ND,38047,Logan,485.015
38,ND,38049,McHenry,485.386
38,ND,38051,McIntosh,365.671
38,ND,38053,McKenzie,782.041
38,ND,38055,McLean,444.118
38,ND,38057,Mercer,1069.9
38,ND,38059,Morton,1819.919
38,ND,38061,Mountrail,1038.126
38,ND,38063,Nelson,329.886
38,ND,38065,Oliver,1049.896
38,ND,38067,Pembina,282.133
38,ND,38069,Pierce,474.547
38,ND,38071,Ramsey,271.8
38,ND,38073,Ransom,149.379
38,ND,38075,Renville,410.021
38,ND,38077,Richland,135.966
38,ND,38079,Rolette,590.776
38,ND,38081,Sargent,143.228
38,ND,38083,Sheridan,359.946
38,ND,38085,Sioux,645.714
38,ND,38087,Slope,700.763
38,ND,38089,Stark,1888.021
38,ND,38091,Steele,165.984
38,ND,38093,Stutsman,215.19
38,ND,38095,Towner,284.978
38,ND,38097,Traill,140.754
38,ND,38099,Walsh,220.034
38,ND,38101,Ward,384.209
38,ND,38103,Wells,249.316
38,ND,38105,Williams,1047.654
39,OH,39001,Adams,107.505
39,OH,39003,Allen,91.325
39,OH,39005,Ashland,103.853
39,OH,39007,Ashtabula,120.891
39,OH,39009,Athens,143.179
39,OH,39011,Auglaize,96.329
39,OH,39013,Belmont,141.553
39,OH,39015,Brown,97.747
39,OH,39017,Butler,96.08
39,OH,39019,Carroll,129.379
39,OH,39021,Champaign,91.743
39,OH,39023,Clark,89.713
39,OH,39025,Clermont,113.196
39,OH,39027,Clinton,99.874
39,OH,39029,Columbiana,120.127
39,OH,39031,Coshocton,99.595
39,OH,39033,Crawford,92.488
39,OH,39035,Cuyahoga,0
39,OH,39037,Darke,93.692
39,OH,39039,Defiance,94.426
39,OH,39041,Delaware,92.913
39,OH,39043,Erie,109.501
39,OH,39045,Fairfield,92.171
39,OH,39047,Fayette,90.885
39,OH,39049,Franklin,95.875
39,OH,39051,Fulton,115.997
39,OH,39053,Gallia,128.704
39,OH,39055,Geauga,137.283
39,OH,39057,Greene,89.331
39,OH,39059,Guernsey,132.421
39,OH,39061,Hamilton,104.005
39,OH,39063,Hancock,90.047
39,OH,39065,Hardin,92.619
39,OH,39067,Harrison,142.228
39,OH,39069,Henry,98.969
39,OH,39071,Highland,95.321
39,OH,39073,Hocking,103.341
39,OH,39075,Holmes,121.615
39,OH,39077,Huron,122.275
39,OH,39079,Jackson,116.164
39,OH,39081,Jefferson,142.567
39,OH,39083,Knox,95.033
39,OH,39085,Lake,0
39,OH,39087,Lawrence,143.984
39,OH,39089,Licking,94.59
39,OH,39091,Logan,94.176
39,OH,39093,Lorain,105.039
39,OH,39095,Lucas,126.407
39,OH,39097,Madison,90.269
39,OH,39099,Mahoning,120.37
39,OH,39101,Marion,91.8
39,OH,39103,Medina,117.475
39,OH,39105,Meigs,125.37
39,OH,39107,Mercer,98.313
39,OH,39109,Miami,89.509
39,OH,39111,Monroe,149.548
39,OH,39113,Montgomery,93.04
39,OH,39115,Morgan,123.644
39,OH,39117,Morrow,94.986
39,OH,39119,Muskingum,100.434
39,OH,39121,Noble,135.571
39,OH,39123,Ottawa,134.529
39,OH,39125,Paulding,104.415
39,OH,39127,Perry,97.909
39,OH,39129,Pickaway,92.302
39,OH,39131,Pike,113.264
39,OH,39133,Portage,113.615
39,OH,39135,Preble,91.329
39,OH,39137,Putnam,91.329
39,OH,39139,Richland,104.386
39,OH,39141,Ross,94.021
39,OH,39143,Sandusky,126.061
39,OH,39145,Scioto,106.581
39,OH,39147,Seneca,109.204
39,OH,39149,Shelby,96.905
39,OH,39151,Stark,111.209
39,OH,39153,Summit,108.805
39,OH,39155,Trumbull,108.76
39,OH,39157,Tuscarawas,126.052
39,OH,39159,Union,92.87
39,OH,39161,Van Wert,91.029
39,OH,39163,Vinton,105.841
39,OH,39165,Warren,97.599
39,OH,39167,Washington,112.937
39,OH,39169,Wayne,116.485
39,OH,39171,Williams,99.7
39,OH,39173,Wood,106.029
39,OH,39175,Wyandot,92.03
40,OK,40001,Adair,0
40,OK,40003,Alfalfa,161.025
40,OK,40005,Atoka,0
40,OK,40007,Beaver,97.071
40,OK,40009,Beckham,132.21
40,OK,40011,Blaine,0
40,OK,40013,Bryan,154.594
40,OK,40015,Caddo,134.183
40,OK,40017,Canadian,162.427
40,OK,40019,Carter,0
40,OK,40021,Cherokee,0
40,OK,40023,Choctaw,124.445
40,OK,40025,Cimarron,98.012
40,OK,40027,Cleveland,149.255
40,OK,40029,Coal,0
40,OK,40031,Comanche,200.855
40,OK,40033,Cotton,229.908
40,OK,40035,Craig,145.217
40,OK,40037,Creek,0
40,OK,40039,Custer,319.686
40,OK,40041,Delaware,156.643
40,OK,40043,Dewey,439.82
40,OK,40045,Ellis,106.239
40,OK,40047,Garfield,127.015
40,OK,40049,Garvin,145.417
40,OK,40051,Grady,207.848
40,OK,40053,Grant,155.048
40,OK,40055,Greer,0
40,OK,40057,Harmon,206.148
40,OK,40059,Harper,128.572
40,OK,40061,Haskell,164.067
40,OK,40063,Hughes,146.902
40,OK,40065,Jackson,0
40,OK,40067,Jefferson,0
40,OK,40069,Johnston,0
40,OK,40071,Kay,159.972
40,OK,40073,Kingfisher,219.129
40,OK,40075,Kiowa,129.699
40,OK,40077,Latimer,0
40,OK,40079,Le Flore,127.845
40,OK,40081,Lincoln,195.733
40,OK,40083,Logan,179.17
40,OK,40085,Love,0
40,OK,40087,McClain,160.849
40,OK,40089,McCurtain,139.302
40,OK,40091,McIntosh,171.778
40,OK,40093,Major,109.854
40,OK,40095,Marshall,175.258
40,OK,40097,Mayes,204.68
40,OK,40099,Murray,0
40,OK,40101,Muskogee,117.488
40,OK,40103,Noble,183.859
40,OK,40105,Nowata,151.341
40,OK,40107,Okfuskee,156.663
40,OK,40109,Oklahoma,143.146
40,OK,40111,Okmulgee,151.066
40,OK,40113,Osage,180.182
40,OK,40115,Ottawa,135.569
40,OK,40117,Pawnee,0
40,OK,40119,Payne,182.777
40,OK,40121,Pittsburg,0
40,OK,40123,Pontotoc,0
40,OK,40125,Pottawatomie,146.146
40,OK,40127,Pushmataha,0
40,OK,40129,Roger Mills,0
40,OK,40131,Rogers,182.324
40,OK,40133,Seminole,0
40,OK,40135,Sequoyah,122.768
40,OK,40137,Stephens,0
40,OK,40139,Texas,94.257
40,OK,40141,Tillman,448.974
40,OK,40143,Tulsa,0
40,OK,40145,Wagoner,135.258
40,OK,40147,Washington,171.587
40,OK,40149,Washita,220.422
40,OK,40151,Woods,0
40,OK,40153,Woodward,0
41,OR,41001,Baker,0
41,OR,41003,Benton,0
41,OR,41005,Clackamas,0
41,OR,41007,Clatsop,0
41,OR,41009,Columbia,0
41,OR,41011,Coos,0
41,OR,41013,Crook,0
41,OR,41015,Curry,0
41,OR,41017,Deschutes,0
41,OR,41019,Douglas,0
41,OR,41021,Gilliam,81.118
41,OR,41023,Grant,0
41,OR,41025,Harney,0
41,OR,41027,Hood River,0
41,OR,41029,Jackson,0
41,OR,41031,Jefferson,0
41,OR,41033,Josephine,0
41,OR,41035,Klamath,0
41,OR,41037,Lake,0
41,OR,41039,Lane,0
41,OR,41041,Lincoln,0
41,OR,41043,Linn,1234.055
41,OR,41045,Malheur,77.151
41,OR,41047,Marion,0
41,OR,41049,Morrow,69.855
41,OR,41051,Multnomah,0
41,OR,41053,Polk,0
41,OR,41055,Sherman,0
41,OR,41057,Tillamook,0
41,OR,41059,Umatilla,70.447
41,OR,41061,Union,0
41,OR,41063,Wallowa,0
41,OR,41065,Wasco,0
41,OR,41067,Washington,0
41,OR,41069,Wheeler,0
41,OR,41071,Yamhill,0
42,PA,42001,Adams,175.498
42,PA,42003,Allegheny,211.151
42,PA,42005,Armstrong,189.286
42,PA,42007,Beaver,202.884
42,PA,42009,Bedford,428.065
42,PA,42011,Berks,190.968
42,PA,42013,Blair,556.568
42,PA,42015,Bradford,709.329
42,PA,42017,Bucks,173.756
42,PA,42019,Butler,184.713
42,PA,42021,Cambria,183.539
42,PA,42023,Cameron,197.135
42,PA,42025,Carbon,195.812
42,PA,42027,Centre,193.834
42,PA,42029,Chester,169.772
42,PA,42031,Clarion,193.098
42,PA,42033,Clearfield,203.175
42,PA,42035,Clinton,228.631
42,PA,42037,Columbia,149.3
42,PA,42039,Crawford,201.479
42,PA,42041,Cumberland,233.736
42,PA,42043,Dauphin,170.897
42,PA,42045,Delaware,159.834
42,PA,42047,Elk,548.967
42,PA,42049,Erie,181.521
42,PA,42051,Fayette,204.438
42,PA,42053,Forest,178.424
42,PA,42055,Franklin,442.286
42,PA,42057,Fulton,595.627
42,PA,42059,Greene,469.729
42,PA,42061,Huntingdon,364.163
42,PA,42063,Indiana,178.25
42,PA,42065,Jefferson,202.514
42,PA,42067,Juniata,220.587
42,PA,42069,Lackawanna,823.512
42,PA,42071,Lancaster,245.495
42,PA,42073,Lawrence,163.27
42,PA,42075,Lebanon,199.222
42,PA,42077,Lehigh,150.687
42,PA,42079,Luzerne,177.155
42,PA,42081,Lycoming,172.037
42,PA,42083,McKean,1273.326
42,PA,42085,Mercer,179.223
42,PA,42087,Mifflin,202.299
42,PA,42089,Monroe,161.957
42,PA,42091,Montgomery,191.173
42,PA,42093,Montour,171.866
42,PA,42095,Northampton,150.444
42,PA,42097,Northumberland,150.487
42,PA,42099,Perry,217.684
42,PA,42101,Philadelphia,0
42,PA,42103,Pike,153.499
42,PA,42105,Potter,727.031
42,PA,42107,Schuylkill,164.029
42,PA,42109,Snyder,189.886
42,PA,42111,Somerset,321.524
42,PA,42113,Sullivan,417.796
42,PA,42115,Susquehanna,1550.251
42,PA,42117,Tioga,780.448
42,PA,42119,Union,188.705
42,PA,42121,Venango,186.736
42,PA,42123,Warren,458.556
42,PA,42125,Washington,228.022
42,PA,42127,Wayne,1938.904
42,PA,42129,Westmoreland,189.099
42,PA,42131,Wyoming,408.237
42,PA,42133,York,144.346
44,RI,44001,Bristol,0
44,RI,44003,Kent,0
44,RI,44005,Newport,0
44,RI,44007,Providence,0
44,RI,44009,Washington,0
45,SC,45001,Abbeville,0
45,SC,45003,Aiken,126.925
45,SC,45005,Allendale,112.778
45,SC,45007,Anderson,330.626
45,SC,45009,Bamberg,118.33
45,SC,45011,Barnwell,111.741
45,SC,45013,Beaufort,231.669
45,SC,45015,Berkeley,139.002
45,SC,45017,Calhoun,107.428
45,SC,45019,Charleston,119.013
45,SC,45021,Cherokee,0
45,SC,45023,Chester,134.977
45,SC,45025,Chesterfield,111.678
45,SC,45027,Clarendon,97.998
45,SC,45029,Colleton,127.25
45,SC,45031,Darlington,104.253
45,SC,45033,Dillon,100.491
45,SC,45035,Dorchester,107.37
45,SC,45037,Edgefield,182.78
45,SC,45039,Fairfield,107.874
45,SC,45041,Florence,106.236
45,SC,45043,Georgetown,124.052
45,SC,45045,Greenville,0
45,SC,45047,Greenwood,0
45,SC,45049,Hampton,113.807
45,SC,45051,Horry,103.171
45,SC,45053,Jasper,136.602
45,SC,45055,Kershaw,109.225
45,SC,45057,Lancaster,117.618
45,SC,45059,Laurens,0
45,SC,45061,Lee,101.872
45,SC,45063,Lexington,104.865
45,SC,45065,McCormick,0
45,SC,45067,Marion,104.604
45,SC,45069,Marlboro,102.102
45,SC,45071,Newberry,761.679
45,SC,45073,Oconee,0
45,SC,45075,Orangeburg,106.793
45,SC,45077,Pickens,0
45,SC,45079,Richland,105.915
45,SC,45081,Saluda,337.937
45,SC,45083,Spartanburg,223.194
45,SC,45085,Sumter,102.785
45,SC,45087,Union,0
45,SC,45089,Williamsburg,115.388
45,SC,45091,York,221.772
46,SD,46003,Aurora,114.487
46,SD,46005,Beadle,106.644
46,SD,46007,Bennett,631.982
46,SD,46009,Bon Homme,88.407
46,SD,46011,Brookings,68.59
46,SD,46013,Brown,68.035
46,SD,46015,Brule,243.989
46,SD,46017,Buffalo,203.491
46,SD,46019,Butte,108.246
46,SD,46021,Campbell,202.707
46,SD,46023,Charles Mix,134.787
46,SD,46025,Clark,75.626
46,SD,46027,Clay,65.216
46,SD,46029,Codington,79.777
46,SD,46031,Corson,557.022
46,SD,46033,Custer,156.62
46,SD,46035,Davison,73.116
46,SD,46037,Day,73.199
46,SD,46039,Deuel,76.658
46,SD,46041,Dewey,444.686
46,SD,46043,Douglas,117.475
46,SD,46045,Edmunds,85.313
46,SD,46047,Fall River,124.453
46,SD,46049,Faulk,83.136
46,SD,46051,Grant,76.226
46,SD,46053,Gregory,267.693
46,SD,46055,Haakon,787.797
46,SD,46057,Hamlin,69.901
46,SD,46059,Hand,148.556
46,SD,46061,Hanson,68.508
46,SD,46063,Harding,2928.039
46,SD,46065,Hughes,344.065
46,SD,46067,Hutchinson,73.189
46,SD,46069,Hyde,238.462
46,SD,46071,Jackson,440.715
46,SD,46073,Jerauld,142.413
46,SD,46075,Jones,247.128
46,SD,46077,Kingsbury,72.227
46,SD,46079,Lake,67.216
46,SD,46081,Lawrence,0
46,SD,46083,Lincoln,64.771
46,SD,46085,Lyman,341.068
46,SD,46087,McCook,68.976
46,SD,46089,McPherson,175.014
46,SD,46091,Marshall,73.009
46,SD,46093,Meade,437.016
46,SD,46095,Mellette,727.046
46,SD,46097,Miner,73.717
46,SD,46099,Minnehaha,67.344
46,SD,46101,Moody,64.659
46,SD,46103,Pennington,796.399
46,SD,46105,Perkins,1520.194
46,SD,46107,Potter,102.74
46,SD,46109,Roberts,69.167
46,SD,46111,Sanborn,76.08
46,SD,46113,Shannon,543.912
46,SD,46115,Spink,72.499
46,SD,46117,Stanley,1217.436
46,SD,46119,Sully,188.239
46,SD,46121,Todd,383.371
46,SD,46123,Tripp,250.02
46,SD,46125,Turner,69.111
46,SD,46127,Union,64.993
46,SD,46129,Walworth,146.892
46,SD,46135,Yankton,70.56
46,SD,46137,Ziebach,591.689
47,TN,47001,Anderson,0
47,TN,47003,Bedford,123.278
47,TN,47005,Benton,108.501
47,TN,47007,Bledsoe,137.018
47,TN,47009,Blount,149.18
47,TN,47011,Bradley,312.145
47,TN,47013,Campbell,0
47,TN,47015,Cannon,106.176
47,TN,47017,Carroll,99.076
47,TN,47019,Carter,0
47,TN,47021,Cheatham,111.88
47,TN,47023,Chester,110.927
47,TN,47025,Claiborne,132.515
47,TN,47027,Clay,0
47,TN,47029,Cocke,146.242
47,TN,47031,Coffee,108.143
47,TN,47033,Crockett,103.335
47,TN,47035,Cumberland,199.958
47,TN,47037,Davidson,122.967
47,TN,47039,Decatur,102.208
47,TN,47041,DeKalb,114.152
47,TN,47043,Dickson,131.626
47,TN,47045,Dyer,100.983
47,TN,47047,Fayette,102.782
47,TN,47049,Fentress,140.371
47,TN,47051,Franklin,107.042
47,TN,47053,Gibson,96.348
47,TN,47055,Giles,115.899
47,TN,47057,Grainger,196.376
47,TN,47059,Greene,353.41
47,TN,47061,Grundy,109.879
47,TN,47063,Hamblen,146.545
47,TN,47065,Hamilton,136.182
47,TN,47067,Hancock,0
47,TN,47069,Hardeman,103.792
47,TN,47071,Hardin,110.469
47,TN,47073,Hawkins,140.642
47,TN,47075,Haywood,103.107
47,TN,47077,Henderson,99.676
47,TN,47079,Henry,97.811
47,TN,47081,Hickman,108.219
47,TN,47083,Houston,0
47,TN,47085,Humphreys,100.522
47,TN,47087,Jackson,0
47,TN,47089,Jefferson,208.325
47,TN,47091,Johnson,149.906
47,TN,47093,Knox,0
47,TN,47095,Lake,98.868
47,TN,47097,Lauderdale,108.806
47,TN,47099,Lawrence,103.001
47,TN,47101,Lewis,0
47,TN,47103,Lincoln,113.944
47,TN,47105,Loudon,680.053
47,TN,47107,McMinn,954.962
47,TN,47109,McNairy,104.372
47,TN,47111,Macon,107.534
47,TN,47113,Madison,101.833
47,TN,47115,Marion,111.642
47,TN,47117,Marshall,177.817
47,TN,47119,Maury,126.768
47,TN,47121,Meigs,174.506
47,TN,47123,Monroe,585.115
47,TN,47125,Montgomery,95.981
47,TN,47127,Moore,118.816
47,TN,47129,Morgan,0
47,TN,47131,Obion,94.758
47,TN,47133,Overton,194.362
47,TN,47135,Perry,111.664
47,TN,47137,Pickett,0
47,TN,47139,Polk,161.501
47,TN,47141,Putnam,166.824
47,TN,47143,Rhea,138.108
47,TN,47145,Roane,0
47,TN,47147,Robertson,97.349
47,TN,47149,Rutherford,118.129
47,TN,47151,Scott,0
47,TN,47153,Sequatchie,123.507
47,TN,47155,Sevier,0
47,TN,47157,Shelby,107.692
47,TN,47159,Smith,107.213
47,TN,47161,Stewart,109.629
47,TN,47163,Sullivan,203.453
47,TN,47165,Sumner,113.183
47,TN,47167,Tipton,110.124
47,TN,47169,Trousdale,124.46
47,TN,47171,Unicoi,0
47,TN,47173,Union,0
47,TN,47175,Van Buren,0
47,TN,47177,Warren,123.554
47,TN,47179,Washington,557.567
47,TN,47181,Wayne,116.91
47,TN,47183,Weakley,95.809
47,TN,47185,White,363.159
47,TN,47187,Williamson,112.392
47,TN,47189,Wilson,146.995
48,TX,48001,Anderson,0
48,TX,48003,Andrews,0
48,TX,48005,Angelina,0
48,TX,48007,Aransas,0
48,TX,48009,Archer,0
48,TX,48011,Armstrong,94.247
48,TX,48013,Atascosa,131.556
48,TX,48015,Austin,119.558
48,TX,48017,Bailey,136.688
48,TX,48019,Bandera,0
48,TX,48021,Bastrop,143.709
48,TX,48023,Baylor,0
48,TX,48025,Bee,149.054
48,TX,48027,Bell,124.585
48,TX,48029,Bexar,132.464
48,TX,48031,Blanco,0
48,TX,48033,Borden,0
48,TX,48035,Bosque,131.899
48,TX,48037,Bowie,118.363
48,TX,48039,Brazoria,119.252
48,TX,48041,Brazos,117.985
48,TX,48043,Brewster,0
48,TX,48045,Briscoe,101
48,TX,48047,Brooks,0
48,TX,48049,Brown,0
48,TX,48051,Burleson,107.485
48,TX,48053,Burnet,0
48,TX,48055,Caldwell,142.78
48,TX,48057,Calhoun,120.781
48,TX,48059,Callahan,0
48,TX,48061,Cameron,119.255
48,TX,48063,Camp,111.69
48,TX,48065,Carson,91.907
48,TX,48067,Cass,0
48,TX,48069,Castro,102.016
48,TX,48071,Chambers,0
48,TX,48073,Cherokee,0
48,TX,48075,Childress,0
48,TX,48077,Clay,0
48,TX,48079,Cochran,116.935
48,TX,48081,Coke,0
48,TX,48083,Coleman,0
48,TX,48085,Collin,119.599
48,TX,48087,Collingsworth,0
48,TX,48089,Colorado,115.498
48,TX,48091,Comal,140.354
48,TX,48093,Comanche,1202.421
48,TX,48095,Concho,0
48,TX,48097,Cooke,129.665
48,TX,48099,Coryell,137.171
48,TX,48101,Cottle,0
48,TX,48103,Crane,0
48,TX,48105,Crockett,0
48,TX,48107,Crosby,0
48,TX,48109,Culberson,0
48,TX,48111,Dallam,93.534
48,TX,48113,Dallas,132.895
48,TX,48115,Dawson,0
48,TX,48117,Deaf Smith,112.473
48,TX,48119,Delta,127.643
48,TX,48121,Denton,155.483
48,TX,48123,DeWitt,138.207
48,TX,48125,Dickens,0
48,TX,48127,Dimmit,122.305
48,TX,48129,Donley,100.174
48,TX,48131,Duval,0
48,TX,48133,Eastland,826.863
48,TX,48135,Ector,0
48,TX,48137,Edwards,0
48,TX,48139,Ellis,131.392
48,TX,48141,El Paso,0
48,TX,48143,Erath,416.819
48,TX,48145,Falls,117.569
48,TX,48147,Fannin,121.755
48,TX,48149,Fayette,126.111
48,TX,48151,Fisher,0
48,TX,48153,Floyd,121.411
48,TX,48155,Foard,0
48,TX,48157,Fort Bend,119.515
48,TX,48159,Franklin,0
48,TX,48161,Freestone,0
48,TX,48163,Frio,109.3
48,TX,48165,Gaines,136.86
48,TX,48167,Galveston,0
48,TX,48169,Garza,0
48,TX,48171,Gillespie,153.511
48,TX,48173,Glasscock,0
48,TX,48175,Goliad,148.866
48,TX,48177,Gonzales,133.126
48,TX,48179,Gray,97.46
48,TX,48181,Grayson,117.471
48,TX,48183,Gregg,0
48,TX,48185,Grimes,150.434
48,TX,48187,Guadalupe,157.21
48,TX,48189,Hale,102.561
48,TX,48191,Hall,0
48,TX,48193,Hamilton,150.035
48,TX,48195,Hansford,100.992
48,TX,48197,Hardeman,0
48,TX,48199,Hardin,0
48,TX,48201,Harris,121.209
48,TX,48203,Harrison,0
48,TX,48205,Hartley,95.151
48,TX,48207,Haskell,0
48,TX,48209,Hays,153.952
48,TX,48211,Hemphill,0
48,TX,48213,Henderson,0
48,TX,48215,Hidalgo,120.958
48,TX,48217,Hill,164.973
48,TX,48219,Hockley,0
48,TX,48221,Hood,0
48,TX,48223,Hopkins,166.986
48,TX,48225,Houston,122.928
48,TX,48227,Howard,0
48,TX,48229,Hudspeth,0
48,TX,48231,Hunt,127.134
48,TX,48233,Hutchinson,93.962
48,TX,48235,Irion,0
48,TX,48237,Jack,0
48,TX,48239,Jackson,113.398
48,TX,48241,Jasper,0
48,TX,48243,Jeff Davis,0
48,TX,48245,Jefferson,0
48,TX,48247,Jim Hogg,0
48,TX,48249,Jim Wells,151.625
48,TX,48251,Johnson,144.646
48,TX,48253,Jones,0
48,TX,48255,Karnes,165.195
48,TX,48257,Kaufman,137.289
48,TX,48259,Kendall,0
48,TX,48261,Kenedy,0
48,TX,48263,Kent,0
48,TX,48265,Kerr,0
48,TX,48267,Kimble,0
48,TX,48269,King,0
48,TX,48271,Kinney,0
48,TX,48273,Kleberg,172.55
48,TX,48275,Knox,0
48,TX,48277,Lamar,115.415
48,TX,48279,Lamb,114.34
48,TX,48281,Lampasas,0
48,TX,48283,La Salle,0
48,TX,48285,Lavaca,145.458
48,TX,48287,Lee,135.843
48,TX,48289,Leon,0
48,TX,48291,Liberty,153.989
48,TX,48293,Limestone,129.202
48,TX,48295,Lipscomb,92.374
48,TX,48297,Live Oak,171.479
48,TX,48299,Llano,0
48,TX,48301,Loving,0
48,TX,48303,Lubbock,0
48,TX,48305,Lynn,0
48,TX,48307,McCulloch,0
48,TX,48309,McLennan,128.164
48,TX,48311,McMullen,0
48,TX,48313,Madison,0
48,TX,48315,Marion,0
48,TX,48317,Martin,0
48,TX,48319,Mason,0
48,TX,48321,Matagorda,118.322
48,TX,48323,Maverick,0
48,TX,48325,Medina,109.071
48,TX,48327,Menard,0
48,TX,48329,Midland,0
48,TX,48331,Milam,123.936
48,TX,48333,Mills,0
48,TX,48335,Mitchell,0
48,TX,48337,Montague,0
48,TX,48339,Montgomery,0
48,TX,48341,Moore,91.189
48,TX,48343,Morris,0
48,TX,48345,Motley,0
48,TX,48347,Nacogdoches,0
48,TX,48349,Navarro,137.009
48,TX,48351,Newton,0
48,TX,48353,Nolan,0
48,TX,48355,Nueces,143.515
48,TX,48357,Ochiltree,91.381
48,TX,48359,Oldham,0
48,TX,48361,Orange,0
48,TX,48363,Palo Pinto,0
48,TX,48365,Panola,0
48,TX,48367,Parker,0
48,TX,48369,Parmer,115.05
48,TX,48371,Pecos,0
48,TX,48373,Polk,0
48,TX,48375,Potter,0
48,TX,48377,Presidio,0
48,TX,48379,Rains,0
48,TX,48381,Randall,166.885
48,TX,48383,Reagan,0
48,TX,48385,Real,0
48,TX,48387,Red River,132.249
48,TX,48389,Reeves,0
48,TX,48391,Refugio,148.356
48,TX,48393,Roberts,91.067
48,TX,48395,Robertson,112.643
48,TX,48397,Rockwall,125.931
48,TX,48399,Runnels,0
48,TX,48401,Rusk,0
48,TX,48403,Sabine,0
48,TX,48405,San Augustine,0
48,TX,48407,San Jacinto,0
48,TX,48409,San Patricio,126.866
48,TX,48411,San Saba,0
48,TX,48413,Schleicher,0
48,TX,48415,Scurry,0
48,TX,48417,Shackelford,0
48,TX,48419,Shelby,0
48,TX,48421,Sherman,96.009
48,TX,48423,Smith,0
48,TX,48425,Somervell,0
48,TX,48427,Starr,172.709
48,TX,48429,Stephens,0
48,TX,48431,Sterling,0
48,TX,48433,Stonewall,0
48,TX,48435,Sutton,0
48,TX,48437,Swisher,98.766
48,TX,48439,Tarrant,131.39
48,TX,48441,Taylor,0
48,TX,48443,Terrell,0
48,TX,48445,Terry,140.877
48,TX,48447,Throckmorton,0
48,TX,48449,Titus,0
48,TX,48451,Tom Green,128.205
48,TX,48453,Travis,133.15
48,TX,48455,Trinity,0
48,TX,48457,Tyler,0
48,TX,48459,Upshur,0
48,TX,48461,Upton,0
48,TX,48463,Uvalde,103.246
48,TX,48465,Val Verde,0
48,TX,48467,Van Zandt,0
48,TX,48469,Victoria,120.154
48,TX,48471,Walker,160.735
48,TX,48473,Waller,119.189
48,TX,48475,Ward,0
48,TX,48477,Washington,158.659
48,TX,48479,Webb,0
48,TX,48481,Wharton,107.755
48,TX,48483,Wheeler,190.101
48,TX,48485,Wichita,141.352
48,TX,48487,Wilbarger,146.928
48,TX,48489,Willacy,141.791
48,TX,48491,Williamson,124.812
48,TX,48493,Wilson,153.67
48,TX,48495,Winkler,0
48,TX,48497,Wise,143.557
48,TX,48499,Wood,0
48,TX,48501,Yoakum,0
48,TX,48503,Young,0
48,TX,48505,Zapata,0
48,TX,48507,Zavala,113.579
49,UT,49001,Beaver,6423.487
49,UT,49003,Box Elder,132.633
49,UT,49005,Cache,3503.578
49,UT,49007,Carbon,279.82
49,UT,49009,Daggett,0
49,UT,49011,Davis,97.467
49,UT,49013,Duchesne,133.469
49,UT,49015,Emery,182.007
49,UT,49017,Garfield,0
49,UT,49019,Grand,0
49,UT,49021,Iron,900.475
49,UT,49023,Juab,291.752
49,UT,49025,Kane,0
49,UT,49027,Millard,491.765
49,UT,49029,Morgan,0
49,UT,49031,Piute,0
49,UT,49033,Rich,0
49,UT,49035,Salt Lake,0
49,UT,49037,San Juan,0
49,UT,49039,Sanpete,4816.878
49,UT,49041,Sevier,1817.233
49,UT,49043,Summit,0
49,UT,49045,Tooele,889.969
49,UT,49047,Uintah,391.121
49,UT,49049,Utah,320.257
49,UT,49051,Wasatch,0
49,UT,49053,Washington,0
49,UT,49055,Wayne,0
49,UT,49057,Weber,697.078
50,VT,50001,Addison,0
50,VT,50003,Bennington,0
50,VT,50005,Caledonia,0
50,VT,50007,Chittenden,0
50,VT,50009,Essex,0
50,VT,50011,Franklin,0
50,VT,50013,Grand Isle,0
50,VT,50015,Lamoille,0
50,VT,50017,Orange,0
50,VT,50019,Orleans,0
50,VT,50021,Rutland,0
50,VT,50023,Washington,0
50,VT,50025,Windham,0
50,VT,50027,Windsor,0
51,VA,51001,Accomack,100.095
51,VA,51003,Albemarle,724.154
51,VA,51005,Alleghany,293.906
51,VA,51007,Amelia,439.018
51,VA,51009,Amherst,0
51,VA,51011,Appomattox,814.822
51,VA,51013,Arlington,0
51,VA,51015,Augusta,493.314
51,VA,51017,Bath,156.69
51,VA,51019,Bedford,3621.301
51,VA,51021,Bland,0
51,VA,51023,Botetourt,805.858
51,VA,51025,Brunswick,676.086
51,VA,51027,Buchanan,0
51,VA,51029,Buckingham,583.679
51,VA,51031,Campbell,885.116
51,VA,51033,Caroline,115.411
51,VA,51035,Carroll,0
51,VA,51036,Charles City,99.91
51,VA,51037,Charlotte,426.914
51,VA,51041,Chesterfield,0
51,VA,51043,Clarke,324.574
51,VA,51045,Craig,0
51,VA,51047,Culpeper,199.392
51,VA,51049,Cumberland,1488.126
51,VA,51051,Dickenson,0
51,VA,51053,Dinwiddie,144.941
51,VA,51057,Essex,102.147
51,VA,51059,Fairfax,0
51,VA,51061,Fauquier,297.196
51,VA,51063,Floyd,0
51,VA,51065,Fluvanna,143.712
51,VA,51067,Franklin,1144.957
51,VA,51069,Frederick,206.644
51,VA,51071,Giles,0
51,VA,51073,Gloucester,105.342
51,VA,51075,Goochland,141.099
51,VA,51077,Grayson,0
51,VA,51079,Greene,0
51,VA,51081,Greensville,118.776
51,VA,51083,Halifax,274.468
51,VA,51085,Hanover,118.726
51,VA,51087,Henrico,112.961
51,VA,51089,Henry,0
51,VA,51091,Highland,0
51,VA,51093,Isle of Wight,114.81
51,VA,51095,James City,103.165
51,VA,51097,King and Queen,105.477
51,VA,51099,King George,106.787
51,VA,51101,King William,105.933
51,VA,51103,Lancaster,104.206
51,VA,51105,Lee,642.478
51,VA,51107,Loudoun,133.184
51,VA,51109,Louisa,153.054
51,VA,51111,Lunenburg,0
51,VA,51113,Madison,149.892
51,VA,51115,Mathews,106.854
51,VA,51117,Mecklenburg,231.409
51,VA,51119,Middlesex,101.704
51,VA,51121,Montgomery,1639.513
51,VA,51125,Nelson,145.718
51,VA,51127,New Kent,102.966
51,VA,51131,Northampton,99.396
51,VA,51133,Northumberland,100.751
51,VA,51135,Nottoway,1725.23
51,VA,51137,Orange,156.161
51,VA,51139,Page,437.513
51,VA,51141,Patrick,550.948
51,VA,51143,Pittsylvania,1090.824
51,VA,51145,Powhatan,451.977
51,VA,51147,Prince Edward,1263.523
51,VA,51149,Prince George,102.211
51,VA,51153,Prince William,390.375
51,VA,51155,Pulaski,5074.105
51,VA,51157,Rappahannock,214.614
51,VA,51159,Richmond,105.122
51,VA,51161,Roanoke,0
51,VA,51163,Rockbridge,813.156
51,VA,51165,Rockingham,969.917
51,VA,51167,Russell,0
51,VA,51169,Scott,0
51,VA,51171,Shenandoah,176.922
51,VA,51173,Smyth,0
51,VA,51175,Southampton,115.635
51,VA,51177,Spotsylvania,151.536
51,VA,51179,Stafford,125.168
51,VA,51181,Surry,106.713
51,VA,51183,Sussex,113.864
51,VA,51185,Tazewell,0
51,VA,51187,Warren,145.813
51,VA,51191,Washington,3334.055
51,VA,51193,Westmoreland,104.511
51,VA,51195,Wise,0
51,VA,51197,Wythe,4733.412
51,VA,51199,York,0
51,VA,51510,Alexandria,0
51,VA,51515,Bedford,0
51,VA,51520,Bristol,0
51,VA,51530,Buena Vista,0
51,VA,51540,Charlottesville,0
51,VA,51550,Chesapeake,103.55
51,VA,51570,Colonial Heights,0
51,VA,51580,Covington,0
51,VA,51590,Danville,0
51,VA,51595,Emporia,0
51,VA,51600,Fairfax,0
51,VA,51610,Falls Church,0
51,VA,51620,Franklin,0
51,VA,51630,Fredericksburg,0
51,VA,51640,Galax,0
51,VA,51650,Hampton,0
51,VA,51660,Harrisonburg,0
51,VA,51670,Hopewell,0
51,VA,51678,Lexington,0
51,VA,51680,Lynchburg,0
51,VA,51683,Manassas,0
51,VA,51685,Manassas Park,0
51,VA,51690,Martinsville,0
51,VA,51700,Newport News,0
51,VA,51710,Norfolk,0
51,VA,51720,Norton,0
51,VA,51730,Petersburg,0
51,VA,51735,Poquoson,0
51,VA,51740,Portsmouth,0
51,VA,51750,Radford,0
51,VA,51760,Richmond,0
51,VA,51770,Roanoke,0
51,VA,51775,Salem,0
51,VA,51790,Staunton,0
51,VA,51800,Suffolk,109.884
51,VA,51810,Virginia Beach,102.795
51,VA,51820,Waynesboro,0
51,VA,51830,Williamsburg,0
51,VA,51840,Winchester,0
53,WA,53001,Adams,99.781
53,WA,53003,Asotin,0
53,WA,53005,Benton,0
53,WA,53007,Chelan,0
53,WA,53009,Clallam,0
53,WA,53011,Clark,0
53,WA,53013,Columbia,0
53,WA,53015,Cowlitz,0
53,WA,53017,Douglas,0
53,WA,53019,Ferry,0
53,WA,53021,Franklin,90.488
53,WA,53023,Garfield,0
53,WA,53025,Grant,96.208
53,WA,53027,Grays Harbor,0
53,WA,53029,Island,0
53,WA,53031,Jefferson,0
53,WA,53033,King,0
53,WA,53035,Kitsap,0
53,WA,53037,Kittitas,0
53,WA,53039,Klickitat,0
53,WA,53041,Lewis,0
53,WA,53043,Lincoln,0
53,WA,53045,Mason,0
53,WA,53047,Okanogan,0
53,WA,53049,Pacific,0
53,WA,53051,Pend Oreille,0
53,WA,53053,Pierce,0
53,WA,53055,San Juan,0
53,WA,53057,Skagit,0
53,WA,53059,Skamania,0
53,WA,53061,Snohomish,0
53,WA,53063,Spokane,0
53,WA,53065,Stevens,0
53,WA,53067,Thurston,0
53,WA,53069,Wahkiakum,0
53,WA,53071,Walla Walla,0
53,WA,53073,Whatcom,0
53,WA,53075,Whitman,0
53,WA,53077,Yakima,165.451
54,WV,54001,Barbour,0
54,WV,54003,Berkeley,177.829
54,WV,54005,Boone,0
54,WV,54007,Braxton,0
54,WV,54009,Brooke,0
54,WV,54011,Cabell,0
54,WV,54013,Calhoun,0
54,WV,54015,Clay,0
54,WV,54017,Doddridge,0
54,WV,54019,Fayette,0
54,WV,54021,Gilmer,0
54,WV,54023,Grant,0
54,WV,54025,Greenbrier,0
54,WV,54027,Hampshire,0
54,WV,54029,Hancock,0
54,WV,54031,Hardy,167.575
54,WV,54033,Harrison,0
54,WV,54035,Jackson,0
54,WV,54037,Jefferson,140.29
54,WV,54039,Kanawha,0
54,WV,54041,Lewis,0
54,WV,54043,Lincoln,0
54,WV,54045,Logan,0
54,WV,54047,McDowell,0
54,WV,54049,Marion,0
54,WV,54051,Marshall,0
54,WV,54053,Mason,144.52
54,WV,54055,Mercer,0
54,WV,54057,Mineral,0
54,WV,54059,Mingo,0
54,WV,54061,Monongalia,0
54,WV,54063,Monroe,0
54,WV,54065,Morgan,0
54,WV,54067,Nicholas,0
54,WV,54069,Ohio,0
54,WV,54071,Pendleton,0
54,WV,54073,Pleasants,0
54,WV,54075,Pocahontas,0
54,WV,54077,Preston,224.011
54,WV,54079,Putnam,0
54,WV,54081,Raleigh,0
54,WV,54083,Randolph,0
54,WV,54085,Ritchie,0
54,WV,54087,Roane,0
54,WV,54089,Summers,0
54,WV,54091,Taylor,0
54,WV,54093,Tucker,0
54,WV,54095,Tyler,0
54,WV,54097,Upshur,0
54,WV,54099,Wayne,0
54,WV,54101,Webster,0
54,WV,54103,Wetzel,0
54,WV,54105,Wirt,0
54,WV,54107,Wood,0
54,WV,54109,Wyoming,0
55,WI,55001,Adams,117.829
55,WI,55003,Ashland,0
55,WI,55005,Barron,114.371
55,WI,55007,Bayfield,0
55,WI,55009,Brown,147.612
55,WI,55011,Buffalo,115.999
55,WI,55013,Burnett,125.401
55,WI,55015,Calumet,125.002
55,WI,55017,Chippewa,118.357
55,WI,55019,Clark,133.674
55,WI,55021,Columbia,116.171
55,WI,55023,Crawford,99.429
55,WI,55025,Dane,94.296
55,WI,55027,Dodge,99.473
55,WI,55029,Door,140.833
55,WI,55031,Douglas,0
55,WI,55033,Dunn,132.975
55,WI,55035,Eau Claire,148.679
55,WI,55037,Florence,0
55,WI,55039,Fond du Lac,108.394
55,WI,55041,Forest,0
55,WI,55043,Grant,92.051
55,WI,55045,Green,97.988
55,WI,55047,Green Lake,109.76
55,WI,55049,Iowa,101.286
55,WI,55051,Iron,0
55,WI,55053,Jackson,113.517
55,WI,55055,Jefferson,112.028
55,WI,55057,Juneau,125.024
55,WI,55059,Kenosha,132.99
55,WI,55061,Kewaunee,167.071
55,WI,55063,La Crosse,98.711
55,WI,55065,Lafayette,102.904
55,WI,55067,Langlade,158.103
55,WI,55069,Lincoln,423.206
55,WI,55071,Manitowoc,138.807
55,WI,55073,Marathon,142.339
55,WI,55075,Marinette,145.861
55,WI,55077,Marquette,109.131
55,WI,55078,Menominee,0
55,WI,55079,Milwaukee,195.833
55,WI,55081,Monroe,111.436
55,WI,55083,Oconto,121.855
55,WI,55085,Oneida,0
55,WI,55087,Outagamie,118.33
55,WI,55089,Ozaukee,121.747
55,WI,55091,Pepin,131.7
55,WI,55093,Pierce,134.936
55,WI,55095,Polk,110.248
55,WI,55097,Portage,108.065
55,WI,55099,Price,575.975
55,WI,55101,Racine,150.361
55,WI,55103,Richland,110.204
55,WI,55105,Rock,136.912
55,WI,55107,Rusk,159.123
55,WI,55109,St. Croix,106.536
55,WI,55111,Sauk,100.021
55,WI,55113,Sawyer,390.232
55,WI,55115,Shawano,140.14
55,WI,55117,Sheboygan,128.472
55,WI,55119,Taylor,139.477
55,WI,55121,Trempealeau,117.163
55,WI,55123,Vernon,112.242
55,WI,55125,Vilas,0
55,WI,55127,Walworth,147.505
55,WI,55129,Washburn,142.178
55,WI,55131,Washington,114.157
55,WI,55133,Waukesha,147.652
55,WI,55135,Waupaca,117.338
55,WI,55137,Waushara,102.233
55,WI,55139,Winnebago,108.573
55,WI,55141,Wood,124.693
56,WY,56001,Albany,0
56,WY,56003,Big Horn,0
56,WY,56005,Campbell,0
56,WY,56007,Carbon,0
56,WY,56009,Converse,0
56,WY,56011,Crook,0
56,WY,56013,Fremont,0
56,WY,56015,Goshen,1222.137
56,WY,56017,Hot Springs,0
56,WY,56019,Johnson,0
56,WY,56021,Laramie,1185.682
56,WY,56023,Lincoln,0
56,WY,56025,Natrona,0
56,WY,56027,Niobrara,0
56,WY,56029,Park,0
56,WY,56031,Platte,1014.418
56,WY,56033,Sheridan,0
56,WY,56035,Sublette,0
56,WY,56037,Sweetwater,0
56,WY,56039,Teton,0
56,WY,56041,Uinta,0
56,WY,56043,Washakie,0
56,WY,56045,Weston,0
