STATEFP,STATE,County_FIPS,County_NAME,miscanthus_cost
1,AL,1001,Autauga,58.063
1,AL,1003,Baldwin,53.963
1,AL,1005,Barbour,54.087
1,AL,1007,Bibb,74.799
1,AL,1009,Blount,63.273
1,AL,1011,Bullock,76.14
1,AL,1013,Butler,67.879
1,AL,1015,Calhoun,62.293
1,AL,1017,Chambers,64.156
1,AL,1019,Cherokee,64.872
1,AL,1021,Chilton,51.928
1,AL,1023,Choctaw,70.726
1,AL,1025,Clarke,74.313
1,AL,1027,Clay,76.921
1,AL,1029,Cleburne,75.764
1,AL,1031,Coffee,49.854
1,AL,1033,Colbert,50.075
1,AL,1035,Conecuh,51.953
1,AL,1037,Coosa,72.056
1,AL,1039,Covington,50.155
1,AL,1041,Crenshaw,74.015
1,AL,1043,Cullman,57.238
1,AL,1045,Dale,68.773
1,AL,1047,Dallas,49.853
1,AL,1049,DeKalb,63.673
1,AL,1051,Elmore,52.892
1,AL,1053,Escambia,53.774
1,AL,1055,Etowah,61.029
1,AL,1057,Fayette,56.587
1,AL,1059,Franklin,58.5
1,AL,1061,Geneva,51.21
1,AL,1063,Greene,74.734
1,AL,1065,Hale,54.066
1,AL,1067,Henry,52.518
1,AL,1069,Houston,50.362
1,AL,1071,Jackson,55.038
1,AL,1073,Jefferson,77.299
1,AL,1075,Lamar,51.58
1,AL,1077,Lauderdale,56.45
1,AL,1079,Lawrence,53.288
1,AL,1081,Lee,59.021
1,AL,1083,Limestone,53.308
1,AL,1085,Lowndes,54.257
1,AL,1087,Macon,66.147
1,AL,1089,Madison,55.486
1,AL,1091,Marengo,63.976
1,AL,1093,Marion,65.17
1,AL,1095,Marshall,57.598
1,AL,1097,Mobile,58.476
1,AL,1099,Monroe,52.494
1,AL,1101,Montgomery,52.478
1,AL,1103,Morgan,54.436
1,AL,1105,Perry,54.546
1,AL,1107,Pickens,70.012
1,AL,1109,Pike,53.466
1,AL,1111,Randolph,79.145
1,AL,1113,Russell,53.692
1,AL,1115,St. Clair,84.948
1,AL,1117,Shelby,77.019
1,AL,1119,Sumter,65.429
1,AL,1121,Talladega,62.478
1,AL,1123,Tallapoosa,60.782
1,AL,1125,Tuscaloosa,62.902
1,AL,1127,Walker,76.884
1,AL,1129,Washington,54.383
1,AL,1131,Wilcox,51.606
1,AL,1133,Winston,75.098
4,AZ,4001,Apache,0
4,AZ,4003,Cochise,0
4,AZ,4005,Coconino,0
4,AZ,4007,Gila,0
4,AZ,4009,Graham,0
4,AZ,4011,Greenlee,0
4,AZ,4012,La Paz,0
4,AZ,4013,Maricopa,0
4,AZ,4015,Mohave,0
4,AZ,4017,Navajo,0
4,AZ,4019,Pima,0
4,AZ,4021,Pinal,0
4,AZ,4023,Santa Cruz,0
4,AZ,4025,Yavapai,0
4,AZ,4027,Yuma,0
5,AR,5001,Arkansas,58.182
5,AR,5003,Ashley,55.231
5,AR,5005,Baxter,79.366
5,AR,5007,Benton,66.143
5,AR,5009,Boone,110.058
5,AR,5011,Bradley,64.895
5,AR,5013,Calhoun,64.758
5,AR,5015,Carroll,75.153
5,AR,5017,Chicot,52.723
5,AR,5019,Clark,62.81
5,AR,5021,Clay,69.045
5,AR,5023,Cleburne,70.816
5,AR,5025,Cleveland,64.661
5,AR,5027,Columbia,74.239
5,AR,5029,Conway,54.585
5,AR,5031,Craighead,937.843
5,AR,5033,Crawford,50.583
5,AR,5035,Crittenden,51.013
5,AR,5037,Cross,56.833
5,AR,5039,Dallas,63.775
5,AR,5041,Desha,49.118
5,AR,5043,Drew,54.897
5,AR,5045,Faulkner,53.618
5,AR,5047,Franklin,65.936
5,AR,5049,Fulton,73.519
5,AR,5051,Garland,69.716
5,AR,5053,Grant,64.228
5,AR,5055,Greene,678.89
5,AR,5057,Hempstead,73.628
5,AR,5059,Hot Spring,70.255
5,AR,5061,Howard,66.316
5,AR,5063,Independence,101.487
5,AR,5065,Izard,278.065
5,AR,5067,Jackson,992.84
5,AR,5069,Jefferson,55.038
5,AR,5071,Johnson,54.165
5,AR,5073,Lafayette,52.473
5,AR,5075,Lawrence,92.659
5,AR,5077,Lee,52.631
5,AR,5079,Lincoln,53.111
5,AR,5081,Little River,66.82
5,AR,5083,Logan,56.767
5,AR,5085,Lonoke,55.08
5,AR,5087,Madison,70.389
5,AR,5089,Marion,80.561
5,AR,5091,Miller,49.427
5,AR,5093,Mississippi,53.754
5,AR,5095,Monroe,691.566
5,AR,5097,Montgomery,67.962
5,AR,5099,Nevada,74.907
5,AR,5101,Newton,72.634
5,AR,5103,Ouachita,64.82
5,AR,5105,Perry,67.505
5,AR,5107,Phillips,516.707
5,AR,5109,Pike,69.261
5,AR,5111,Poinsett,77.41
5,AR,5113,Polk,67.253
5,AR,5115,Pope,55.012
5,AR,5117,Prairie,69.774
5,AR,5119,Pulaski,61.219
5,AR,5121,Randolph,76.987
5,AR,5123,St. Francis,51.085
5,AR,5125,Saline,71.359
5,AR,5127,Scott,68.213
5,AR,5129,Searcy,72.516
5,AR,5131,Sebastian,58.091
5,AR,5133,Sevier,71.36
5,AR,5135,Sharp,88.26
5,AR,5137,Stone,83.904
5,AR,5139,Union,65.442
5,AR,5141,Van Buren,68.03
5,AR,5143,Washington,67.44
5,AR,5145,White,55.534
5,AR,5147,Woodruff,107.121
5,AR,5149,Yell,53.586
6,CA,6001,Alameda,0
6,CA,6003,Alpine,0
6,CA,6005,Amador,0
6,CA,6007,Butte,0
6,CA,6009,Calaveras,0
6,CA,6011,Colusa,0
6,CA,6013,Contra Costa,0
6,CA,6015,Del Norte,0
6,CA,6017,El Dorado,0
6,CA,6019,Fresno,0
6,CA,6021,Glenn,0
6,CA,6023,Humboldt,0
6,CA,6025,Imperial,0
6,CA,6027,Inyo,0
6,CA,6029,Kern,0
6,CA,6031,Kings,0
6,CA,6033,Lake,0
6,CA,6035,Lassen,0
6,CA,6037,Los Angeles,0
6,CA,6039,Madera,0
6,CA,6041,Marin,0
6,CA,6043,Mariposa,0
6,CA,6045,Mendocino,0
6,CA,6047,Merced,0
6,CA,6049,Modoc,0
6,CA,6051,Mono,0
6,CA,6053,Monterey,0
6,CA,6055,Napa,0
6,CA,6057,Nevada,0
6,CA,6059,Orange,0
6,CA,6061,Placer,0
6,CA,6063,Plumas,0
6,CA,6065,Riverside,0
6,CA,6067,Sacramento,0
6,CA,6069,San Benito,0
6,CA,6071,San Bernardino,0
6,CA,6073,San Diego,0
6,CA,6075,San Francisco,0
6,CA,6077,San Joaquin,0
6,CA,6079,San Luis Obispo,0
6,CA,6081,San Mateo,0
6,CA,6083,Santa Barbara,0
6,CA,6085,Santa Clara,0
6,CA,6087,Santa Cruz,0
6,CA,6089,Shasta,0
6,CA,6091,Sierra,0
6,CA,6093,Siskiyou,0
6,CA,6095,Solano,0
6,CA,6097,Sonoma,0
6,CA,6099,Stanislaus,0
6,CA,6101,Sutter,0
6,CA,6103,Tehama,0
6,CA,6105,Trinity,0
6,CA,6107,Tulare,0
6,CA,6109,Tuolumne,0
6,CA,6111,Ventura,0
6,CA,6113,Yolo,0
6,CA,6115,Yuba,0
8,CO,8001,Adams,0
8,CO,8003,Alamosa,0
8,CO,8005,Arapahoe,0
8,CO,8007,Archuleta,0
8,CO,8009,Baca,0
8,CO,8011,Bent,0
8,CO,8013,Boulder,0
8,CO,8014,Broomfield,0
8,CO,8015,Chaffee,0
8,CO,8017,Cheyenne,0
8,CO,8019,Clear Creek,0
8,CO,8021,Conejos,0
8,CO,8023,Costilla,0
8,CO,8025,Crowley,0
8,CO,8027,Custer,0
8,CO,8029,Delta,0
8,CO,8031,Denver,0
8,CO,8033,Dolores,0
8,CO,8035,Douglas,0
8,CO,8037,Eagle,0
8,CO,8039,Elbert,0
8,CO,8041,El Paso,0
8,CO,8043,Fremont,0
8,CO,8045,Garfield,0
8,CO,8047,Gilpin,0
8,CO,8049,Grand,0
8,CO,8051,Gunnison,0
8,CO,8053,Hinsdale,0
8,CO,8055,Huerfano,0
8,CO,8057,Jackson,0
8,CO,8059,Jefferson,0
8,CO,8061,Kiowa,0
8,CO,8063,Kit Carson,0
8,CO,8065,Lake,0
8,CO,8067,La Plata,0
8,CO,8069,Larimer,0
8,CO,8071,Las Animas,0
8,CO,8073,Lincoln,0
8,CO,8075,Logan,0
8,CO,8077,Mesa,0
8,CO,8079,Mineral,0
8,CO,8081,Moffat,0
8,CO,8083,Montezuma,0
8,CO,8085,Montrose,0
8,CO,8087,Morgan,0
8,CO,8089,Otero,0
8,CO,8091,Ouray,0
8,CO,8093,Park,0
8,CO,8095,Phillips,0
8,CO,8097,Pitkin,0
8,CO,8099,Prowers,0
8,CO,8101,Pueblo,0
8,CO,8103,Rio Blanco,0
8,CO,8105,Rio Grande,0
8,CO,8107,Routt,0
8,CO,8109,Saguache,0
8,CO,8111,San Juan,0
8,CO,8113,San Miguel,0
8,CO,8115,Sedgwick,0
8,CO,8117,Summit,0
8,CO,8119,Teller,0
8,CO,8121,Washington,0
8,CO,8123,Weld,0
8,CO,8125,Yuma,0
9,CT,9001,Fairfield,0
9,CT,9003,Hartford,0
9,CT,9005,Litchfield,0
9,CT,9007,Middlesex,0
9,CT,9009,New Haven,0
9,CT,9011,New London,0
9,CT,9013,Tolland,0
9,CT,9015,Windham,0
10,DE,10001,Kent,0
10,DE,10003,New Castle,0
10,DE,10005,Sussex,0
11,DC,11001,District of Columbia,100.006
12,FL,12001,Alachua,82.342
12,FL,12003,Baker,67.397
12,FL,12005,Bay,62.125
12,FL,12007,Bradford,73.664
12,FL,12009,Brevard,82.611
12,FL,12011,Broward,120.284
12,FL,12013,Calhoun,64.387
12,FL,12015,Charlotte,193.145
12,FL,12017,Citrus,122.194
12,FL,12019,Clay,70.61
12,FL,12021,Collier,157.577
12,FL,12023,Columbia,65.623
12,FL,12027,DeSoto,277.27
12,FL,12029,Dixie,69.151
12,FL,12031,Duval,70.547
12,FL,12033,Escambia,58.895
12,FL,12035,Flagler,119.976
12,FL,12037,Franklin,70.429
12,FL,12039,Gadsden,60.953
12,FL,12041,Gilchrist,67.515
12,FL,12043,Glades,104.002
12,FL,12045,Gulf,63.099
12,FL,12047,Hamilton,50.796
12,FL,12049,Hardee,102.415
12,FL,12051,Hendry,118.185
12,FL,12053,Hernando,138.554
12,FL,12055,Highlands,133.314
12,FL,12057,Hillsborough,224.677
12,FL,12059,Holmes,62.263
12,FL,12061,Indian River,190.263
12,FL,12063,Jackson,62.658
12,FL,12065,Jefferson,60.474
12,FL,12067,Lafayette,65.692
12,FL,12069,Lake,387.833
12,FL,12071,Lee,106.485
12,FL,12073,Leon,81.139
12,FL,12075,Levy,80.624
12,FL,12077,Liberty,62.338
12,FL,12079,Madison,60.989
12,FL,12081,Manatee,135.914
12,FL,12083,Marion,99.951
12,FL,12085,Martin,110.602
12,FL,12086,Miami-Dade,167.052
12,FL,12087,Monroe,265.185
12,FL,12089,Nassau,73.011
12,FL,12091,Okaloosa,60.128
12,FL,12093,Okeechobee,152.818
12,FL,12095,Orange,126.935
12,FL,12097,Osceola,144.427
12,FL,12099,Palm Beach,107.335
12,FL,12101,Pasco,156.773
12,FL,12103,Pinellas,262.552
12,FL,12105,Polk,143.203
12,FL,12107,Putnam,146.357
12,FL,12109,St. Johns,117.368
12,FL,12111,St. Lucie,110.705
12,FL,12113,Santa Rosa,69.646
12,FL,12115,Sarasota,96.905
12,FL,12117,Seminole,193.568
12,FL,12119,Sumter,496.604
12,FL,12121,Suwannee,62.193
12,FL,12123,Taylor,60.362
12,FL,12125,Union,67.221
12,FL,12127,Volusia,235.757
12,FL,12129,Wakulla,61.396
12,FL,12131,Walton,68.201
12,FL,12133,Washington,64.091
13,GA,13001,Appling,69.746
13,GA,13003,Atkinson,66.697
13,GA,13005,Bacon,55.601
13,GA,13007,Baker,47.665
13,GA,13009,Baldwin,130.139
13,GA,13011,Banks,103.294
13,GA,13013,Barrow,119.014
13,GA,13015,Bartow,61.731
13,GA,13017,Ben Hill,52.516
13,GA,13019,Berrien,57.106
13,GA,13021,Bibb,89.086
13,GA,13023,Bleckley,48.19
13,GA,13025,Brantley,54.373
13,GA,13027,Brooks,49.348
13,GA,13029,Bryan,57.841
13,GA,13031,Bulloch,55.734
13,GA,13033,Burke,59.826
13,GA,13035,Butts,121.338
13,GA,13037,Calhoun,56.62
13,GA,13039,Camden,86.199
13,GA,13043,Candler,51.011
13,GA,13045,Carroll,81.643
13,GA,13047,Catoosa,76.848
13,GA,13049,Charlton,79.97
13,GA,13051,Chatham,110.52
13,GA,13053,Chattahoochee,72.051
13,GA,13055,Chattooga,63.007
13,GA,13057,Cherokee,71.537
13,GA,13059,Clarke,128.898
13,GA,13061,Clay,61.024
13,GA,13063,Clayton,106.133
13,GA,13065,Clinch,56.612
13,GA,13067,Cobb,171.997
13,GA,13069,Coffee,61.513
13,GA,13071,Colquitt,46.622
13,GA,13073,Columbia,147.084
13,GA,13075,Cook,54.891
13,GA,13077,Coweta,100.576
13,GA,13079,Crawford,158.618
13,GA,13081,Crisp,56.9
13,GA,13083,Dade,73.534
13,GA,13085,Dawson,71.537
13,GA,13087,Decatur,49.456
13,GA,13089,DeKalb,98.469
13,GA,13091,Dodge,48.176
13,GA,13093,Dooly,51.992
13,GA,13095,Dougherty,57.798
13,GA,13097,Douglas,107.67
13,GA,13099,Early,57.459
13,GA,13101,Echols,57.632
13,GA,13103,Effingham,60.961
13,GA,13105,Elbert,136.704
13,GA,13107,Emanuel,53.641
13,GA,13109,Evans,57.658
13,GA,13111,Fannin,73.267
13,GA,13113,Fayette,85.714
13,GA,13115,Floyd,74.754
13,GA,13117,Forsyth,106.364
13,GA,13119,Franklin,103.319
13,GA,13121,Fulton,93.971
13,GA,13123,Gilmer,77.627
13,GA,13125,Glascock,54.872
13,GA,13127,Glynn,90.992
13,GA,13129,Gordon,59.971
13,GA,13131,Grady,47.447
13,GA,13133,Greene,137.316
13,GA,13135,Gwinnett,106.488
13,GA,13137,Habersham,103.294
13,GA,13139,Hall,106.364
13,GA,13141,Hancock,131.262
13,GA,13143,Haralson,90.346
13,GA,13145,Harris,154.137
13,GA,13147,Hart,86.9
13,GA,13149,Heard,114.747
13,GA,13151,Henry,72.916
13,GA,13153,Houston,53.347
13,GA,13155,Irwin,58.853
13,GA,13157,Jackson,100.512
13,GA,13159,Jasper,129.82
13,GA,13161,Jeff Davis,73.825
13,GA,13163,Jefferson,57.758
13,GA,13165,Jenkins,56.849
13,GA,13167,Johnson,51.921
13,GA,13169,Jones,130.244
13,GA,13171,Lamar,82.406
13,GA,13173,Lanier,55.376
13,GA,13175,Laurens,53.553
13,GA,13177,Lee,54.861
13,GA,13179,Liberty,81.337
13,GA,13181,Lincoln,149.387
13,GA,13183,Long,57.98
13,GA,13185,Lowndes,54.444
13,GA,13187,Lumpkin,73.267
13,GA,13189,McDuffie,151.898
13,GA,13191,McIntosh,80.332
13,GA,13193,Macon,57.454
13,GA,13195,Madison,120.777
13,GA,13197,Marion,54.061
13,GA,13199,Meriwether,183.085
13,GA,13201,Miller,47.463
13,GA,13205,Mitchell,47.084
13,GA,13207,Monroe,120.777
13,GA,13209,Montgomery,53.929
13,GA,13211,Morgan,132.561
13,GA,13213,Murray,68.499
13,GA,13215,Muscogee,113.334
13,GA,13217,Newton,61.726
13,GA,13219,Oconee,128.898
13,GA,13221,Oglethorpe,131.524
13,GA,13223,Paulding,102.505
13,GA,13225,Peach,53.274
13,GA,13227,Pickens,77.485
13,GA,13229,Pierce,68.427
13,GA,13231,Pike,114.517
13,GA,13233,Polk,53.34
13,GA,13235,Pulaski,52.219
13,GA,13237,Putnam,136.113
13,GA,13239,Quitman,78.866
13,GA,13241,Rabun,78.614
13,GA,13243,Randolph,47.745
13,GA,13245,Richmond,147.084
13,GA,13247,Rockdale,89.994
13,GA,13249,Schley,48.961
13,GA,13251,Screven,57.056
13,GA,13253,Seminole,47.781
13,GA,13255,Spalding,99.605
13,GA,13257,Stephens,103.294
13,GA,13259,Stewart,52.653
13,GA,13261,Sumter,55.944
13,GA,13263,Talbot,145.288
13,GA,13265,Taliaferro,129.312
13,GA,13267,Tattnall,61.103
13,GA,13269,Taylor,106.466
13,GA,13271,Telfair,57.527
13,GA,13273,Terrell,54.902
13,GA,13275,Thomas,49.752
13,GA,13277,Tift,57.436
13,GA,13279,Toombs,58.482
13,GA,13281,Towns,76.415
13,GA,13283,Treutlen,51.751
13,GA,13285,Troup,113.202
13,GA,13287,Turner,57.396
13,GA,13289,Twiggs,52.808
13,GA,13291,Union,55.993
13,GA,13293,Upson,149.487
13,GA,13295,Walker,51.387
13,GA,13297,Walton,89.994
13,GA,13299,Ware,59.54
13,GA,13301,Warren,70.132
13,GA,13303,Washington,54.095
13,GA,13305,Wayne,58.682
13,GA,13307,Webster,49.665
13,GA,13309,Wheeler,54.452
13,GA,13311,White,58.801
13,GA,13313,Whitfield,58.17
13,GA,13315,Wilcox,53.745
13,GA,13317,Wilkes,147.66
13,GA,13319,Wilkinson,51.191
13,GA,13321,Worth,55.909
16,ID,16001,Ada,0
16,ID,16003,Adams,0
16,ID,16005,Bannock,0
16,ID,16007,Bear Lake,0
16,ID,16009,Benewah,0
16,ID,16011,Bingham,0
16,ID,16013,Blaine,0
16,ID,16015,Boise,0
16,ID,16017,Bonner,0
16,ID,16019,Bonneville,0
16,ID,16021,Boundary,0
16,ID,16023,Butte,0
16,ID,16025,Camas,0
16,ID,16027,Canyon,0
16,ID,16029,Caribou,0
16,ID,16031,Cassia,0
16,ID,16033,Clark,0
16,ID,16035,Clearwater,0
16,ID,16037,Custer,0
16,ID,16039,Elmore,0
16,ID,16041,Franklin,0
16,ID,16043,Fremont,0
16,ID,16045,Gem,0
16,ID,16047,Gooding,0
16,ID,16049,Idaho,0
16,ID,16051,Jefferson,0
16,ID,16053,Jerome,0
16,ID,16055,Kootenai,0
16,ID,16057,Latah,0
16,ID,16059,Lemhi,0
16,ID,16061,Lewis,0
16,ID,16063,Lincoln,0
16,ID,16065,Madison,0
16,ID,16067,Minidoka,0
16,ID,16069,Nez Perce,0
16,ID,16071,Oneida,0
16,ID,16073,Owyhee,0
16,ID,16075,Payette,0
16,ID,16077,Power,0
16,ID,16079,Shoshone,0
16,ID,16081,Teton,0
16,ID,16083,Twin Falls,0
16,ID,16085,Valley,0
16,ID,16087,Washington,0
17,IL,17001,Adams,61.071
17,IL,17003,Alexander,79.607
17,IL,17005,Bond,63.55
17,IL,17007,Boone,80.79
17,IL,17009,Brown,67.811
17,IL,17011,Bureau,53.496
17,IL,17013,Calhoun,76.492
17,IL,17015,Carroll,56.081
17,IL,17017,Cass,59.498
17,IL,17019,Champaign,54.985
17,IL,17021,Christian,63.888
17,IL,17023,Clark,59.911
17,IL,17025,Clay,55.575
17,IL,17027,Clinton,64.851
17,IL,17029,Coles,65.747
17,IL,17031,Cook,66.404
17,IL,17033,Crawford,56.645
17,IL,17035,Cumberland,61.774
17,IL,17037,DeKalb,54.079
17,IL,17039,De Witt,63.032
17,IL,17041,Douglas,64.473
17,IL,17043,DuPage,79.219
17,IL,17045,Edgar,58.638
17,IL,17047,Edwards,61.809
17,IL,17049,Effingham,59.655
17,IL,17051,Fayette,56.104
17,IL,17053,Ford,62.851
17,IL,17055,Franklin,64.989
17,IL,17057,Fulton,66.777
17,IL,17059,Gallatin,64.808
17,IL,17061,Greene,60.755
17,IL,17063,Grundy,74.287
17,IL,17065,Hamilton,66.129
17,IL,17067,Hancock,63.223
17,IL,17069,Hardin,65.542
17,IL,17071,Henderson,63.115
17,IL,17073,Henry,59.428
17,IL,17075,Iroquois,49.494
17,IL,17077,Jackson,54.37
17,IL,17079,Jasper,59.432
17,IL,17081,Jefferson,57.214
17,IL,17083,Jersey,59.843
17,IL,17085,Jo Daviess,53.606
17,IL,17087,Johnson,56.63
17,IL,17089,Kane,54.68
17,IL,17091,Kankakee,85.499
17,IL,17093,Kendall,56.623
17,IL,17095,Knox,65.363
17,IL,17097,Lake,62.434
17,IL,17099,LaSalle,52.978
17,IL,17101,Lawrence,72.145
17,IL,17103,Lee,77.09
17,IL,17105,Livingston,52.131
17,IL,17107,Logan,63.682
17,IL,17109,McDonough,64.54
17,IL,17111,McHenry,67.785
17,IL,17113,McLean,68.348
17,IL,17115,Macon,60.352
17,IL,17117,Macoupin,65.414
17,IL,17119,Madison,62.82
17,IL,17121,Marion,64.003
17,IL,17123,Marshall,64.206
17,IL,17125,Mason,50.553
17,IL,17127,Massac,59.462
17,IL,17129,Menard,64.202
17,IL,17131,Mercer,62.101
17,IL,17133,Monroe,81.652
17,IL,17135,Montgomery,59.682
17,IL,17137,Morgan,61.571
17,IL,17139,Moultrie,63.201
17,IL,17141,Ogle,54.353
17,IL,17143,Peoria,62.323
17,IL,17145,Perry,57.728
17,IL,17147,Piatt,62.789
17,IL,17149,Pike,65.286
17,IL,17151,Pope,63.251
17,IL,17153,Pulaski,63.744
17,IL,17155,Putnam,65.433
17,IL,17157,Randolph,63.7
17,IL,17159,Richland,62.797
17,IL,17161,Rock Island,76.255
17,IL,17163,St. Clair,70.887
17,IL,17165,Saline,53.658
17,IL,17167,Sangamon,66.838
17,IL,17169,Schuyler,64.044
17,IL,17171,Scott,62.165
17,IL,17173,Shelby,65.47
17,IL,17175,Stark,64.002
17,IL,17177,Stephenson,57.362
17,IL,17179,Tazewell,70.565
17,IL,17181,Union,56.411
17,IL,17183,Vermilion,67.115
17,IL,17185,Wabash,62.628
17,IL,17187,Warren,66.853
17,IL,17189,Washington,62.174
17,IL,17191,Wayne,62.862
17,IL,17193,White,71.712
17,IL,17195,Whiteside,93.554
17,IL,17197,Will,57.219
17,IL,17199,Williamson,52.428
17,IL,17201,Winnebago,58.337
17,IL,17203,Woodford,64.253
18,IN,18001,Adams,70.691
18,IN,18003,Allen,76.508
18,IN,18005,Bartholomew,68.358
18,IN,18007,Benton,80.66
18,IN,18009,Blackford,66.852
18,IN,18011,Boone,67.353
18,IN,18013,Brown,61.455
18,IN,18015,Carroll,71.964
18,IN,18017,Cass,72.932
18,IN,18019,Clark,68.566
18,IN,18021,Clay,68
18,IN,18023,Clinton,71.109
18,IN,18025,Crawford,62.779
18,IN,18027,Daviess,69.098
18,IN,18029,Dearborn,69.937
18,IN,18031,Decatur,73.597
18,IN,18033,DeKalb,76.057
18,IN,18035,Delaware,68.653
18,IN,18037,Dubois,66.555
18,IN,18039,Elkhart,69.308
18,IN,18041,Fayette,73.299
18,IN,18043,Floyd,68.894
18,IN,18045,Fountain,72.642
18,IN,18047,Franklin,71.465
18,IN,18049,Fulton,73.223
18,IN,18051,Gibson,70.886
18,IN,18053,Grant,69.393
18,IN,18055,Greene,66.702
18,IN,18057,Hamilton,69.218
18,IN,18059,Hancock,68.562
18,IN,18061,Harrison,72.326
18,IN,18063,Hendricks,71.802
18,IN,18065,Henry,71.282
18,IN,18067,Howard,71.649
18,IN,18069,Huntington,77.192
18,IN,18071,Jackson,64.942
18,IN,18073,Jasper,70.427
18,IN,18075,Jay,71.778
18,IN,18077,Jefferson,58.16
18,IN,18079,Jennings,62.605
18,IN,18081,Johnson,72.086
18,IN,18083,Knox,71.267
18,IN,18085,Kosciusko,75.82
18,IN,18087,LaGrange,68.135
18,IN,18089,Lake,67.833
18,IN,18091,LaPorte,81.061
18,IN,18093,Lawrence,72.155
18,IN,18095,Madison,69.354
18,IN,18097,Marion,69.17
18,IN,18099,Marshall,70.16
18,IN,18101,Martin,66.507
18,IN,18103,Miami,73.295
18,IN,18105,Monroe,71.508
18,IN,18107,Montgomery,73.658
18,IN,18109,Morgan,73.333
18,IN,18111,Newton,162.554
18,IN,18113,Noble,74.384
18,IN,18115,Ohio,72.258
18,IN,18117,Orange,71.136
18,IN,18119,Owen,69.692
18,IN,18121,Parke,65.73
18,IN,18123,Perry,71.272
18,IN,18125,Pike,64.491
18,IN,18127,Porter,168.168
18,IN,18129,Posey,67.777
18,IN,18131,Pulaski,70.953
18,IN,18133,Putnam,71.351
18,IN,18135,Randolph,69.794
18,IN,18137,Ripley,66.041
18,IN,18139,Rush,71.708
18,IN,18141,St. Joseph,69.59
18,IN,18143,Scott,66.62
18,IN,18145,Shelby,69.034
18,IN,18147,Spencer,68.345
18,IN,18149,Starke,63.182
18,IN,18151,Steuben,74.848
18,IN,18153,Sullivan,70.861
18,IN,18155,Switzerland,71.679
18,IN,18157,Tippecanoe,72.587
18,IN,18159,Tipton,69.704
18,IN,18161,Union,73.457
18,IN,18163,Vanderburgh,67.183
18,IN,18165,Vermillion,70.862
18,IN,18167,Vigo,68.498
18,IN,18169,Wabash,72.535
18,IN,18171,Warren,66.648
18,IN,18173,Warrick,67.588
18,IN,18175,Washington,62.617
18,IN,18177,Wayne,67.067
18,IN,18179,Wells,79.35
18,IN,18181,White,73.784
18,IN,18183,Whitley,76.422
19,IA,19001,Adair,49.134
19,IA,19003,Adams,47.411
19,IA,19005,Allamakee,82.467
19,IA,19007,Appanoose,47.854
19,IA,19009,Audubon,51.644
19,IA,19011,Benton,56.257
19,IA,19013,Black Hawk,51.034
19,IA,19015,Boone,50.449
19,IA,19017,Bremer,50.629
19,IA,19019,Buchanan,172.204
19,IA,19021,Buena Vista,64.806
19,IA,19023,Butler,57.923
19,IA,19025,Calhoun,53.631
19,IA,19027,Carroll,55.739
19,IA,19029,Cass,50.489
19,IA,19031,Cedar,48.63
19,IA,19033,Cerro Gordo,60.105
19,IA,19035,Cherokee,99.328
19,IA,19037,Chickasaw,51.581
19,IA,19039,Clarke,51.39
19,IA,19041,Clay,57.937
19,IA,19043,Clayton,102.17
19,IA,19045,Clinton,122.409
19,IA,19047,Crawford,53.674
19,IA,19049,Dallas,49.417
19,IA,19051,Davis,47.851
19,IA,19053,Decatur,48.641
19,IA,19055,Delaware,60.759
19,IA,19057,Des Moines,44.433
19,IA,19059,Dickinson,60.125
19,IA,19061,Dubuque,89.914
19,IA,19063,Emmet,53.577
19,IA,19065,Fayette,101.9
19,IA,19067,Floyd,59.748
19,IA,19069,Franklin,57.889
19,IA,19071,Fremont,80.775
19,IA,19073,Greene,49.647
19,IA,19075,Grundy,50.005
19,IA,19077,Guthrie,48.2
19,IA,19079,Hamilton,51.811
19,IA,19081,Hancock,53.111
19,IA,19083,Hardin,53.589
19,IA,19085,Harrison,60.573
19,IA,19087,Henry,48.69
19,IA,19089,Howard,66.34
19,IA,19091,Humboldt,48.745
19,IA,19093,Ida,82.591
19,IA,19095,Iowa,59.238
19,IA,19097,Jackson,71.068
19,IA,19099,Jasper,47.865
19,IA,19101,Jefferson,48.134
19,IA,19103,Johnson,54.347
19,IA,19105,Jones,61.019
19,IA,19107,Keokuk,49.284
19,IA,19109,Kossuth,55.261
19,IA,19111,Lee,45.586
19,IA,19113,Linn,51.458
19,IA,19115,Louisa,56.617
19,IA,19117,Lucas,52.75
19,IA,19119,Lyon,71.084
19,IA,19121,Madison,74.584
19,IA,19123,Mahaska,50.879
19,IA,19125,Marion,54.126
19,IA,19127,Marshall,48.849
19,IA,19129,Mills,64.162
19,IA,19131,Mitchell,54.464
19,IA,19133,Monona,61.614
19,IA,19135,Monroe,52.012
19,IA,19137,Montgomery,94.361
19,IA,19139,Muscatine,49.436
19,IA,19141,O'Brien,78.931
19,IA,19143,Osceola,62.977
19,IA,19145,Page,63.866
19,IA,19147,Palo Alto,58.833
19,IA,19149,Plymouth,65.574
19,IA,19151,Pocahontas,53.812
19,IA,19153,Polk,47.786
19,IA,19155,Pottawattamie,53.509
19,IA,19157,Poweshiek,50.153
19,IA,19159,Ringgold,51.729
19,IA,19161,Sac,71.522
19,IA,19163,Scott,52.555
19,IA,19165,Shelby,55.534
19,IA,19167,Sioux,63.134
19,IA,19169,Story,50.457
19,IA,19171,Tama,53.882
19,IA,19173,Taylor,76.025
19,IA,19175,Union,50.087
19,IA,19177,Van Buren,48.216
19,IA,19179,Wapello,52.536
19,IA,19181,Warren,58.555
19,IA,19183,Washington,56.098
19,IA,19185,Wayne,52.288
19,IA,19187,Webster,50.659
19,IA,19189,Winnebago,55.656
19,IA,19191,Winneshiek,66.736
19,IA,19193,Woodbury,65.74
19,IA,19195,Worth,52.537
19,IA,19197,Wright,51.939
20,KS,20001,Allen,45.28
20,KS,20003,Anderson,48.31
20,KS,20005,Atchison,54.47
20,KS,20007,Barber,82.792
20,KS,20009,Barton,110.14
20,KS,20011,Bourbon,45.692
20,KS,20013,Brown,60.741
20,KS,20015,Butler,50.027
20,KS,20017,Chase,53.603
20,KS,20019,Chautauqua,48.87
20,KS,20021,Cherokee,46.709
20,KS,20023,Cheyenne,219.041
20,KS,20025,Clark,176.476
20,KS,20027,Clay,83.266
20,KS,20029,Cloud,109.289
20,KS,20031,Coffey,46.307
20,KS,20033,Comanche,56.517
20,KS,20035,Cowley,54.862
20,KS,20037,Crawford,44.555
20,KS,20039,Decatur,126.077
20,KS,20041,Dickinson,73.497
20,KS,20043,Doniphan,57.092
20,KS,20045,Douglas,58.909
20,KS,20047,Edwards,105.679
20,KS,20049,Elk,49.115
20,KS,20051,Ellis,111.006
20,KS,20053,Ellsworth,102.691
20,KS,20055,Finney,229.869
20,KS,20057,Ford,227.114
20,KS,20059,Franklin,46.627
20,KS,20061,Geary,56.488
20,KS,20063,Gove,243.687
20,KS,20065,Graham,198.271
20,KS,20067,Grant,182.214
20,KS,20069,Gray,579.564
20,KS,20071,Greeley,199.787
20,KS,20073,Greenwood,47.166
20,KS,20075,Hamilton,234.791
20,KS,20077,Harper,58.152
20,KS,20079,Harvey,64.226
20,KS,20081,Haskell,133.768
20,KS,20083,Hodgeman,232.566
20,KS,20085,Jackson,57.172
20,KS,20087,Jefferson,61.306
20,KS,20089,Jewell,92.311
20,KS,20091,Johnson,53.726
20,KS,20093,Kearny,343.822
20,KS,20095,Kingman,64.864
20,KS,20097,Kiowa,63.006
20,KS,20099,Labette,49.887
20,KS,20101,Lane,1023.208
20,KS,20103,Leavenworth,52.02
20,KS,20105,Lincoln,110.07
20,KS,20107,Linn,45.867
20,KS,20109,Logan,241.704
20,KS,20111,Lyon,51.899
20,KS,20113,McPherson,62.576
20,KS,20115,Marion,56.317
20,KS,20117,Marshall,64.416
20,KS,20119,Meade,380.483
20,KS,20121,Miami,51.895
20,KS,20123,Mitchell,92.332
20,KS,20125,Montgomery,48.145
20,KS,20127,Morris,49.767
20,KS,20129,Morton,933.453
20,KS,20131,Nemaha,58.772
20,KS,20133,Neosho,45.892
20,KS,20135,Ness,249.726
20,KS,20137,Norton,104
20,KS,20139,Osage,47.782
20,KS,20141,Osborne,110.017
20,KS,20143,Ottawa,92.454
20,KS,20145,Pawnee,118.736
20,KS,20147,Phillips,171.198
20,KS,20149,Pottawatomie,53.644
20,KS,20151,Pratt,68.782
20,KS,20153,Rawlins,183.383
20,KS,20155,Reno,50.633
20,KS,20157,Republic,94.348
20,KS,20159,Rice,88.51
20,KS,20161,Riley,57.969
20,KS,20163,Rooks,127.242
20,KS,20165,Rush,169.614
20,KS,20167,Russell,169.018
20,KS,20169,Saline,68.993
20,KS,20171,Scott,835.2
20,KS,20173,Sedgwick,58.642
20,KS,20175,Seward,230.832
20,KS,20177,Shawnee,54.214
20,KS,20179,Sheridan,944.768
20,KS,20181,Sherman,442.301
20,KS,20183,Smith,114.745
20,KS,20185,Stafford,67.484
20,KS,20187,Stanton,433.086
20,KS,20189,Stevens,364.906
20,KS,20191,Sumner,52.171
20,KS,20193,Thomas,241.964
20,KS,20195,Trego,149.029
20,KS,20197,Wabaunsee,51.986
20,KS,20199,Wallace,31144.919
20,KS,20201,Washington,73.24
20,KS,20203,Wichita,1038.774
20,KS,20205,Wilson,47.062
20,KS,20207,Woodson,49.515
20,KS,20209,Wyandotte,48.195
21,KY,21001,Adair,59.281
21,KY,21003,Allen,55.927
21,KY,21005,Anderson,50.159
21,KY,21007,Ballard,47.509
21,KY,21009,Barren,52.697
21,KY,21011,Bath,54.546
21,KY,21013,Bell,47.272
21,KY,21015,Boone,53.736
21,KY,21017,Bourbon,54.527
21,KY,21019,Boyd,52.201
21,KY,21021,Boyle,48.3
21,KY,21023,Bracken,48.32
21,KY,21025,Breathitt,51.546
21,KY,21027,Breckinridge,57.318
21,KY,21029,Bullitt,52.088
21,KY,21031,Butler,53.354
21,KY,21033,Caldwell,51.308
21,KY,21035,Calloway,48.607
21,KY,21037,Campbell,50.476
21,KY,21039,Carlisle,47.327
21,KY,21041,Carroll,52.111
21,KY,21043,Carter,53.894
21,KY,21045,Casey,58.67
21,KY,21047,Christian,50.474
21,KY,21049,Clark,50.214
21,KY,21051,Clay,47.28
21,KY,21053,Clinton,59.387
21,KY,21055,Crittenden,52.543
21,KY,21057,Cumberland,55.019
21,KY,21059,Daviess,55.784
21,KY,21061,Edmonson,57.143
21,KY,21063,Elliott,53.071
21,KY,21065,Estill,52.764
21,KY,21067,Fayette,54.298
21,KY,21069,Fleming,47.457
21,KY,21071,Floyd,129.46
21,KY,21073,Franklin,48.493
21,KY,21075,Fulton,52.4
21,KY,21077,Gallatin,50.241
21,KY,21079,Garrard,48.498
21,KY,21081,Grant,53.072
21,KY,21083,Graves,47.459
21,KY,21085,Grayson,55.066
21,KY,21087,Green,55.771
21,KY,21089,Greenup,54.255
21,KY,21091,Hancock,49.35
21,KY,21093,Hardin,56.923
21,KY,21095,Harlan,53.51
21,KY,21097,Harrison,53.134
21,KY,21099,Hart,51.975
21,KY,21101,Henderson,53.807
21,KY,21103,Henry,54.605
21,KY,21105,Hickman,48.603
21,KY,21107,Hopkins,49.414
21,KY,21109,Jackson,49.022
21,KY,21111,Jefferson,47.201
21,KY,21113,Jessamine,50.229
21,KY,21115,Johnson,54.18
21,KY,21117,Kenton,50.759
21,KY,21119,Knott,53.144
21,KY,21121,Knox,49.374
21,KY,21123,Larue,56.473
21,KY,21125,Laurel,46.925
21,KY,21127,Lawrence,52.016
21,KY,21129,Lee,50.839
21,KY,21131,Leslie,53.001
21,KY,21133,Letcher,53.345
21,KY,21135,Lewis,53.731
21,KY,21137,Lincoln,58.514
21,KY,21139,Livingston,50.633
21,KY,21141,Logan,51.415
21,KY,21143,Lyon,52.57
21,KY,21145,McCracken,51.679
21,KY,21147,McCreary,47.86
21,KY,21149,McLean,53.277
21,KY,21151,Madison,55.074
21,KY,21153,Magoffin,51.988
21,KY,21155,Marion,55.126
21,KY,21157,Marshall,48.767
21,KY,21159,Martin,55.539
21,KY,21161,Mason,50.488
21,KY,21163,Meade,51.782
21,KY,21165,Menifee,53.571
21,KY,21167,Mercer,55.465
21,KY,21169,Metcalfe,56.368
21,KY,21171,Monroe,61.003
21,KY,21173,Montgomery,52.739
21,KY,21175,Morgan,56.073
21,KY,21177,Muhlenberg,52.878
21,KY,21179,Nelson,56.935
21,KY,21181,Nicholas,51.228
21,KY,21183,Ohio,53.711
21,KY,21185,Oldham,49.191
21,KY,21187,Owen,52.31
21,KY,21189,Owsley,46.136
21,KY,21191,Pendleton,54.446
21,KY,21193,Perry,55.079
21,KY,21195,Pike,55.484
21,KY,21197,Powell,50.087
21,KY,21199,Pulaski,57.154
21,KY,21201,Robertson,48.966
21,KY,21203,Rockcastle,53.956
21,KY,21205,Rowan,50.971
21,KY,21207,Russell,53.704
21,KY,21209,Scott,51.428
21,KY,21211,Shelby,52.3
21,KY,21213,Simpson,56.562
21,KY,21215,Spencer,54
21,KY,21217,Taylor,56.845
21,KY,21219,Todd,53.387
21,KY,21221,Trigg,47.899
21,KY,21223,Trimble,53.639
21,KY,21225,Union,51.324
21,KY,21227,Warren,53.843
21,KY,21229,Washington,52.066
21,KY,21231,Wayne,56.235
21,KY,21233,Webster,51.967
21,KY,21235,Whitley,47.466
21,KY,21237,Wolfe,50.858
21,KY,21239,Woodford,51.607
22,LA,22001,Acadia,121.068
22,LA,22003,Allen,52.14
22,LA,22005,Ascension,67.702
22,LA,22007,Assumption,68.381
22,LA,22009,Avoyelles,59.593
22,LA,22011,Beauregard,51.451
22,LA,22013,Bienville,79.135
22,LA,22015,Bossier,89.46
22,LA,22017,Caddo,244.398
22,LA,22019,Calcasieu,58.707
22,LA,22021,Caldwell,141.039
22,LA,22023,Cameron,91.869
22,LA,22025,Catahoula,51.179
22,LA,22027,Claiborne,81.012
22,LA,22029,Concordia,58.361
22,LA,22031,De Soto,279.795
22,LA,22033,East Baton Rouge,128.003
22,LA,22035,East Carroll,51.079
22,LA,22037,East Feliciana,58.888
22,LA,22039,Evangeline,56.775
22,LA,22041,Franklin,59.111
22,LA,22043,Grant,57.24
22,LA,22045,Iberia,66.34
22,LA,22047,Iberville,60.834
22,LA,22049,Jackson,80.275
22,LA,22051,Jefferson,145.229
22,LA,22053,Jefferson Davis,100.164
22,LA,22055,Lafayette,58.207
22,LA,22057,Lafourche,106.88
22,LA,22059,La Salle,80.435
22,LA,22061,Lincoln,81.549
22,LA,22063,Livingston,66.702
22,LA,22065,Madison,57.583
22,LA,22067,Morehouse,61.199
22,LA,22069,Natchitoches,60.886
22,LA,22071,Orleans,177.891
22,LA,22073,Ouachita,105.644
22,LA,22075,Plaquemines,184.167
22,LA,22077,Pointe Coupee,61.894
22,LA,22079,Rapides,60.785
22,LA,22081,Red River,80.278
22,LA,22083,Richland,60.558
22,LA,22085,Sabine,70.389
22,LA,22087,St. Bernard,149.631
22,LA,22089,St. Charles,66.752
22,LA,22091,St. Helena,66.224
22,LA,22093,St. James,66.98
22,LA,22095,St. John the Baptist,67.194
22,LA,22097,St. Landry,57.902
22,LA,22099,St. Martin,58.513
22,LA,22101,St. Mary,95.762
22,LA,22103,St. Tammany,69.06
22,LA,22105,Tangipahoa,65.395
22,LA,22107,Tensas,50.546
22,LA,22109,Terrebonne,110.774
22,LA,22111,Union,81.977
22,LA,22113,Vermilion,80.03
22,LA,22115,Vernon,69.481
22,LA,22117,Washington,60.868
22,LA,22119,Webster,74.798
22,LA,22121,West Baton Rouge,59.405
22,LA,22123,West Carroll,60.91
22,LA,22125,West Feliciana,57.788
22,LA,22127,Winn,129.528
23,ME,23001,Androscoggin,0
23,ME,23003,Aroostook,0
23,ME,23005,Cumberland,0
23,ME,23007,Franklin,0
23,ME,23009,Hancock,0
23,ME,23011,Kennebec,0
23,ME,23013,Knox,0
23,ME,23015,Lincoln,0
23,ME,23017,Oxford,0
23,ME,23019,Penobscot,0
23,ME,23021,Piscataquis,0
23,ME,23023,Sagadahoc,0
23,ME,23025,Somerset,0
23,ME,23027,Waldo,0
23,ME,23029,Washington,0
23,ME,23031,York,0
24,MD,24001,Allegany,69.858
24,MD,24003,Anne Arundel,60.045
24,MD,24005,Baltimore,58.162
24,MD,24009,Calvert,146.651
24,MD,24011,Caroline,53.812
24,MD,24013,Carroll,55.496
24,MD,24015,Cecil,63.18
24,MD,24017,Charles,59.355
24,MD,24019,Dorchester,56.315
24,MD,24021,Frederick,59.015
24,MD,24023,Garrett,69.606
24,MD,24025,Harford,58.511
24,MD,24027,Howard,57.33
24,MD,24029,Kent,58.083
24,MD,24031,Montgomery,59.858
24,MD,24033,Prince George's,80.215
24,MD,24035,Queen Anne's,55.411
24,MD,24037,St. Mary's,145.645
24,MD,24039,Somerset,57.376
24,MD,24041,Talbot,56.513
24,MD,24043,Washington,57.946
24,MD,24045,Wicomico,53.177
24,MD,24047,Worcester,212.706
24,MD,24510,Baltimore,66.943
25,MA,25001,Barnstable,0
25,MA,25003,Berkshire,0
25,MA,25005,Bristol,0
25,MA,25007,Dukes,0
25,MA,25009,Essex,0
25,MA,25011,Franklin,0
25,MA,25013,Hampden,0
25,MA,25015,Hampshire,0
25,MA,25017,Middlesex,0
25,MA,25019,Nantucket,0
25,MA,25021,Norfolk,0
25,MA,25023,Plymouth,0
25,MA,25025,Suffolk,0
25,MA,25027,Worcester,0
26,MI,26001,Alcona,78.312
26,MI,26003,Alger,151.901
26,MI,26005,Allegan,51.169
26,MI,26007,Alpena,280.901
26,MI,26009,Antrim,52.072
26,MI,26011,Arenac,54.409
26,MI,26013,Baraga,86.015
26,MI,26015,Barry,52.304
26,MI,26017,Bay,52.441
26,MI,26019,Benzie,108.649
26,MI,26021,Berrien,63.142
26,MI,26023,Branch,51.796
26,MI,26025,Calhoun,56.662
26,MI,26027,Cass,47.673
26,MI,26029,Charlevoix,53.634
26,MI,26031,Cheboygan,107.947
26,MI,26033,Chippewa,57.733
26,MI,26035,Clare,129.24
26,MI,26037,Clinton,56.178
26,MI,26039,Crawford,139.626
26,MI,26041,Delta,103.14
26,MI,26043,Dickinson,193.786
26,MI,26045,Eaton,55.878
26,MI,26047,Emmet,355.995
26,MI,26049,Genesee,55.518
26,MI,26051,Gladwin,55.136
26,MI,26053,Gogebic,114.305
26,MI,26055,Grand Traverse,55.426
26,MI,26057,Gratiot,54.676
26,MI,26059,Hillsdale,51.087
26,MI,26061,Houghton,124.46
26,MI,26063,Huron,51.179
26,MI,26065,Ingham,69.162
26,MI,26067,Ionia,68.096
26,MI,26069,Iosco,67.657
26,MI,26071,Iron,300.432
26,MI,26073,Isabella,77.57
26,MI,26075,Jackson,52.909
26,MI,26077,Kalamazoo,57.618
26,MI,26079,Kalkaska,125.595
26,MI,26081,Kent,52.39
26,MI,26083,Keweenaw,98.008
26,MI,26085,Lake,64.115
26,MI,26087,Lapeer,50.872
26,MI,26089,Leelanau,76.161
26,MI,26091,Lenawee,53.336
26,MI,26093,Livingston,73.803
26,MI,26095,Luce,145.715
26,MI,26097,Mackinac,142.648
26,MI,26099,Macomb,52.227
26,MI,26101,Manistee,273.131
26,MI,26103,Marquette,187.127
26,MI,26105,Mason,145.427
26,MI,26107,Mecosta,50.623
26,MI,26109,Menominee,201.635
26,MI,26111,Midland,66.415
26,MI,26113,Missaukee,204.856
26,MI,26115,Monroe,56.344
26,MI,26117,Montcalm,52.113
26,MI,26119,Montmorency,174.387
26,MI,26121,Muskegon,112.79
26,MI,26123,Newaygo,217.347
26,MI,26125,Oakland,57.544
26,MI,26127,Oceana,331.153
26,MI,26129,Ogemaw,120.261
26,MI,26131,Ontonagon,183.778
26,MI,26133,Osceola,66.267
26,MI,26135,Oscoda,133.857
26,MI,26137,Otsego,56.301
26,MI,26139,Ottawa,139.237
26,MI,26141,Presque Isle,20766.931
26,MI,26143,Roscommon,192.008
26,MI,26145,Saginaw,74.844
26,MI,26147,St. Clair,52.431
26,MI,26149,St. Joseph,73.393
26,MI,26151,Sanilac,53.205
26,MI,26153,Schoolcraft,133.64
26,MI,26155,Shiawassee,79.02
26,MI,26157,Tuscola,49.791
26,MI,26159,Van Buren,55.788
26,MI,26161,Washtenaw,54.867
26,MI,26163,Wayne,61.437
26,MI,26165,Wexford,79.738
27,MN,27001,Aitkin,91.872
27,MN,27003,Anoka,62.509
27,MN,27005,Becker,115.051
27,MN,27007,Beltrami,186.047
27,MN,27009,Benton,414.259
27,MN,27011,Big Stone,111.156
27,MN,27013,Blue Earth,53.641
27,MN,27015,Brown,201.788
27,MN,27017,Carlton,61.41
27,MN,27019,Carver,59.025
27,MN,27021,Cass,73.782
27,MN,27023,Chippewa,50684.406
27,MN,27025,Chisago,102.668
27,MN,27027,Clay,122.302
27,MN,27029,Clearwater,184.638
27,MN,27031,Cook,289.233
27,MN,27033,Cottonwood,68.385
27,MN,27035,Crow Wing,76.041
27,MN,27037,Dakota,57.646
27,MN,27039,Dodge,60.509
27,MN,27041,Douglas,84.645
27,MN,27043,Faribault,57.076
27,MN,27045,Fillmore,57.679
27,MN,27047,Freeborn,55.236
27,MN,27049,Goodhue,56.567
27,MN,27051,Grant,77.256
27,MN,27053,Hennepin,99.142
27,MN,27055,Houston,55.818
27,MN,27057,Hubbard,86.643
27,MN,27059,Isanti,112.212
27,MN,27061,Itasca,122.254
27,MN,27063,Jackson,59.929
27,MN,27065,Kanabec,115.87
27,MN,27067,Kandiyohi,83.285
27,MN,27069,Kittson,97.478
27,MN,27071,Koochiching,418.449
27,MN,27073,Lac qui Parle,43338.878
27,MN,27075,Lake,157.674
27,MN,27077,Lake of the Woods,605.848
27,MN,27079,Le Sueur,57.423
27,MN,27081,Lincoln,70.015
27,MN,27083,Lyon,70.342
27,MN,27085,McLeod,62.045
27,MN,27087,Mahnomen,114.991
27,MN,27089,Marshall,122.696
27,MN,27091,Martin,58.419
27,MN,27093,Meeker,75.725
27,MN,27095,Mille Lacs,97.545
27,MN,27097,Morrison,65.391
27,MN,27099,Mower,61.015
27,MN,27101,Murray,66.013
27,MN,27103,Nicollet,80.301
27,MN,27105,Nobles,65.407
27,MN,27107,Norman,83.923
27,MN,27109,Olmsted,60.873
27,MN,27111,Otter Tail,148.753
27,MN,27113,Pennington,82.621
27,MN,27115,Pine,62.807
27,MN,27117,Pipestone,76.271
27,MN,27119,Polk,149.096
27,MN,27121,Pope,74.278
27,MN,27123,Ramsey,66.275
27,MN,27125,Red Lake,131.373
27,MN,27127,Redwood,86.057
27,MN,27129,Renville,25418.445
27,MN,27131,Rice,60.954
27,MN,27133,Rock,77.583
27,MN,27135,Roseau,129.585
27,MN,27137,St. Louis,98.248
27,MN,27139,Scott,57.869
27,MN,27141,Sherburne,60.573
27,MN,27143,Sibley,58.942
27,MN,27145,Stearns,66.438
27,MN,27147,Steele,55.678
27,MN,27149,Stevens,100.799
27,MN,27151,Swift,83.946
27,MN,27153,Todd,70.058
27,MN,27155,Traverse,111.392
27,MN,27157,Wabasha,58.772
27,MN,27159,Wadena,63.505
27,MN,27161,Waseca,55.561
27,MN,27163,Washington,61.978
27,MN,27165,Watonwan,70.923
27,MN,27167,Wilkin,128.246
27,MN,27169,Winona,56.831
27,MN,27171,Wright,114.355
27,MN,27173,Yellow Medicine,72.152
28,MS,28001,Adams,66.44
28,MS,28003,Alcorn,51.164
28,MS,28005,Amite,65.524
28,MS,28007,Attala,66.891
28,MS,28009,Benton,50.08
28,MS,28011,Bolivar,61.351
28,MS,28013,Calhoun,49.426
28,MS,28015,Carroll,52.957
28,MS,28017,Chickasaw,68.674
28,MS,28019,Choctaw,69.749
28,MS,28021,Claiborne,53.066
28,MS,28023,Clarke,70.959
28,MS,28025,Clay,87.548
28,MS,28027,Coahoma,58.638
28,MS,28029,Copiah,69.35
28,MS,28031,Covington,48.973
28,MS,28033,DeSoto,54.249
28,MS,28035,Forrest,67.254
28,MS,28037,Franklin,65.8
28,MS,28039,George,69.366
28,MS,28041,Greene,67.744
28,MS,28043,Grenada,54.178
28,MS,28045,Hancock,67.134
28,MS,28047,Harrison,68.738
28,MS,28049,Hinds,66.85
28,MS,28051,Holmes,56.669
28,MS,28053,Humphreys,59.727
28,MS,28055,Issaquena,59.284
28,MS,28057,Itawamba,56.997
28,MS,28059,Jackson,67.045
28,MS,28061,Jasper,76.795
28,MS,28063,Jefferson,53.942
28,MS,28065,Jefferson Davis,67.225
28,MS,28067,Jones,67.251
28,MS,28069,Kemper,68.641
28,MS,28071,Lafayette,59.509
28,MS,28073,Lamar,66.935
28,MS,28075,Lauderdale,72.887
28,MS,28077,Lawrence,66.333
28,MS,28079,Leake,79.543
28,MS,28081,Lee,77.816
28,MS,28083,Leflore,60.964
28,MS,28085,Lincoln,66.137
28,MS,28087,Lowndes,57.811
28,MS,28089,Madison,52.527
28,MS,28091,Marion,66.349
28,MS,28093,Marshall,48.048
28,MS,28095,Monroe,57.818
28,MS,28097,Montgomery,50.993
28,MS,28099,Neshoba,74.194
28,MS,28101,Newton,67.217
28,MS,28103,Noxubee,64.285
28,MS,28105,Oktibbeha,73.463
28,MS,28107,Panola,51.983
28,MS,28109,Pearl River,67.887
28,MS,28111,Perry,67.398
28,MS,28113,Pike,65.803
28,MS,28115,Pontotoc,50.969
28,MS,28117,Prentiss,66.906
28,MS,28119,Quitman,56.876
28,MS,28121,Rankin,49.736
28,MS,28123,Scott,53.233
28,MS,28125,Sharkey,59.93
28,MS,28127,Simpson,48.534
28,MS,28129,Smith,71.406
28,MS,28131,Stone,69.629
28,MS,28133,Sunflower,58.571
28,MS,28135,Tallahatchie,59.771
28,MS,28137,Tate,48.786
28,MS,28139,Tippah,57.972
28,MS,28141,Tishomingo,62.023
28,MS,28143,Tunica,81.073
28,MS,28145,Union,51.474
28,MS,28147,Walthall,66.651
28,MS,28149,Warren,53.414
28,MS,28151,Washington,61.818
28,MS,28153,Wayne,67.177
28,MS,28155,Webster,51.264
28,MS,28157,Wilkinson,65.844
28,MS,28159,Winston,68.935
28,MS,28161,Yalobusha,50.549
28,MS,28163,Yazoo,57.338
29,MO,29001,Adair,56.375
29,MO,29003,Andrew,69.7
29,MO,29005,Atchison,70.31
29,MO,29007,Audrain,56.873
29,MO,29009,Barry,55.36
29,MO,29011,Barton,55.119
29,MO,29013,Bates,57.98
29,MO,29015,Benton,60.352
29,MO,29017,Bollinger,64.876
29,MO,29019,Boone,57.397
29,MO,29021,Buchanan,64.558
29,MO,29023,Butler,71.755
29,MO,29025,Caldwell,58.779
29,MO,29027,Callaway,68.867
29,MO,29029,Camden,59.513
29,MO,29031,Cape Girardeau,67.388
29,MO,29033,Carroll,58.503
29,MO,29035,Carter,63.001
29,MO,29037,Cass,58.737
29,MO,29039,Cedar,57.471
29,MO,29041,Chariton,59.607
29,MO,29043,Christian,51.867
29,MO,29045,Clark,59.342
29,MO,29047,Clay,60.006
29,MO,29049,Clinton,62.674
29,MO,29051,Cole,69.338
29,MO,29053,Cooper,78.758
29,MO,29055,Crawford,58.832
29,MO,29057,Dade,60.23
29,MO,29059,Dallas,48.7
29,MO,29061,Daviess,49.862
29,MO,29063,DeKalb,56.803
29,MO,29065,Dent,60.807
29,MO,29067,Douglas,64.485
29,MO,29069,Dunklin,81.604
29,MO,29071,Franklin,65.556
29,MO,29073,Gasconade,58.567
29,MO,29075,Gentry,59.26
29,MO,29077,Greene,49.946
29,MO,29079,Grundy,58.486
29,MO,29081,Harrison,51.432
29,MO,29083,Henry,57.163
29,MO,29085,Hickory,54.99
29,MO,29087,Holt,64.355
29,MO,29089,Howard,67.311
29,MO,29091,Howell,66.17
29,MO,29093,Iron,59.756
29,MO,29095,Jackson,61.198
29,MO,29097,Jasper,60.283
29,MO,29099,Jefferson,61.567
29,MO,29101,Johnson,61.836
29,MO,29103,Knox,51.144
29,MO,29105,Laclede,51.685
29,MO,29107,Lafayette,58.022
29,MO,29109,Lawrence,63.145
29,MO,29111,Lewis,62.192
29,MO,29113,Lincoln,60.52
29,MO,29115,Linn,55.385
29,MO,29117,Livingston,59.74
29,MO,29119,McDonald,70.113
29,MO,29121,Macon,61.273
29,MO,29123,Madison,58.277
29,MO,29125,Maries,54.586
29,MO,29127,Marion,69.725
29,MO,29129,Mercer,60.179
29,MO,29131,Miller,54.921
29,MO,29133,Mississippi,56.015
29,MO,29135,Moniteau,70.388
29,MO,29137,Monroe,60.672
29,MO,29139,Montgomery,62.952
29,MO,29141,Morgan,81.662
29,MO,29143,New Madrid,58.129
29,MO,29145,Newton,57.102
29,MO,29147,Nodaway,47.591
29,MO,29149,Oregon,72.267
29,MO,29151,Osage,56.462
29,MO,29153,Ozark,66.257
29,MO,29155,Pemiscot,56.026
29,MO,29157,Perry,73.136
29,MO,29159,Pettis,64.87
29,MO,29161,Phelps,48.798
29,MO,29163,Pike,67.721
29,MO,29165,Platte,62.796
29,MO,29167,Polk,48.296
29,MO,29169,Pulaski,64.574
29,MO,29171,Putnam,61.926
29,MO,29173,Ralls,66.425
29,MO,29175,Randolph,57.976
29,MO,29177,Ray,59.693
29,MO,29179,Reynolds,61.489
29,MO,29181,Ripley,65.061
29,MO,29183,St. Charles,60.493
29,MO,29185,St. Clair,57.439
29,MO,29186,Ste. Genevieve,64.422
29,MO,29187,St. Francois,57.44
29,MO,29189,St. Louis,52.834
29,MO,29195,Saline,63.97
29,MO,29197,Schuyler,54.945
29,MO,29199,Scotland,56.724
29,MO,29201,Scott,67.082
29,MO,29203,Shannon,60.626
29,MO,29205,Shelby,61.88
29,MO,29207,Stoddard,71.012
29,MO,29209,Stone,68.757
29,MO,29211,Sullivan,59.42
29,MO,29213,Taney,53.721
29,MO,29215,Texas,63.548
29,MO,29217,Vernon,56.517
29,MO,29219,Warren,68.342
29,MO,29221,Washington,59.149
29,MO,29223,Wayne,61.079
29,MO,29225,Webster,52.762
29,MO,29227,Worth,58.426
29,MO,29229,Wright,67.08
29,MO,29510,St. Louis,54.389
30,MT,30001,Beaverhead,0
30,MT,30003,Big Horn,0
30,MT,30005,Blaine,0
30,MT,30007,Broadwater,0
30,MT,30009,Carbon,0
30,MT,30011,Carter,0
30,MT,30013,Cascade,0
30,MT,30015,Chouteau,0
30,MT,30017,Custer,0
30,MT,30019,Daniels,0
30,MT,30021,Dawson,0
30,MT,30023,Deer Lodge,0
30,MT,30025,Fallon,0
30,MT,30027,Fergus,0
30,MT,30029,Flathead,0
30,MT,30031,Gallatin,0
30,MT,30033,Garfield,0
30,MT,30035,Glacier,0
30,MT,30037,Golden Valley,0
30,MT,30039,Granite,0
30,MT,30041,Hill,0
30,MT,30043,Jefferson,0
30,MT,30045,Judith Basin,0
30,MT,30047,Lake,0
30,MT,30049,Lewis and Clark,0
30,MT,30051,Liberty,0
30,MT,30053,Lincoln,0
30,MT,30055,McCone,0
30,MT,30057,Madison,0
30,MT,30059,Meagher,0
30,MT,30061,Mineral,0
30,MT,30063,Missoula,0
30,MT,30065,Musselshell,0
30,MT,30067,Park,0
30,MT,30069,Petroleum,0
30,MT,30071,Phillips,0
30,MT,30073,Pondera,0
30,MT,30075,Powder River,0
30,MT,30077,Powell,0
30,MT,30079,Prairie,0
30,MT,30081,Ravalli,0
30,MT,30083,Richland,0
30,MT,30085,Roosevelt,0
30,MT,30087,Rosebud,0
30,MT,30089,Sanders,0
30,MT,30091,Sheridan,0
30,MT,30093,Silver Bow,0
30,MT,30095,Stillwater,0
30,MT,30097,Sweet Grass,0
30,MT,30099,Teton,0
30,MT,30101,Toole,0
30,MT,30103,Treasure,0
30,MT,30105,Valley,0
30,MT,30107,Wheatland,0
30,MT,30109,Wibaux,0
30,MT,30111,Yellowstone,0
31,NE,31001,Adams,59.248
31,NE,31003,Antelope,51.083
31,NE,31005,Arthur,151.127
31,NE,31007,Banner,2469.873
31,NE,31009,Blaine,57.669
31,NE,31011,Boone,47.193
31,NE,31013,Box Butte,195.66
31,NE,31015,Boyd,143.809
31,NE,31017,Brown,110.742
31,NE,31019,Buffalo,53.85
31,NE,31021,Burt,74.629
31,NE,31023,Butler,46.758
31,NE,31025,Cass,52.646
31,NE,31027,Cedar,62.239
31,NE,31029,Chase,281.035
31,NE,31031,Cherry,95.601
31,NE,31033,Cheyenne,543.586
31,NE,31035,Clay,58.946
31,NE,31037,Colfax,49.315
31,NE,31039,Cuming,47.67
31,NE,31041,Custer,62.983
31,NE,31043,Dakota,88.269
31,NE,31045,Dawes,543.02
31,NE,31047,Dawson,73.377
31,NE,31049,Deuel,274.881
31,NE,31051,Dixon,56.473
31,NE,31053,Dodge,41.697
31,NE,31055,Douglas,44.267
31,NE,31057,Dundy,89.245
31,NE,31059,Fillmore,51.943
31,NE,31061,Franklin,61.804
31,NE,31063,Frontier,79.981
31,NE,31065,Furnas,64.294
31,NE,31067,Gage,52.322
31,NE,31069,Garden,63.622
31,NE,31071,Garfield,59.213
31,NE,31073,Gosper,59.95
31,NE,31075,Grant,99.229
31,NE,31077,Greeley,55.117
31,NE,31079,Hall,56.95
31,NE,31081,Hamilton,63.109
31,NE,31083,Harlan,72.291
31,NE,31085,Hayes,96.535
31,NE,31087,Hitchcock,101.265
31,NE,31089,Holt,70.837
31,NE,31091,Hooker,91.143
31,NE,31093,Howard,52.28
31,NE,31095,Jefferson,55.338
31,NE,31097,Johnson,45.635
31,NE,31099,Kearney,61.272
31,NE,31101,Keith,176.122
31,NE,31103,Keya Paha,127.692
31,NE,31105,Kimball,1942.532
31,NE,31107,Knox,62.523
31,NE,31109,Lancaster,47.493
31,NE,31111,Lincoln,98.475
31,NE,31113,Logan,65.935
31,NE,31115,Loup,49.32
31,NE,31117,McPherson,94.94
31,NE,31119,Madison,44.404
31,NE,31121,Merrick,48.446
31,NE,31123,Morrill,512.559
31,NE,31125,Nance,52.043
31,NE,31127,Nemaha,46.904
31,NE,31129,Nuckolls,54.5
31,NE,31131,Otoe,45.357
31,NE,31133,Pawnee,66.06
31,NE,31135,Perkins,175.16
31,NE,31137,Phelps,63.275
31,NE,31139,Pierce,47.082
31,NE,31141,Platte,47.217
31,NE,31143,Polk,56.998
31,NE,31145,Red Willow,81.548
31,NE,31147,Richardson,66.827
31,NE,31149,Rock,69.963
31,NE,31151,Saline,46.626
31,NE,31153,Sarpy,53.953
31,NE,31155,Saunders,48.401
31,NE,31157,Scotts Bluff,22656.276
31,NE,31159,Seward,47.054
31,NE,31161,Sheridan,87.443
31,NE,31163,Sherman,59.117
31,NE,31165,Sioux,1045.85
31,NE,31167,Stanton,57.51
31,NE,31169,Thayer,48.778
31,NE,31171,Thomas,88.6
31,NE,31173,Thurston,51.318
31,NE,31175,Valley,71.715
31,NE,31177,Washington,45.979
31,NE,31179,Wayne,51.896
31,NE,31181,Webster,61.986
31,NE,31183,Wheeler,50.526
31,NE,31185,York,50.879
32,NV,32001,Churchill,0
32,NV,32003,Clark,0
32,NV,32005,Douglas,0
32,NV,32007,Elko,0
32,NV,32009,Esmeralda,0
32,NV,32011,Eureka,0
32,NV,32013,Humboldt,0
32,NV,32015,Lander,0
32,NV,32017,Lincoln,0
32,NV,32019,Lyon,0
32,NV,32021,Mineral,0
32,NV,32023,Nye,0
32,NV,32027,Pershing,0
32,NV,32029,Storey,0
32,NV,32031,Washoe,0
32,NV,32033,White Pine,0
32,NV,32510,Carson City,0
33,NH,33001,Belknap,0
33,NH,33003,Carroll,0
33,NH,33005,Cheshire,0
33,NH,33007,Coos,0
33,NH,33009,Grafton,0
33,NH,33011,Hillsborough,0
33,NH,33013,Merrimack,0
33,NH,33015,Rockingham,0
33,NH,33017,Strafford,0
33,NH,33019,Sullivan,0
34,NJ,34001,Atlantic,264.722
34,NJ,34003,Bergen,88.435
34,NJ,34005,Burlington,82.921
34,NJ,34007,Camden,236.378
34,NJ,34009,Cape May,264.722
34,NJ,34011,Cumberland,547.059
34,NJ,34013,Essex,70.238
34,NJ,34015,Gloucester,65.622
34,NJ,34017,Hudson,70.238
34,NJ,34019,Hunterdon,53.862
34,NJ,34021,Mercer,65.725
34,NJ,34023,Middlesex,78.036
34,NJ,34025,Monmouth,263.386
34,NJ,34027,Morris,71.482
34,NJ,34029,Ocean,351.753
34,NJ,34031,Passaic,66.493
34,NJ,34033,Salem,120.643
34,NJ,34035,Somerset,52.866
34,NJ,34037,Sussex,62.415
34,NJ,34039,Union,66.993
34,NJ,34041,Warren,61.82
35,NM,35001,Bernalillo,0
35,NM,35003,Catron,0
35,NM,35005,Chaves,0
35,NM,35006,Cibola,0
35,NM,35007,Colfax,0
35,NM,35009,Curry,0
35,NM,35011,De Baca,0
35,NM,35013,Do√±a Ana,0
35,NM,35015,Eddy,0
35,NM,35017,Grant,0
35,NM,35019,Guadalupe,0
35,NM,35021,Harding,0
35,NM,35023,Hidalgo,0
35,NM,35025,Lea,0
35,NM,35027,Lincoln,0
35,NM,35028,Los Alamos,0
35,NM,35029,Luna,0
35,NM,35031,McKinley,0
35,NM,35033,Mora,0
35,NM,35035,Otero,0
35,NM,35037,Quay,0
35,NM,35039,Rio Arriba,0
35,NM,35041,Roosevelt,0
35,NM,35043,Sandoval,0
35,NM,35045,San Juan,0
35,NM,35047,San Miguel,0
35,NM,35049,Santa Fe,0
35,NM,35051,Sierra,0
35,NM,35053,Socorro,0
35,NM,35055,Taos,0
35,NM,35057,Torrance,0
35,NM,35059,Union,0
35,NM,35061,Valencia,0
36,NY,36001,Albany,76.81
36,NY,36003,Allegany,109.917
36,NY,36005,Bronx,85.588
36,NY,36007,Broome,127.806
36,NY,36009,Cattaraugus,64.678
36,NY,36011,Cayuga,81.284
36,NY,36013,Chautauqua,78.019
36,NY,36015,Chemung,108.355
36,NY,36017,Chenango,74.355
36,NY,36019,Clinton,75.348
36,NY,36021,Columbia,138.856
36,NY,36023,Cortland,70.715
36,NY,36025,Delaware,115.516
36,NY,36027,Dutchess,72.661
36,NY,36029,Erie,68.65
36,NY,36031,Essex,85.851
36,NY,36033,Franklin,86.218
36,NY,36035,Fulton,63.707
36,NY,36037,Genesee,69.975
36,NY,36039,Greene,65.027
36,NY,36041,Hamilton,83.247
36,NY,36043,Herkimer,69.286
36,NY,36045,Jefferson,84.649
36,NY,36047,Kings,780.823
36,NY,36049,Lewis,83.237
36,NY,36051,Livingston,108.01
36,NY,36053,Madison,79.48
36,NY,36055,Monroe,82.853
36,NY,36057,Montgomery,65.122
36,NY,36059,Nassau,802.641
36,NY,36061,New York,68.278
36,NY,36063,Niagara,76.091
36,NY,36065,Oneida,76.281
36,NY,36067,Onondaga,104.007
36,NY,36069,Ontario,418.769
36,NY,36071,Orange,69.148
36,NY,36073,Orleans,58.969
36,NY,36075,Oswego,57.824
36,NY,36077,Otsego,77.285
36,NY,36079,Putnam,88.811
36,NY,36081,Queens,780.823
36,NY,36083,Rensselaer,64.965
36,NY,36085,Richmond,65.192
36,NY,36087,Rockland,85.588
36,NY,36089,St. Lawrence,66.029
36,NY,36091,Saratoga,77.008
36,NY,36093,Schenectady,58.116
36,NY,36095,Schoharie,67.74
36,NY,36097,Schuyler,88.247
36,NY,36099,Seneca,66.529
36,NY,36101,Steuben,108.854
36,NY,36103,Suffolk,285.638
36,NY,36105,Sullivan,63.122
36,NY,36107,Tioga,112.684
36,NY,36109,Tompkins,87.34
36,NY,36111,Ulster,72.086
36,NY,36113,Warren,72.054
36,NY,36115,Washington,78.185
36,NY,36117,Wayne,83.332
36,NY,36119,Westchester,88.811
36,NY,36121,Wyoming,80.051
36,NY,36123,Yates,60.046
37,NC,37001,Alamance,71.848
37,NC,37003,Alexander,77.956
37,NC,37005,Alleghany,62.275
37,NC,37007,Anson,53.379
37,NC,37009,Ashe,63.838
37,NC,37011,Avery,61.307
37,NC,37013,Beaufort,50.765
37,NC,37015,Bertie,45.748
37,NC,37017,Bladen,136.858
37,NC,37019,Brunswick,57.484
37,NC,37021,Buncombe,71.608
37,NC,37023,Burke,65.397
37,NC,37025,Cabarrus,66.645
37,NC,37027,Caldwell,49.959
37,NC,37029,Camden,56.546
37,NC,37031,Carteret,48.949
37,NC,37033,Caswell,92.672
37,NC,37035,Catawba,89.164
37,NC,37037,Chatham,48.36
37,NC,37039,Cherokee,57.649
37,NC,37041,Chowan,47.177
37,NC,37043,Clay,65.271
37,NC,37045,Cleveland,80.342
37,NC,37047,Columbus,59.301
37,NC,37049,Craven,50.374
37,NC,37051,Cumberland,204.024
37,NC,37053,Currituck,51.02
37,NC,37055,Dare,51.854
37,NC,37057,Davidson,64.116
37,NC,37059,Davie,67.949
37,NC,37061,Duplin,147.381
37,NC,37063,Durham,57.414
37,NC,37065,Edgecombe,174.208
37,NC,37067,Forsyth,56.564
37,NC,37069,Franklin,81.183
37,NC,37071,Gaston,102.764
37,NC,37073,Gates,45.92
37,NC,37075,Graham,64.534
37,NC,37077,Granville,54.97
37,NC,37079,Greene,138.558
37,NC,37081,Guilford,166.507
37,NC,37083,Halifax,75.66
37,NC,37085,Harnett,63.803
37,NC,37087,Haywood,68.553
37,NC,37089,Henderson,69.986
37,NC,37091,Hertford,58.878
37,NC,37093,Hoke,50.135
37,NC,37095,Hyde,52.146
37,NC,37097,Iredell,94.472
37,NC,37099,Jackson,61.709
37,NC,37101,Johnston,52.051
37,NC,37103,Jones,47.089
37,NC,37105,Lee,47.404
37,NC,37107,Lenoir,126.507
37,NC,37109,Lincoln,99.294
37,NC,37111,McDowell,98.638
37,NC,37113,Macon,61.347
37,NC,37115,Madison,78.842
37,NC,37117,Martin,135.977
37,NC,37119,Mecklenburg,94.535
37,NC,37121,Mitchell,60.575
37,NC,37123,Montgomery,51.178
37,NC,37125,Moore,52.613
37,NC,37127,Nash,63.699
37,NC,37129,New Hanover,704.787
37,NC,37131,Northampton,151.525
37,NC,37133,Onslow,45.508
37,NC,37135,Orange,60.829
37,NC,37137,Pamlico,46.451
37,NC,37139,Pasquotank,45.686
37,NC,37141,Pender,49.532
37,NC,37143,Perquimans,49.91
37,NC,37145,Person,66.847
37,NC,37147,Pitt,165.414
37,NC,37149,Polk,85.689
37,NC,37151,Randolph,61.374
37,NC,37153,Richmond,60.338
37,NC,37155,Robeson,48.489
37,NC,37157,Rockingham,64.586
37,NC,37159,Rowan,65.881
37,NC,37161,Rutherford,93.213
37,NC,37163,Sampson,54.045
37,NC,37165,Scotland,208.227
37,NC,37167,Stanly,53.173
37,NC,37169,Stokes,70.927
37,NC,37171,Surry,67.04
37,NC,37173,Swain,64.168
37,NC,37175,Transylvania,53.644
37,NC,37177,Tyrrell,48.064
37,NC,37179,Union,51.971
37,NC,37181,Vance,84.341
37,NC,37183,Wake,52.111
37,NC,37185,Warren,54.257
37,NC,37187,Washington,46.405
37,NC,37189,Watauga,65.161
37,NC,37191,Wayne,146.016
37,NC,37193,Wilkes,62.318
37,NC,37195,Wilson,178.859
37,NC,37197,Yadkin,64.036
37,NC,37199,Yancey,63.726
38,ND,38001,Adams,879.243
38,ND,38003,Barnes,263.401
38,ND,38005,Benson,233.071
38,ND,38007,Billings,32559.777
38,ND,38009,Bottineau,481.635
38,ND,38011,Bowman,1146.966
38,ND,38013,Burke,1007.711
38,ND,38015,Burleigh,464.621
38,ND,38017,Cass,220.715
38,ND,38019,Cavalier,233.975
38,ND,38021,Dickey,88.758
38,ND,38023,Divide,596.126
38,ND,38025,Dunn,4678
38,ND,38027,Eddy,251.591
38,ND,38029,Emmons,491.957
38,ND,38031,Foster,173.968
38,ND,38033,Golden Valley,31047.31
38,ND,38035,Grand Forks,164.284
38,ND,38037,Grant,748.203
38,ND,38039,Griggs,411.56
38,ND,38041,Hettinger,730.452
38,ND,38043,Kidder,1120.079
38,ND,38045,LaMoure,141.917
38,ND,38047,Logan,212.088
38,ND,38049,McHenry,176.4
38,ND,38051,McIntosh,300.25
38,ND,38053,McKenzie,29695.404
38,ND,38055,McLean,442.114
38,ND,38057,Mercer,1129.007
38,ND,38059,Morton,606.459
38,ND,38061,Mountrail,1027.213
38,ND,38063,Nelson,229.069
38,ND,38065,Oliver,1503.539
38,ND,38067,Pembina,202.034
38,ND,38069,Pierce,296.107
38,ND,38071,Ramsey,190.872
38,ND,38073,Ransom,132.487
38,ND,38075,Renville,1423.686
38,ND,38077,Richland,137.477
38,ND,38079,Rolette,349.469
38,ND,38081,Sargent,155.557
38,ND,38083,Sheridan,33070.948
38,ND,38085,Sioux,555.737
38,ND,38087,Slope,1364.478
38,ND,38089,Stark,927.388
38,ND,38091,Steele,187.244
38,ND,38093,Stutsman,342.984
38,ND,38095,Towner,246.652
38,ND,38097,Traill,87.438
38,ND,38099,Walsh,168.044
38,ND,38101,Ward,533.103
38,ND,38103,Wells,268.637
38,ND,38105,Williams,3065.34
39,OH,39001,Adams,60.303
39,OH,39003,Allen,69.382
39,OH,39005,Ashland,68.666
39,OH,39007,Ashtabula,52.85
39,OH,39009,Athens,55.33
39,OH,39011,Auglaize,53.633
39,OH,39013,Belmont,53.272
39,OH,39015,Brown,60.139
39,OH,39017,Butler,71.845
39,OH,39019,Carroll,54.043
39,OH,39021,Champaign,77.396
39,OH,39023,Clark,69.28
39,OH,39025,Clermont,59.606
39,OH,39027,Clinton,68.539
39,OH,39029,Columbiana,65.391
39,OH,39031,Coshocton,57.187
39,OH,39033,Crawford,88.973
39,OH,39035,Cuyahoga,194.205
39,OH,39037,Darke,73.033
39,OH,39039,Defiance,67.766
39,OH,39041,Delaware,69.807
39,OH,39043,Erie,98.082
39,OH,39045,Fairfield,72.942
39,OH,39047,Fayette,63.432
39,OH,39049,Franklin,101.537
39,OH,39051,Fulton,74.71
39,OH,39053,Gallia,61.12
39,OH,39055,Geauga,106.107
39,OH,39057,Greene,68.487
39,OH,39059,Guernsey,58.248
39,OH,39061,Hamilton,65.685
39,OH,39063,Hancock,71.98
39,OH,39065,Hardin,51.849
39,OH,39067,Harrison,57.126
39,OH,39069,Henry,77.861
39,OH,39071,Highland,66.598
39,OH,39073,Hocking,59.155
39,OH,39075,Holmes,58.22
39,OH,39077,Huron,90.109
39,OH,39079,Jackson,52.875
39,OH,39081,Jefferson,53.937
39,OH,39083,Knox,54.93
39,OH,39085,Lake,69.86
39,OH,39087,Lawrence,55.856
39,OH,39089,Licking,87.39
39,OH,39091,Logan,66.973
39,OH,39093,Lorain,106.74
39,OH,39095,Lucas,125.852
39,OH,39097,Madison,67.643
39,OH,39099,Mahoning,74.066
39,OH,39101,Marion,67.656
39,OH,39103,Medina,72.196
39,OH,39105,Meigs,61.146
39,OH,39107,Mercer,50.798
39,OH,39109,Miami,68.579
39,OH,39111,Monroe,50.29
39,OH,39113,Montgomery,64.226
39,OH,39115,Morgan,64.262
39,OH,39117,Morrow,81.77
39,OH,39119,Muskingum,67.586
39,OH,39121,Noble,54.631
39,OH,39123,Ottawa,1131.111
39,OH,39125,Paulding,69.159
39,OH,39127,Perry,65.574
39,OH,39129,Pickaway,66.323
39,OH,39131,Pike,65.93
39,OH,39133,Portage,71.562
39,OH,39135,Preble,67.998
39,OH,39137,Putnam,72.538
39,OH,39139,Richland,65.734
39,OH,39141,Ross,66.83
39,OH,39143,Sandusky,80.917
39,OH,39145,Scioto,61.87
39,OH,39147,Seneca,71.441
39,OH,39149,Shelby,51.445
39,OH,39151,Stark,62.63
39,OH,39153,Summit,83.25
39,OH,39155,Trumbull,69.743
39,OH,39157,Tuscarawas,53.745
39,OH,39159,Union,65.876
39,OH,39161,Van Wert,72.825
39,OH,39163,Vinton,59.484
39,OH,39165,Warren,65.248
39,OH,39167,Washington,61.149
39,OH,39169,Wayne,63.838
39,OH,39171,Williams,74.327
39,OH,39173,Wood,74.903
39,OH,39175,Wyandot,67.753
40,OK,40001,Adair,45.288
40,OK,40003,Alfalfa,76.572
40,OK,40005,Atoka,45.659
40,OK,40007,Beaver,91.309
40,OK,40009,Beckham,126.83
40,OK,40011,Blaine,74.826
40,OK,40013,Bryan,46.877
40,OK,40015,Caddo,75.693
40,OK,40017,Canadian,50.44
40,OK,40019,Carter,42.538
40,OK,40021,Cherokee,45.192
40,OK,40023,Choctaw,44.325
40,OK,40025,Cimarron,38222.421
40,OK,40027,Cleveland,49.723
40,OK,40029,Coal,53.396
40,OK,40031,Comanche,68.662
40,OK,40033,Cotton,53.024
40,OK,40035,Craig,49.198
40,OK,40037,Creek,49.203
40,OK,40039,Custer,163.877
40,OK,40041,Delaware,50.646
40,OK,40043,Dewey,82.757
40,OK,40045,Ellis,102.054
40,OK,40047,Garfield,64.036
40,OK,40049,Garvin,57.595
40,OK,40051,Grady,50.165
40,OK,40053,Grant,53.5
40,OK,40055,Greer,108.823
40,OK,40057,Harmon,298.624
40,OK,40059,Harper,150.676
40,OK,40061,Haskell,52.71
40,OK,40063,Hughes,51.482
40,OK,40065,Jackson,99.576
40,OK,40067,Jefferson,47.466
40,OK,40069,Johnston,58.157
40,OK,40071,Kay,49.056
40,OK,40073,Kingfisher,53.2
40,OK,40075,Kiowa,122.874
40,OK,40077,Latimer,44.57
40,OK,40079,Le Flore,52.967
40,OK,40081,Lincoln,51.592
40,OK,40083,Logan,47.61
40,OK,40085,Love,58.51
40,OK,40087,McClain,56.18
40,OK,40089,McCurtain,51.571
40,OK,40091,McIntosh,52.801
40,OK,40093,Major,124.362
40,OK,40095,Marshall,55.95
40,OK,40097,Mayes,46.917
40,OK,40099,Murray,57.722
40,OK,40101,Muskogee,51.768
40,OK,40103,Noble,52.674
40,OK,40105,Nowata,49.937
40,OK,40107,Okfuskee,49.933
40,OK,40109,Oklahoma,47.478
40,OK,40111,Okmulgee,50.128
40,OK,40113,Osage,53.503
40,OK,40115,Ottawa,48.757
40,OK,40117,Pawnee,52.005
40,OK,40119,Payne,51.384
40,OK,40121,Pittsburg,47.982
40,OK,40123,Pontotoc,53.548
40,OK,40125,Pottawatomie,51.553
40,OK,40127,Pushmataha,45.735
40,OK,40129,Roger Mills,94.372
40,OK,40131,Rogers,51.182
40,OK,40133,Seminole,45.425
40,OK,40135,Sequoyah,47.111
40,OK,40137,Stephens,57.876
40,OK,40139,Texas,431.357
40,OK,40141,Tillman,55.415
40,OK,40143,Tulsa,50.343
40,OK,40145,Wagoner,50.635
40,OK,40147,Washington,48.789
40,OK,40149,Washita,80.936
40,OK,40151,Woods,109.933
40,OK,40153,Woodward,161.774
41,OR,41001,Baker,0
41,OR,41003,Benton,0
41,OR,41005,Clackamas,0
41,OR,41007,Clatsop,0
41,OR,41009,Columbia,0
41,OR,41011,Coos,0
41,OR,41013,Crook,0
41,OR,41015,Curry,0
41,OR,41017,Deschutes,0
41,OR,41019,Douglas,0
41,OR,41021,Gilliam,0
41,OR,41023,Grant,0
41,OR,41025,Harney,0
41,OR,41027,Hood River,0
41,OR,41029,Jackson,0
41,OR,41031,Jefferson,0
41,OR,41033,Josephine,0
41,OR,41035,Klamath,0
41,OR,41037,Lake,0
41,OR,41039,Lane,0
41,OR,41041,Lincoln,0
41,OR,41043,Linn,0
41,OR,41045,Malheur,0
41,OR,41047,Marion,0
41,OR,41049,Morrow,0
41,OR,41051,Multnomah,0
41,OR,41053,Polk,0
41,OR,41055,Sherman,0
41,OR,41057,Tillamook,0
41,OR,41059,Umatilla,0
41,OR,41061,Union,0
41,OR,41063,Wallowa,0
41,OR,41065,Wasco,0
41,OR,41067,Washington,0
41,OR,41069,Wheeler,0
41,OR,41071,Yamhill,0
42,PA,42001,Adams,62.495
42,PA,42003,Allegheny,57.704
42,PA,42005,Armstrong,64.422
42,PA,42007,Beaver,59.696
42,PA,42009,Bedford,66.601
42,PA,42011,Berks,59.009
42,PA,42013,Blair,66.13
42,PA,42015,Bradford,71.921
42,PA,42017,Bucks,57.781
42,PA,42019,Butler,61.536
42,PA,42021,Cambria,63.251
42,PA,42023,Cameron,63.742
42,PA,42025,Carbon,62.092
42,PA,42027,Centre,63.613
42,PA,42029,Chester,61.947
42,PA,42031,Clarion,61.519
42,PA,42033,Clearfield,60.838
42,PA,42035,Clinton,68.796
42,PA,42037,Columbia,70.958
42,PA,42039,Crawford,55.507
42,PA,42041,Cumberland,63.667
42,PA,42043,Dauphin,69.133
42,PA,42045,Delaware,58.343
42,PA,42047,Elk,61.557
42,PA,42049,Erie,74.437
42,PA,42051,Fayette,55.259
42,PA,42053,Forest,59.841
42,PA,42055,Franklin,64.543
42,PA,42057,Fulton,62.538
42,PA,42059,Greene,54.291
42,PA,42061,Huntingdon,61.976
42,PA,42063,Indiana,60.214
42,PA,42065,Jefferson,60.454
42,PA,42067,Juniata,63.763
42,PA,42069,Lackawanna,69.387
42,PA,42071,Lancaster,62.706
42,PA,42073,Lawrence,134.655
42,PA,42075,Lebanon,55.68
42,PA,42077,Lehigh,61.275
42,PA,42079,Luzerne,69.441
42,PA,42081,Lycoming,67.081
42,PA,42083,McKean,68.477
42,PA,42085,Mercer,63.33
42,PA,42087,Mifflin,59.075
42,PA,42089,Monroe,62.986
42,PA,42091,Montgomery,56.347
42,PA,42093,Montour,70.343
42,PA,42095,Northampton,71.731
42,PA,42097,Northumberland,68.487
42,PA,42099,Perry,57.321
42,PA,42101,Philadelphia,61.081
42,PA,42103,Pike,72.641
42,PA,42105,Potter,74.494
42,PA,42107,Schuylkill,63.524
42,PA,42109,Snyder,63.814
42,PA,42111,Somerset,62.763
42,PA,42113,Sullivan,73.768
42,PA,42115,Susquehanna,72.007
42,PA,42117,Tioga,67.482
42,PA,42119,Union,67.472
42,PA,42121,Venango,63.87
42,PA,42123,Warren,66.884
42,PA,42125,Washington,59.992
42,PA,42127,Wayne,69.784
42,PA,42129,Westmoreland,60.406
42,PA,42131,Wyoming,72.411
42,PA,42133,York,65.029
44,RI,44001,Bristol,0
44,RI,44003,Kent,0
44,RI,44005,Newport,0
44,RI,44007,Providence,0
44,RI,44009,Washington,0
45,SC,45001,Abbeville,102.89
45,SC,45003,Aiken,53.388
45,SC,45005,Allendale,57.495
45,SC,45007,Anderson,61.389
45,SC,45009,Bamberg,54.414
45,SC,45011,Barnwell,56.354
45,SC,45013,Beaufort,79.323
45,SC,45015,Berkeley,50.42
45,SC,45017,Calhoun,58.457
45,SC,45019,Charleston,54.497
45,SC,45021,Cherokee,79.324
45,SC,45023,Chester,72.427
45,SC,45025,Chesterfield,61.433
45,SC,45027,Clarendon,56.118
45,SC,45029,Colleton,49.4
45,SC,45031,Darlington,52.177
45,SC,45033,Dillon,51.449
45,SC,45035,Dorchester,51.156
45,SC,45037,Edgefield,60.742
45,SC,45039,Fairfield,79.448
45,SC,45041,Florence,51.236
45,SC,45043,Georgetown,48.028
45,SC,45045,Greenville,57.385
45,SC,45047,Greenwood,124.06
45,SC,45049,Hampton,57.866
45,SC,45051,Horry,77.031
45,SC,45053,Jasper,59.424
45,SC,45055,Kershaw,67.087
45,SC,45057,Lancaster,98.903
45,SC,45059,Laurens,102.174
45,SC,45061,Lee,57.515
45,SC,45063,Lexington,54.297
45,SC,45065,McCormick,84.227
45,SC,45067,Marion,49.573
45,SC,45069,Marlboro,52.5
45,SC,45071,Newberry,98.877
45,SC,45073,Oconee,62.272
45,SC,45075,Orangeburg,57.289
45,SC,45077,Pickens,88.339
45,SC,45079,Richland,53.75
45,SC,45081,Saluda,101.97
45,SC,45083,Spartanburg,82.781
45,SC,45085,Sumter,57.657
45,SC,45087,Union,111.486
45,SC,45089,Williamsburg,51.253
45,SC,45091,York,94.618
46,SD,46003,Aurora,76.163
46,SD,46005,Beadle,86.724
46,SD,46007,Bennett,155.844
46,SD,46009,Bon Homme,77.552
46,SD,46011,Brookings,84.302
46,SD,46013,Brown,107.47
46,SD,46015,Brule,262.814
46,SD,46017,Buffalo,138.341
46,SD,46019,Butte,410.559
46,SD,46021,Campbell,337.016
46,SD,46023,Charles Mix,97.611
46,SD,46025,Clark,107.889
46,SD,46027,Clay,53.724
46,SD,46029,Codington,136.668
46,SD,46031,Corson,322.921
46,SD,46033,Custer,550.222
46,SD,46035,Davison,60.413
46,SD,46037,Day,113.719
46,SD,46039,Deuel,111.287
46,SD,46041,Dewey,195.115
46,SD,46043,Douglas,65.628
46,SD,46045,Edmunds,118.545
46,SD,46047,Fall River,423.824
46,SD,46049,Faulk,115.896
46,SD,46051,Grant,102.622
46,SD,46053,Gregory,81.109
46,SD,46055,Haakon,119.257
46,SD,46057,Hamlin,101.278
46,SD,46059,Hand,81.099
46,SD,46061,Hanson,66.41
46,SD,46063,Harding,472.31
46,SD,46065,Hughes,104.991
46,SD,46067,Hutchinson,80.841
46,SD,46069,Hyde,80.524
46,SD,46071,Jackson,162.055
46,SD,46073,Jerauld,89.827
46,SD,46075,Jones,188.351
46,SD,46077,Kingsbury,91.975
46,SD,46079,Lake,71.625
46,SD,46081,Lawrence,13248.829
46,SD,46083,Lincoln,60.731
46,SD,46085,Lyman,176.761
46,SD,46087,McCook,64.563
46,SD,46089,McPherson,174.693
46,SD,46091,Marshall,101.85
46,SD,46093,Meade,358.752
46,SD,46095,Mellette,153.6
46,SD,46097,Miner,86.106
46,SD,46099,Minnehaha,61.228
46,SD,46101,Moody,66.894
46,SD,46103,Pennington,394.079
46,SD,46105,Perkins,418.252
46,SD,46107,Potter,158.401
46,SD,46109,Roberts,98.526
46,SD,46111,Sanborn,64.321
46,SD,46113,Shannon,496.8
46,SD,46115,Spink,101.405
46,SD,46117,Stanley,146.739
46,SD,46119,Sully,167.662
46,SD,46121,Todd,145.538
46,SD,46123,Tripp,115.955
46,SD,46125,Turner,61.632
46,SD,46127,Union,58.384
46,SD,46129,Walworth,258.4
46,SD,46135,Yankton,63.763
46,SD,46137,Ziebach,205.252
47,TN,47001,Anderson,54.396
47,TN,47003,Bedford,58.05
47,TN,47005,Benton,58.62
47,TN,47007,Bledsoe,57.765
47,TN,47009,Blount,59.038
47,TN,47011,Bradley,57.231
47,TN,47013,Campbell,53.528
47,TN,47015,Cannon,59.542
47,TN,47017,Carroll,51.972
47,TN,47019,Carter,55.24
47,TN,47021,Cheatham,59.891
47,TN,47023,Chester,52.201
47,TN,47025,Claiborne,58.021
47,TN,47027,Clay,59.481
47,TN,47029,Cocke,54.565
47,TN,47031,Coffee,58.361
47,TN,47033,Crockett,52.384
47,TN,47035,Cumberland,54.831
47,TN,47037,Davidson,62.038
47,TN,47039,Decatur,52.546
47,TN,47041,DeKalb,56.001
47,TN,47043,Dickson,55.412
47,TN,47045,Dyer,52.541
47,TN,47047,Fayette,48.586
47,TN,47049,Fentress,56.294
47,TN,47051,Franklin,54.236
47,TN,47053,Gibson,52.142
47,TN,47055,Giles,61.438
47,TN,47057,Grainger,59.096
47,TN,47059,Greene,76.123
47,TN,47061,Grundy,56.553
47,TN,47063,Hamblen,67.494
47,TN,47065,Hamilton,57.793
47,TN,47067,Hancock,58.021
47,TN,47069,Hardeman,53.081
47,TN,47071,Hardin,53.583
47,TN,47073,Hawkins,63.155
47,TN,47075,Haywood,52.549
47,TN,47077,Henderson,52.353
47,TN,47079,Henry,55.096
47,TN,47081,Hickman,60.045
47,TN,47083,Houston,53.775
47,TN,47085,Humphreys,52.881
47,TN,47087,Jackson,60.627
47,TN,47089,Jefferson,61.083
47,TN,47091,Johnson,61.888
47,TN,47093,Knox,55.757
47,TN,47095,Lake,52.832
47,TN,47097,Lauderdale,52.386
47,TN,47099,Lawrence,56.639
47,TN,47101,Lewis,57.419
47,TN,47103,Lincoln,60.746
47,TN,47105,Loudon,58.821
47,TN,47107,McMinn,59.947
47,TN,47109,McNairy,58.04
47,TN,47111,Macon,56.939
47,TN,47113,Madison,50.167
47,TN,47115,Marion,55.434
47,TN,47117,Marshall,58.225
47,TN,47119,Maury,57.321
47,TN,47121,Meigs,59.196
47,TN,47123,Monroe,58.882
47,TN,47125,Montgomery,77.53
47,TN,47127,Moore,61.167
47,TN,47129,Morgan,54.984
47,TN,47131,Obion,52.473
47,TN,47133,Overton,55.41
47,TN,47135,Perry,55.691
47,TN,47137,Pickett,55.279
47,TN,47139,Polk,60.082
47,TN,47141,Putnam,57.466
47,TN,47143,Rhea,57.51
47,TN,47145,Roane,57.488
47,TN,47147,Robertson,56.659
47,TN,47149,Rutherford,61.538
47,TN,47151,Scott,54.627
47,TN,47153,Sequatchie,57.517
47,TN,47155,Sevier,70.777
47,TN,47157,Shelby,51.903
47,TN,47159,Smith,61.156
47,TN,47161,Stewart,52.231
47,TN,47163,Sullivan,61.067
47,TN,47165,Sumner,52.558
47,TN,47167,Tipton,52.731
47,TN,47169,Trousdale,57.853
47,TN,47171,Unicoi,54.314
47,TN,47173,Union,56.05
47,TN,47175,Van Buren,57.751
47,TN,47177,Warren,58.619
47,TN,47179,Washington,62.371
47,TN,47181,Wayne,52.39
47,TN,47183,Weakley,52.176
47,TN,47185,White,56.802
47,TN,47187,Williamson,57.013
47,TN,47189,Wilson,60.175
48,TX,48001,Anderson,47.444
48,TX,48003,Andrews,3288.632
48,TX,48005,Angelina,62.52
48,TX,48007,Aransas,126.831
48,TX,48009,Archer,145.124
48,TX,48011,Armstrong,126.977
48,TX,48013,Atascosa,83.169
48,TX,48015,Austin,60.421
48,TX,48017,Bailey,350.46
48,TX,48019,Bandera,223.809
48,TX,48021,Bastrop,77.419
48,TX,48023,Baylor,114.282
48,TX,48025,Bee,100.79
48,TX,48027,Bell,92.266
48,TX,48029,Bexar,116.511
48,TX,48031,Blanco,150.388
48,TX,48033,Borden,202.861
48,TX,48035,Bosque,95.737
48,TX,48037,Bowie,42.807
48,TX,48039,Brazoria,47.209
48,TX,48041,Brazos,63.902
48,TX,48043,Brewster,55238.299
48,TX,48045,Briscoe,1041.019
48,TX,48047,Brooks,120.127
48,TX,48049,Brown,264.016
48,TX,48051,Burleson,52.357
48,TX,48053,Burnet,330.68
48,TX,48055,Caldwell,74.626
48,TX,48057,Calhoun,50.066
48,TX,48059,Callahan,657.905
48,TX,48061,Cameron,102.528
48,TX,48063,Camp,62.21
48,TX,48065,Carson,83.002
48,TX,48067,Cass,77.947
48,TX,48069,Castro,176.072
48,TX,48071,Chambers,44.213
48,TX,48073,Cherokee,69.145
48,TX,48075,Childress,162.802
48,TX,48077,Clay,97.877
48,TX,48079,Cochran,454.36
48,TX,48081,Coke,522.869
48,TX,48083,Coleman,185.846
48,TX,48085,Collin,50.954
48,TX,48087,Collingsworth,694.25
48,TX,48089,Colorado,63.297
48,TX,48091,Comal,194.526
48,TX,48093,Comanche,84.997
48,TX,48095,Concho,362.98
48,TX,48097,Cooke,62.279
48,TX,48099,Coryell,104.501
48,TX,48101,Cottle,156.645
48,TX,48103,Crane,46320.189
48,TX,48105,Crockett,37178.02
48,TX,48107,Crosby,109.874
48,TX,48109,Culberson,29176.218
48,TX,48111,Dallam,2048.71
48,TX,48113,Dallas,55.741
48,TX,48115,Dawson,1015.812
48,TX,48117,Deaf Smith,251.605
48,TX,48119,Delta,55.355
48,TX,48121,Denton,57.127
48,TX,48123,DeWitt,108.831
48,TX,48125,Dickens,556.781
48,TX,48127,Dimmit,162.961
48,TX,48129,Donley,95.87
48,TX,48131,Duval,280.895
48,TX,48133,Eastland,316.637
48,TX,48135,Ector,8208.918
48,TX,48137,Edwards,8511.991
48,TX,48139,Ellis,61.373
48,TX,48141,El Paso,20999.736
48,TX,48143,Erath,203.321
48,TX,48145,Falls,52.528
48,TX,48147,Fannin,48.114
48,TX,48149,Fayette,78.466
48,TX,48151,Fisher,1824.322
48,TX,48153,Floyd,118.088
48,TX,48155,Foard,691.781
48,TX,48157,Fort Bend,43.283
48,TX,48159,Franklin,62.21
48,TX,48161,Freestone,70.277
48,TX,48163,Frio,112.167
48,TX,48165,Gaines,1265.394
48,TX,48167,Galveston,56.268
48,TX,48169,Garza,383.768
48,TX,48171,Gillespie,109.88
48,TX,48173,Glasscock,1561.971
48,TX,48175,Goliad,130.171
48,TX,48177,Gonzales,80.361
48,TX,48179,Gray,73.892
48,TX,48181,Grayson,55.423
48,TX,48183,Gregg,62.482
48,TX,48185,Grimes,60.857
48,TX,48187,Guadalupe,93.559
48,TX,48189,Hale,164.654
48,TX,48191,Hall,701.632
48,TX,48193,Hamilton,99.421
48,TX,48195,Hansford,231.112
48,TX,48197,Hardeman,124.147
48,TX,48199,Hardin,46.417
48,TX,48201,Harris,45.314
48,TX,48203,Harrison,92.354
48,TX,48205,Hartley,785.679
48,TX,48207,Haskell,973.121
48,TX,48209,Hays,141.546
48,TX,48211,Hemphill,67.975
48,TX,48213,Henderson,64.134
48,TX,48215,Hidalgo,179.947
48,TX,48217,Hill,65.929
48,TX,48219,Hockley,309.444
48,TX,48221,Hood,169.133
48,TX,48223,Hopkins,50.807
48,TX,48225,Houston,46.661
48,TX,48227,Howard,428.396
48,TX,48229,Hudspeth,27076.142
48,TX,48231,Hunt,54.329
48,TX,48233,Hutchinson,138.433
48,TX,48235,Irion,35426.545
48,TX,48237,Jack,117.481
48,TX,48239,Jackson,45.597
48,TX,48241,Jasper,57.736
48,TX,48243,Jeff Davis,41534.185
48,TX,48245,Jefferson,56.817
48,TX,48247,Jim Hogg,361.645
48,TX,48249,Jim Wells,271.673
48,TX,48251,Johnson,67.737
48,TX,48253,Jones,1256.033
48,TX,48255,Karnes,110.794
48,TX,48257,Kaufman,49.227
48,TX,48259,Kendall,162.214
48,TX,48261,Kenedy,113.382
48,TX,48263,Kent,524.685
48,TX,48265,Kerr,289.285
48,TX,48267,Kimble,16373.283
48,TX,48269,King,319.961
48,TX,48271,Kinney,2207.714
48,TX,48273,Kleberg,65.319
48,TX,48275,Knox,75.177
48,TX,48277,Lamar,53.91
48,TX,48279,Lamb,270.169
48,TX,48281,Lampasas,167.67
48,TX,48283,La Salle,177.178
48,TX,48285,Lavaca,66.224
48,TX,48287,Lee,76.58
48,TX,48289,Leon,68.1
48,TX,48291,Liberty,41.715
48,TX,48293,Limestone,51.31
48,TX,48295,Lipscomb,81.064
48,TX,48297,Live Oak,308.885
48,TX,48299,Llano,151.81
48,TX,48301,Loving,33577.277
48,TX,48303,Lubbock,222.547
48,TX,48305,Lynn,192.159
48,TX,48307,McCulloch,234.703
48,TX,48309,McLennan,63.505
48,TX,48311,McMullen,237.653
48,TX,48313,Madison,79.409
48,TX,48315,Marion,315.495
48,TX,48317,Martin,586.436
48,TX,48319,Mason,303.386
48,TX,48321,Matagorda,50.562
48,TX,48323,Maverick,265.004
48,TX,48325,Medina,190.901
48,TX,48327,Menard,6388.383
48,TX,48329,Midland,2661.848
48,TX,48331,Milam,54.266
48,TX,48333,Mills,127.064
48,TX,48335,Mitchell,401.211
48,TX,48337,Montague,91.978
48,TX,48339,Montgomery,59.906
48,TX,48341,Moore,31337.416
48,TX,48343,Morris,61.72
48,TX,48345,Motley,33212.578
48,TX,48347,Nacogdoches,64.648
48,TX,48349,Navarro,50.746
48,TX,48351,Newton,59.442
48,TX,48353,Nolan,1066.475
48,TX,48355,Nueces,74.932
48,TX,48357,Ochiltree,110.006
48,TX,48359,Oldham,607.336
48,TX,48361,Orange,55.977
48,TX,48363,Palo Pinto,166.834
48,TX,48365,Panola,61.27
48,TX,48367,Parker,163.584
48,TX,48369,Parmer,268.798
48,TX,48371,Pecos,45538.915
48,TX,48373,Polk,59.988
48,TX,48375,Potter,32823.2
48,TX,48377,Presidio,56499.403
48,TX,48379,Rains,63.909
48,TX,48381,Randall,224.42
48,TX,48383,Reagan,40435.458
48,TX,48385,Real,466.005
48,TX,48387,Red River,48.72
48,TX,48389,Reeves,52663.939
48,TX,48391,Refugio,59.895
48,TX,48393,Roberts,66.947
48,TX,48395,Robertson,60.651
48,TX,48397,Rockwall,59.344
48,TX,48399,Runnels,325.982
48,TX,48401,Rusk,64.363
48,TX,48403,Sabine,59.323
48,TX,48405,San Augustine,62.527
48,TX,48407,San Jacinto,60.446
48,TX,48409,San Patricio,115.71
48,TX,48411,San Saba,137.353
48,TX,48413,Schleicher,2302.1
48,TX,48415,Scurry,694.337
48,TX,48417,Shackelford,218.144
48,TX,48419,Shelby,60.85
48,TX,48421,Sherman,30632.725
48,TX,48423,Smith,63.68
48,TX,48425,Somervell,191.069
48,TX,48427,Starr,368.779
48,TX,48429,Stephens,184.612
48,TX,48431,Sterling,2142.865
48,TX,48433,Stonewall,486.998
48,TX,48435,Sutton,4562.672
48,TX,48437,Swisher,151.726
48,TX,48439,Tarrant,66.686
48,TX,48441,Taylor,388.013
48,TX,48443,Terrell,47093.124
48,TX,48445,Terry,324.544
48,TX,48447,Throckmorton,378.009
48,TX,48449,Titus,61.07
48,TX,48451,Tom Green,1046.575
48,TX,48453,Travis,87.933
48,TX,48455,Trinity,65.207
48,TX,48457,Tyler,59.771
48,TX,48459,Upshur,62.772
48,TX,48461,Upton,15069.519
48,TX,48463,Uvalde,328.531
48,TX,48465,Val Verde,27755.782
48,TX,48467,Van Zandt,64.103
48,TX,48469,Victoria,57.354
48,TX,48471,Walker,50.176
48,TX,48473,Waller,60.853
48,TX,48475,Ward,43443.635
48,TX,48477,Washington,61.415
48,TX,48479,Webb,413.074
48,TX,48481,Wharton,42.549
48,TX,48483,Wheeler,40630.906
48,TX,48485,Wichita,75.628
48,TX,48487,Wilbarger,247.811
48,TX,48489,Willacy,159.819
48,TX,48491,Williamson,63.947
48,TX,48493,Wilson,61.926
48,TX,48495,Winkler,17116.281
48,TX,48497,Wise,94.135
48,TX,48499,Wood,63.251
48,TX,48501,Yoakum,404.907
48,TX,48503,Young,89.835
48,TX,48505,Zapata,382.588
48,TX,48507,Zavala,153.112
49,UT,49001,Beaver,0
49,UT,49003,Box Elder,0
49,UT,49005,Cache,0
49,UT,49007,Carbon,0
49,UT,49009,Daggett,0
49,UT,49011,Davis,0
49,UT,49013,Duchesne,0
49,UT,49015,Emery,0
49,UT,49017,Garfield,0
49,UT,49019,Grand,0
49,UT,49021,Iron,0
49,UT,49023,Juab,0
49,UT,49025,Kane,0
49,UT,49027,Millard,0
49,UT,49029,Morgan,0
49,UT,49031,Piute,0
49,UT,49033,Rich,0
49,UT,49035,Salt Lake,0
49,UT,49037,San Juan,0
49,UT,49039,Sanpete,0
49,UT,49041,Sevier,0
49,UT,49043,Summit,0
49,UT,49045,Tooele,0
49,UT,49047,Uintah,0
49,UT,49049,Utah,0
49,UT,49051,Wasatch,0
49,UT,49053,Washington,0
49,UT,49055,Wayne,0
49,UT,49057,Weber,0
50,VT,50001,Addison,0
50,VT,50003,Bennington,0
50,VT,50005,Caledonia,0
50,VT,50007,Chittenden,0
50,VT,50009,Essex,0
50,VT,50011,Franklin,0
50,VT,50013,Grand Isle,0
50,VT,50015,Lamoille,0
50,VT,50017,Orange,0
50,VT,50019,Orleans,0
50,VT,50021,Rutland,0
50,VT,50023,Washington,0
50,VT,50025,Windham,0
50,VT,50027,Windsor,0
51,VA,51001,Accomack,50.266
51,VA,51003,Albemarle,53.826
51,VA,51005,Alleghany,63.151
51,VA,51007,Amelia,62.831
51,VA,51009,Amherst,54.533
51,VA,51011,Appomattox,64.563
51,VA,51013,Arlington,74.428
51,VA,51015,Augusta,64.228
51,VA,51017,Bath,57.601
51,VA,51019,Bedford,61.674
51,VA,51021,Bland,63.039
51,VA,51023,Botetourt,63.632
51,VA,51025,Brunswick,57.891
51,VA,51027,Buchanan,58.938
51,VA,51029,Buckingham,58.555
51,VA,51031,Campbell,65.231
51,VA,51033,Caroline,49.855
51,VA,51035,Carroll,62.484
51,VA,51036,Charles City,53.39
51,VA,51037,Charlotte,61.266
51,VA,51041,Chesterfield,56.322
51,VA,51043,Clarke,71.208
51,VA,51045,Craig,57.658
51,VA,51047,Culpeper,55.664
51,VA,51049,Cumberland,62.041
51,VA,51051,Dickenson,53.068
51,VA,51053,Dinwiddie,60.415
51,VA,51057,Essex,57.206
51,VA,51059,Fairfax,51.457
51,VA,51061,Fauquier,55.401
51,VA,51063,Floyd,57.736
51,VA,51065,Fluvanna,60.696
51,VA,51067,Franklin,59.606
51,VA,51069,Frederick,74.439
51,VA,51071,Giles,62.333
51,VA,51073,Gloucester,50.766
51,VA,51075,Goochland,61.359
51,VA,51077,Grayson,60.251
51,VA,51079,Greene,55.122
51,VA,51081,Greensville,49.975
51,VA,51083,Halifax,66.987
51,VA,51085,Hanover,58.665
51,VA,51087,Henrico,66.06
51,VA,51089,Henry,70.688
51,VA,51091,Highland,55.275
51,VA,51093,Isle of Wight,60.141
51,VA,51095,James City,48.985
51,VA,51097,King and Queen,52.844
51,VA,51099,King George,57.23
51,VA,51101,King William,58.134
51,VA,51103,Lancaster,51.243
51,VA,51105,Lee,58.127
51,VA,51107,Loudoun,57.979
51,VA,51109,Louisa,56.81
51,VA,51111,Lunenburg,58.068
51,VA,51113,Madison,51.96
51,VA,51115,Mathews,53.479
51,VA,51117,Mecklenburg,58.897
51,VA,51119,Middlesex,52.756
51,VA,51121,Montgomery,66.515
51,VA,51125,Nelson,57.829
51,VA,51127,New Kent,50.835
51,VA,51131,Northampton,50.007
51,VA,51133,Northumberland,60.378
51,VA,51135,Nottoway,62.539
51,VA,51137,Orange,56.428
51,VA,51139,Page,60.465
51,VA,51141,Patrick,55.986
51,VA,51143,Pittsylvania,72.499
51,VA,51145,Powhatan,61.948
51,VA,51147,Prince Edward,63.457
51,VA,51149,Prince George,66.788
51,VA,51153,Prince William,51.814
51,VA,51155,Pulaski,62.765
51,VA,51157,Rappahannock,52.354
51,VA,51159,Richmond,57.884
51,VA,51161,Roanoke,55.026
51,VA,51163,Rockbridge,63.932
51,VA,51165,Rockingham,71.506
51,VA,51167,Russell,59.491
51,VA,51169,Scott,65.49
51,VA,51171,Shenandoah,59.268
51,VA,51173,Smyth,68.394
51,VA,51175,Southampton,60.31
51,VA,51177,Spotsylvania,55.148
51,VA,51179,Stafford,66.324
51,VA,51181,Surry,51.881
51,VA,51183,Sussex,60.355
51,VA,51185,Tazewell,58.808
51,VA,51187,Warren,56.244
51,VA,51191,Washington,62.915
51,VA,51193,Westmoreland,52.241
51,VA,51195,Wise,54.618
51,VA,51197,Wythe,71.243
51,VA,51199,York,50.036
51,VA,51510,Alexandria,74.428
51,VA,51515,Bedford,58.661
51,VA,51520,Bristol,60.795
51,VA,51530,Buena Vista,62.829
51,VA,51540,Charlottesville,54.632
51,VA,51550,Chesapeake,51.223
51,VA,51570,Colonial Heights,55.021
51,VA,51580,Covington,65.513
51,VA,51590,Danville,84.154
51,VA,51595,Emporia,54.659
51,VA,51600,Fairfax,53.022
51,VA,51610,Falls Church,53.604
51,VA,51620,Franklin,51.084
51,VA,51630,Fredericksburg,56.542
51,VA,51640,Galax,58.784
51,VA,51650,Hampton,49.759
51,VA,51660,Harrisonburg,61.901
51,VA,51670,Hopewell,55.021
51,VA,51678,Lexington,62.829
51,VA,51680,Lynchburg,58.539
51,VA,51683,Manassas,53.022
51,VA,51685,Manassas Park,53.022
51,VA,51690,Martinsville,74.769
51,VA,51700,Newport News,50.036
51,VA,51710,Norfolk,49.759
51,VA,51720,Norton,55.258
51,VA,51730,Petersburg,55.021
51,VA,51735,Poquoson,50.036
51,VA,51740,Portsmouth,49.759
51,VA,51750,Radford,61.594
51,VA,51760,Richmond,60.471
51,VA,51770,Roanoke,61.219
51,VA,51775,Salem,61.219
51,VA,51790,Staunton,60.454
51,VA,51800,Suffolk,52.882
51,VA,51810,Virginia Beach,61.071
51,VA,51820,Waynesboro,60.909
51,VA,51830,Williamsburg,50.036
51,VA,51840,Winchester,60.129
53,WA,53001,Adams,0
53,WA,53003,Asotin,0
53,WA,53005,Benton,0
53,WA,53007,Chelan,0
53,WA,53009,Clallam,0
53,WA,53011,Clark,0
53,WA,53013,Columbia,0
53,WA,53015,Cowlitz,0
53,WA,53017,Douglas,0
53,WA,53019,Ferry,0
53,WA,53021,Franklin,0
53,WA,53023,Garfield,0
53,WA,53025,Grant,0
53,WA,53027,Grays Harbor,0
53,WA,53029,Island,0
53,WA,53031,Jefferson,0
53,WA,53033,King,0
53,WA,53035,Kitsap,0
53,WA,53037,Kittitas,0
53,WA,53039,Klickitat,0
53,WA,53041,Lewis,0
53,WA,53043,Lincoln,0
53,WA,53045,Mason,0
53,WA,53047,Okanogan,0
53,WA,53049,Pacific,0
53,WA,53051,Pend Oreille,0
53,WA,53053,Pierce,0
53,WA,53055,San Juan,0
53,WA,53057,Skagit,0
53,WA,53059,Skamania,0
53,WA,53061,Snohomish,0
53,WA,53063,Spokane,0
53,WA,53065,Stevens,0
53,WA,53067,Thurston,0
53,WA,53069,Wahkiakum,0
53,WA,53071,Walla Walla,0
53,WA,53073,Whatcom,0
53,WA,53075,Whitman,0
53,WA,53077,Yakima,0
54,WV,54001,Barbour,50.705
54,WV,54003,Berkeley,55.88
54,WV,54005,Boone,52.12
54,WV,54007,Braxton,50.475
54,WV,54009,Brooke,54.834
54,WV,54011,Cabell,53.126
54,WV,54013,Calhoun,50.976
54,WV,54015,Clay,50.783
54,WV,54017,Doddridge,51.219
54,WV,54019,Fayette,51.621
54,WV,54021,Gilmer,51.109
54,WV,54023,Grant,54.691
54,WV,54025,Greenbrier,59.064
54,WV,54027,Hampshire,57.269
54,WV,54029,Hancock,54.872
54,WV,54031,Hardy,61.554
54,WV,54033,Harrison,49.884
54,WV,54035,Jackson,52.545
54,WV,54037,Jefferson,55.561
54,WV,54039,Kanawha,54.073
54,WV,54041,Lewis,49.802
54,WV,54043,Lincoln,52.739
54,WV,54045,Logan,51.007
54,WV,54047,McDowell,54.16
54,WV,54049,Marion,50.619
54,WV,54051,Marshall,51.019
54,WV,54053,Mason,55.762
54,WV,54055,Mercer,55.489
54,WV,54057,Mineral,57.588
54,WV,54059,Mingo,52.136
54,WV,54061,Monongalia,50.619
54,WV,54063,Monroe,59.462
54,WV,54065,Morgan,55.88
54,WV,54067,Nicholas,52.779
54,WV,54069,Ohio,52.667
54,WV,54071,Pendleton,60.097
54,WV,54073,Pleasants,51.732
54,WV,54075,Pocahontas,60.911
54,WV,54077,Preston,51.629
54,WV,54079,Putnam,51.47
54,WV,54081,Raleigh,52.973
54,WV,54083,Randolph,54.009
54,WV,54085,Ritchie,52.003
54,WV,54087,Roane,50.776
54,WV,54089,Summers,56.267
54,WV,54091,Taylor,49.884
54,WV,54093,Tucker,54.85
54,WV,54095,Tyler,51.869
54,WV,54097,Upshur,50.52
54,WV,54099,Wayne,51.498
54,WV,54101,Webster,52.546
54,WV,54103,Wetzel,50.99
54,WV,54105,Wirt,50.976
54,WV,54107,Wood,51.353
54,WV,54109,Wyoming,51.94
55,WI,55001,Adams,54.74
55,WI,55003,Ashland,154.586
55,WI,55005,Barron,53.133
55,WI,55007,Bayfield,90.587
55,WI,55009,Brown,52.107
55,WI,55011,Buffalo,51.365
55,WI,55013,Burnett,49.61
55,WI,55015,Calumet,55.045
55,WI,55017,Chippewa,55.237
55,WI,55019,Clark,55.074
55,WI,55021,Columbia,54.216
55,WI,55023,Crawford,54.741
55,WI,55025,Dane,56.637
55,WI,55027,Dodge,56.09
55,WI,55029,Door,52.019
55,WI,55031,Douglas,69.72
55,WI,55033,Dunn,56.596
55,WI,55035,Eau Claire,54.989
55,WI,55037,Florence,63.438
55,WI,55039,Fond du Lac,57.777
55,WI,55041,Forest,69.451
55,WI,55043,Grant,53.788
55,WI,55045,Green,56.132
55,WI,55047,Green Lake,55.08
55,WI,55049,Iowa,53.17
55,WI,55051,Iron,79.344
55,WI,55053,Jackson,53.395
55,WI,55055,Jefferson,49.084
55,WI,55057,Juneau,54.054
55,WI,55059,Kenosha,53.593
55,WI,55061,Kewaunee,56.158
55,WI,55063,La Crosse,54.917
55,WI,55065,Lafayette,50.177
55,WI,55067,Langlade,96.104
55,WI,55069,Lincoln,105.73
55,WI,55071,Manitowoc,54.554
55,WI,55073,Marathon,64.931
55,WI,55075,Marinette,72.532
55,WI,55077,Marquette,48.117
55,WI,55078,Menominee,51.568
55,WI,55079,Milwaukee,55.569
55,WI,55081,Monroe,53.029
55,WI,55083,Oconto,57.812
55,WI,55085,Oneida,131.361
55,WI,55087,Outagamie,55.778
55,WI,55089,Ozaukee,53.923
55,WI,55091,Pepin,52.942
55,WI,55093,Pierce,51.818
55,WI,55095,Polk,55.17
55,WI,55097,Portage,53.632
55,WI,55099,Price,92.388
55,WI,55101,Racine,49.885
55,WI,55103,Richland,63.666
55,WI,55105,Rock,48.026
55,WI,55107,Rusk,52.717
55,WI,55109,St. Croix,53.466
55,WI,55111,Sauk,55.467
55,WI,55113,Sawyer,57.967
55,WI,55115,Shawano,49.521
55,WI,55117,Sheboygan,53.068
55,WI,55119,Taylor,61.022
55,WI,55121,Trempealeau,53.007
55,WI,55123,Vernon,51.082
55,WI,55125,Vilas,62.152
55,WI,55127,Walworth,51.094
55,WI,55129,Washburn,54.082
55,WI,55131,Washington,60.642
55,WI,55133,Waukesha,55.59
55,WI,55135,Waupaca,52.102
55,WI,55137,Waushara,47.28
55,WI,55139,Winnebago,54.997
55,WI,55141,Wood,46.168
56,WY,56001,Albany,0
56,WY,56003,Big Horn,0
56,WY,56005,Campbell,0
56,WY,56007,Carbon,0
56,WY,56009,Converse,0
56,WY,56011,Crook,0
56,WY,56013,Fremont,0
56,WY,56015,Goshen,0
56,WY,56017,Hot Springs,0
56,WY,56019,Johnson,0
56,WY,56021,Laramie,0
56,WY,56023,Lincoln,0
56,WY,56025,Natrona,0
56,WY,56027,Niobrara,0
56,WY,56029,Park,0
56,WY,56031,Platte,0
56,WY,56033,Sheridan,0
56,WY,56035,Sublette,0
56,WY,56037,Sweetwater,0
56,WY,56039,Teton,0
56,WY,56041,Uinta,0
56,WY,56043,Washakie,0
56,WY,56045,Weston,0
