STATEFP,STATE,County_FIPS,County_NAME,switchgrass_cost
1,AL,1001,Autauga,64.939
1,AL,1003,Baldwin,58.822
1,AL,1005,Barbour,53.904
1,AL,1007,Bibb,72.478
1,AL,1009,Blount,69.518
1,AL,1011,Bullock,87.871
1,AL,1013,Butler,74.308
1,AL,1015,Calhoun,66.551
1,AL,1017,Chambers,72.472
1,AL,1019,Cherokee,67.037
1,AL,1021,Chilton,52.928
1,AL,1023,Choctaw,72.901
1,AL,1025,Clarke,80.537
1,AL,1027,Clay,87.71
1,AL,1029,Cleburne,95.698
1,AL,1031,Coffee,49.494
1,AL,1033,Colbert,49.498
1,AL,1035,Conecuh,50.018
1,AL,1037,Coosa,82.89
1,AL,1039,Covington,51.148
1,AL,1041,Crenshaw,86.104
1,AL,1043,Cullman,65.29
1,AL,1045,Dale,80.025
1,AL,1047,Dallas,50.949
1,AL,1049,DeKalb,73.951
1,AL,1051,Elmore,49.412
1,AL,1053,Escambia,55.282
1,AL,1055,Etowah,64.962
1,AL,1057,Fayette,61.539
1,AL,1059,Franklin,55.547
1,AL,1061,Geneva,54.135
1,AL,1063,Greene,74.396
1,AL,1065,Hale,56.987
1,AL,1067,Henry,54.852
1,AL,1069,Houston,51.394
1,AL,1071,Jackson,58.82
1,AL,1073,Jefferson,92.016
1,AL,1075,Lamar,46.574
1,AL,1077,Lauderdale,57.478
1,AL,1079,Lawrence,56.368
1,AL,1081,Lee,71.141
1,AL,1083,Limestone,57.507
1,AL,1085,Lowndes,53.122
1,AL,1087,Macon,68.591
1,AL,1089,Madison,57.971
1,AL,1091,Marengo,69.066
1,AL,1093,Marion,73.174
1,AL,1095,Marshall,61.278
1,AL,1097,Mobile,64.688
1,AL,1099,Monroe,51.879
1,AL,1101,Montgomery,54.72
1,AL,1103,Morgan,60.105
1,AL,1105,Perry,60.809
1,AL,1107,Pickens,80.393
1,AL,1109,Pike,47.647
1,AL,1111,Randolph,90.857
1,AL,1113,Russell,49.876
1,AL,1115,St. Clair,96.79
1,AL,1117,Shelby,85.359
1,AL,1119,Sumter,70.588
1,AL,1121,Talladega,71.144
1,AL,1123,Tallapoosa,63.152
1,AL,1125,Tuscaloosa,58.485
1,AL,1127,Walker,95.218
1,AL,1129,Washington,50.413
1,AL,1131,Wilcox,52.307
1,AL,1133,Winston,91.688
4,AZ,4001,Apache,0
4,AZ,4003,Cochise,0
4,AZ,4005,Coconino,0
4,AZ,4007,Gila,0
4,AZ,4009,Graham,0
4,AZ,4011,Greenlee,0
4,AZ,4012,La Paz,0
4,AZ,4013,Maricopa,0
4,AZ,4015,Mohave,0
4,AZ,4017,Navajo,0
4,AZ,4019,Pima,0
4,AZ,4021,Pinal,0
4,AZ,4023,Santa Cruz,0
4,AZ,4025,Yavapai,0
4,AZ,4027,Yuma,0
5,AR,5001,Arkansas,60.087
5,AR,5003,Ashley,55.259
5,AR,5005,Baxter,85.134
5,AR,5007,Benton,81.979
5,AR,5009,Boone,85.319
5,AR,5011,Bradley,70.614
5,AR,5013,Calhoun,70.358
5,AR,5015,Carroll,80.994
5,AR,5017,Chicot,51.324
5,AR,5019,Clark,63.195
5,AR,5021,Clay,50.594
5,AR,5023,Cleburne,86.996
5,AR,5025,Cleveland,70.615
5,AR,5027,Columbia,75.123
5,AR,5029,Conway,51.269
5,AR,5031,Craighead,61.152
5,AR,5033,Crawford,47.35
5,AR,5035,Crittenden,48.967
5,AR,5037,Cross,57.796
5,AR,5039,Dallas,69.764
5,AR,5041,Desha,46.026
5,AR,5043,Drew,54.866
5,AR,5045,Faulkner,50.44
5,AR,5047,Franklin,77.525
5,AR,5049,Fulton,74.56
5,AR,5051,Garland,79.421
5,AR,5053,Grant,70.076
5,AR,5055,Greene,47.971
5,AR,5057,Hempstead,70.901
5,AR,5059,Hot Spring,68.358
5,AR,5061,Howard,73.918
5,AR,5063,Independence,57.198
5,AR,5065,Izard,83.53
5,AR,5067,Jackson,52.887
5,AR,5069,Jefferson,55.123
5,AR,5071,Johnson,57.778
5,AR,5073,Lafayette,50.02
5,AR,5075,Lawrence,66.12
5,AR,5077,Lee,51.285
5,AR,5079,Lincoln,52.026
5,AR,5081,Little River,61.532
5,AR,5083,Logan,56.198
5,AR,5085,Lonoke,55.477
5,AR,5087,Madison,81.259
5,AR,5089,Marion,76.528
5,AR,5091,Miller,45.565
5,AR,5093,Mississippi,53.973
5,AR,5095,Monroe,58.548
5,AR,5097,Montgomery,77.602
5,AR,5099,Nevada,71.068
5,AR,5101,Newton,79.474
5,AR,5103,Ouachita,70.842
5,AR,5105,Perry,79.16
5,AR,5107,Phillips,57.303
5,AR,5109,Pike,73.143
5,AR,5111,Poinsett,57.709
5,AR,5113,Polk,76.659
5,AR,5115,Pope,55.899
5,AR,5117,Prairie,58.718
5,AR,5119,Pulaski,56.77
5,AR,5121,Randolph,62.446
5,AR,5123,St. Francis,48.694
5,AR,5125,Saline,80.991
5,AR,5127,Scott,79.045
5,AR,5129,Searcy,76.417
5,AR,5131,Sebastian,60.642
5,AR,5133,Sevier,69.613
5,AR,5135,Sharp,85.936
5,AR,5137,Stone,83.49
5,AR,5139,Union,70.95
5,AR,5141,Van Buren,82.499
5,AR,5143,Washington,80.938
5,AR,5145,White,53.629
5,AR,5147,Woodruff,54.087
5,AR,5149,Yell,52.213
6,CA,6001,Alameda,0
6,CA,6003,Alpine,0
6,CA,6005,Amador,0
6,CA,6007,Butte,0
6,CA,6009,Calaveras,0
6,CA,6011,Colusa,0
6,CA,6013,Contra Costa,0
6,CA,6015,Del Norte,0
6,CA,6017,El Dorado,0
6,CA,6019,Fresno,0
6,CA,6021,Glenn,0
6,CA,6023,Humboldt,0
6,CA,6025,Imperial,0
6,CA,6027,Inyo,0
6,CA,6029,Kern,0
6,CA,6031,Kings,0
6,CA,6033,Lake,0
6,CA,6035,Lassen,0
6,CA,6037,Los Angeles,0
6,CA,6039,Madera,0
6,CA,6041,Marin,0
6,CA,6043,Mariposa,0
6,CA,6045,Mendocino,0
6,CA,6047,Merced,0
6,CA,6049,Modoc,0
6,CA,6051,Mono,0
6,CA,6053,Monterey,0
6,CA,6055,Napa,0
6,CA,6057,Nevada,0
6,CA,6059,Orange,0
6,CA,6061,Placer,0
6,CA,6063,Plumas,0
6,CA,6065,Riverside,0
6,CA,6067,Sacramento,0
6,CA,6069,San Benito,0
6,CA,6071,San Bernardino,0
6,CA,6073,San Diego,0
6,CA,6075,San Francisco,0
6,CA,6077,San Joaquin,0
6,CA,6079,San Luis Obispo,0
6,CA,6081,San Mateo,0
6,CA,6083,Santa Barbara,0
6,CA,6085,Santa Clara,0
6,CA,6087,Santa Cruz,0
6,CA,6089,Shasta,0
6,CA,6091,Sierra,0
6,CA,6093,Siskiyou,0
6,CA,6095,Solano,0
6,CA,6097,Sonoma,0
6,CA,6099,Stanislaus,0
6,CA,6101,Sutter,0
6,CA,6103,Tehama,0
6,CA,6105,Trinity,0
6,CA,6107,Tulare,0
6,CA,6109,Tuolumne,0
6,CA,6111,Ventura,0
6,CA,6113,Yolo,0
6,CA,6115,Yuba,0
8,CO,8001,Adams,0
8,CO,8003,Alamosa,0
8,CO,8005,Arapahoe,0
8,CO,8007,Archuleta,0
8,CO,8009,Baca,0
8,CO,8011,Bent,0
8,CO,8013,Boulder,0
8,CO,8014,Broomfield,0
8,CO,8015,Chaffee,0
8,CO,8017,Cheyenne,0
8,CO,8019,Clear Creek,0
8,CO,8021,Conejos,0
8,CO,8023,Costilla,0
8,CO,8025,Crowley,0
8,CO,8027,Custer,0
8,CO,8029,Delta,0
8,CO,8031,Denver,0
8,CO,8033,Dolores,0
8,CO,8035,Douglas,0
8,CO,8037,Eagle,0
8,CO,8039,Elbert,0
8,CO,8041,El Paso,0
8,CO,8043,Fremont,0
8,CO,8045,Garfield,0
8,CO,8047,Gilpin,0
8,CO,8049,Grand,0
8,CO,8051,Gunnison,0
8,CO,8053,Hinsdale,0
8,CO,8055,Huerfano,0
8,CO,8057,Jackson,0
8,CO,8059,Jefferson,0
8,CO,8061,Kiowa,0
8,CO,8063,Kit Carson,0
8,CO,8065,Lake,0
8,CO,8067,La Plata,0
8,CO,8069,Larimer,0
8,CO,8071,Las Animas,0
8,CO,8073,Lincoln,0
8,CO,8075,Logan,0
8,CO,8077,Mesa,0
8,CO,8079,Mineral,0
8,CO,8081,Moffat,0
8,CO,8083,Montezuma,0
8,CO,8085,Montrose,0
8,CO,8087,Morgan,0
8,CO,8089,Otero,0
8,CO,8091,Ouray,0
8,CO,8093,Park,0
8,CO,8095,Phillips,0
8,CO,8097,Pitkin,0
8,CO,8099,Prowers,0
8,CO,8101,Pueblo,0
8,CO,8103,Rio Blanco,0
8,CO,8105,Rio Grande,0
8,CO,8107,Routt,0
8,CO,8109,Saguache,0
8,CO,8111,San Juan,0
8,CO,8113,San Miguel,0
8,CO,8115,Sedgwick,0
8,CO,8117,Summit,0
8,CO,8119,Teller,0
8,CO,8121,Washington,0
8,CO,8123,Weld,0
8,CO,8125,Yuma,0
9,CT,9001,Fairfield,0
9,CT,9003,Hartford,0
9,CT,9005,Litchfield,0
9,CT,9007,Middlesex,0
9,CT,9009,New Haven,0
9,CT,9011,New London,0
9,CT,9013,Tolland,0
9,CT,9015,Windham,0
10,DE,10001,Kent,0
10,DE,10003,New Castle,0
10,DE,10005,Sussex,0
11,DC,11001,District of Columbia,106.893
12,FL,12001,Alachua,98.51
12,FL,12003,Baker,72.368
12,FL,12005,Bay,70.61
12,FL,12007,Bradford,78.799
12,FL,12009,Brevard,79.308
12,FL,12011,Broward,156.021
12,FL,12013,Calhoun,69.603
12,FL,12015,Charlotte,113.648
12,FL,12017,Citrus,102.254
12,FL,12019,Clay,86.709
12,FL,12021,Collier,99.388
12,FL,12023,Columbia,70.983
12,FL,12027,DeSoto,111.286
12,FL,12029,Dixie,69.978
12,FL,12031,Duval,81.343
12,FL,12033,Escambia,65.106
12,FL,12035,Flagler,110.78
12,FL,12037,Franklin,67.652
12,FL,12039,Gadsden,67.169
12,FL,12041,Gilchrist,70.114
12,FL,12043,Glades,104.319
12,FL,12045,Gulf,69.671
12,FL,12047,Hamilton,48.628
12,FL,12049,Hardee,90.424
12,FL,12051,Hendry,114.176
12,FL,12053,Hernando,108.718
12,FL,12055,Highlands,112.465
12,FL,12057,Hillsborough,117.042
12,FL,12059,Holmes,69.238
12,FL,12061,Indian River,259.362
12,FL,12063,Jackson,68.054
12,FL,12065,Jefferson,66.19
12,FL,12067,Lafayette,71.385
12,FL,12069,Lake,100.236
12,FL,12071,Lee,115.373
12,FL,12073,Leon,67.735
12,FL,12075,Levy,120.926
12,FL,12077,Liberty,69.731
12,FL,12079,Madison,67.148
12,FL,12081,Manatee,95.274
12,FL,12083,Marion,87.879
12,FL,12085,Martin,99.626
12,FL,12086,Miami-Dade,292.921
12,FL,12087,Monroe,434.106
12,FL,12089,Nassau,75.626
12,FL,12091,Okaloosa,67.672
12,FL,12093,Okeechobee,91.849
12,FL,12095,Orange,110.678
12,FL,12097,Osceola,104.15
12,FL,12099,Palm Beach,155.709
12,FL,12101,Pasco,117.645
12,FL,12103,Pinellas,107.491
12,FL,12105,Polk,120.197
12,FL,12107,Putnam,85.794
12,FL,12109,St. Johns,98.83
12,FL,12111,St. Lucie,85.607
12,FL,12113,Santa Rosa,65.84
12,FL,12115,Sarasota,138.87
12,FL,12117,Seminole,106.315
12,FL,12119,Sumter,125.47
12,FL,12121,Suwannee,66.597
12,FL,12123,Taylor,66.733
12,FL,12125,Union,72.182
12,FL,12127,Volusia,121.697
12,FL,12129,Wakulla,66.976
12,FL,12131,Walton,76.81
12,FL,12133,Washington,71.073
13,GA,13001,Appling,75.71
13,GA,13003,Atkinson,70.616
13,GA,13005,Bacon,55.3
13,GA,13007,Baker,47.804
13,GA,13009,Baldwin,81.578
13,GA,13011,Banks,99.235
13,GA,13013,Barrow,116.128
13,GA,13015,Bartow,55.587
13,GA,13017,Ben Hill,54.32
13,GA,13019,Berrien,61.886
13,GA,13021,Bibb,49.145
13,GA,13023,Bleckley,48.081
13,GA,13025,Brantley,53.03
13,GA,13027,Brooks,49.525
13,GA,13029,Bryan,60.308
13,GA,13031,Bulloch,52.917
13,GA,13033,Burke,63.171
13,GA,13035,Butts,116.958
13,GA,13037,Calhoun,61.554
13,GA,13039,Camden,99.823
13,GA,13043,Candler,52.226
13,GA,13045,Carroll,91.301
13,GA,13047,Catoosa,88.766
13,GA,13049,Charlton,107.961
13,GA,13051,Chatham,121.309
13,GA,13053,Chattahoochee,82.968
13,GA,13055,Chattooga,74.085
13,GA,13057,Cherokee,83.131
13,GA,13059,Clarke,122.496
13,GA,13061,Clay,66.997
13,GA,13063,Clayton,104.78
13,GA,13065,Clinch,57.062
13,GA,13067,Cobb,139.601
13,GA,13069,Coffee,65.184
13,GA,13071,Colquitt,45.928
13,GA,13073,Columbia,83.573
13,GA,13075,Cook,58.505
13,GA,13077,Coweta,114.797
13,GA,13079,Crawford,135.547
13,GA,13081,Crisp,62.289
13,GA,13083,Dade,98.873
13,GA,13085,Dawson,83.131
13,GA,13087,Decatur,49.715
13,GA,13089,DeKalb,91.619
13,GA,13091,Dodge,48.057
13,GA,13093,Dooly,54.231
13,GA,13095,Dougherty,62.269
13,GA,13097,Douglas,102.293
13,GA,13099,Early,62.946
13,GA,13101,Echols,61.164
13,GA,13103,Effingham,60.673
13,GA,13105,Elbert,130.303
13,GA,13107,Emanuel,56.493
13,GA,13109,Evans,57.83
13,GA,13111,Fannin,79.881
13,GA,13113,Fayette,160.868
13,GA,13115,Floyd,95.354
13,GA,13117,Forsyth,100.471
13,GA,13119,Franklin,100.283
13,GA,13121,Fulton,120.995
13,GA,13123,Gilmer,109.374
13,GA,13125,Glascock,57.604
13,GA,13127,Glynn,107.382
13,GA,13129,Gordon,53.999
13,GA,13131,Grady,47.121
13,GA,13133,Greene,129.272
13,GA,13135,Gwinnett,110.637
13,GA,13137,Habersham,99.235
13,GA,13139,Hall,100.471
13,GA,13141,Hancock,96.569
13,GA,13143,Haralson,97.833
13,GA,13145,Harris,121.207
13,GA,13147,Hart,85.767
13,GA,13149,Heard,113.317
13,GA,13151,Henry,64.337
13,GA,13153,Houston,55.07
13,GA,13155,Irwin,64.617
13,GA,13157,Jackson,101.96
13,GA,13159,Jasper,112.436
13,GA,13161,Jeff Davis,82.251
13,GA,13163,Jefferson,62.679
13,GA,13165,Jenkins,55.355
13,GA,13167,Johnson,52.864
13,GA,13169,Jones,96.357
13,GA,13171,Lamar,68.495
13,GA,13173,Lanier,59.784
13,GA,13175,Laurens,56.643
13,GA,13177,Lee,58.643
13,GA,13179,Liberty,87.884
13,GA,13181,Lincoln,116.506
13,GA,13183,Long,54.09
13,GA,13185,Lowndes,57.917
13,GA,13187,Lumpkin,79.881
13,GA,13189,McDuffie,135.54
13,GA,13191,McIntosh,110.213
13,GA,13193,Macon,62.985
13,GA,13195,Madison,118.439
13,GA,13197,Marion,55.307
13,GA,13199,Meriwether,149.183
13,GA,13201,Miller,47.087
13,GA,13205,Mitchell,46.537
13,GA,13207,Monroe,111.157
13,GA,13209,Montgomery,56.544
13,GA,13211,Morgan,122.601
13,GA,13213,Murray,70.556
13,GA,13215,Muscogee,279.601
13,GA,13217,Newton,56.534
13,GA,13219,Oconee,122.496
13,GA,13221,Oglethorpe,127.121
13,GA,13223,Paulding,101.937
13,GA,13225,Peach,52.601
13,GA,13227,Pickens,93.021
13,GA,13229,Pierce,72.153
13,GA,13231,Pike,107.407
13,GA,13233,Polk,46.624
13,GA,13235,Pulaski,55.048
13,GA,13237,Putnam,113.722
13,GA,13239,Quitman,80.534
13,GA,13241,Rabun,75.999
13,GA,13243,Randolph,46.869
13,GA,13245,Richmond,83.573
13,GA,13247,Rockdale,93.479
13,GA,13249,Schley,48.036
13,GA,13251,Screven,55.213
13,GA,13253,Seminole,47.313
13,GA,13255,Spalding,90.433
13,GA,13257,Stephens,99.235
13,GA,13259,Stewart,53.714
13,GA,13261,Sumter,59.195
13,GA,13263,Talbot,143.995
13,GA,13265,Taliaferro,124.915
13,GA,13267,Tattnall,61.364
13,GA,13269,Taylor,52.749
13,GA,13271,Telfair,58.53
13,GA,13273,Terrell,59.165
13,GA,13275,Thomas,50.225
13,GA,13277,Tift,63.099
13,GA,13279,Toombs,63.575
13,GA,13281,Towns,79.341
13,GA,13283,Treutlen,53.446
13,GA,13285,Troup,116.597
13,GA,13287,Turner,63.161
13,GA,13289,Twiggs,54.703
13,GA,13291,Union,51.888
13,GA,13293,Upson,127.856
13,GA,13295,Walker,45.368
13,GA,13297,Walton,93.479
13,GA,13299,Ware,64.982
13,GA,13301,Warren,81.439
13,GA,13303,Washington,56.221
13,GA,13305,Wayne,55.817
13,GA,13307,Webster,48.383
13,GA,13309,Wheeler,57.368
13,GA,13311,White,54.641
13,GA,13313,Whitfield,56.192
13,GA,13315,Wilcox,57.528
13,GA,13317,Wilkes,96.024
13,GA,13319,Wilkinson,52.334
13,GA,13321,Worth,60.324
16,ID,16001,Ada,0
16,ID,16003,Adams,0
16,ID,16005,Bannock,0
16,ID,16007,Bear Lake,0
16,ID,16009,Benewah,0
16,ID,16011,Bingham,0
16,ID,16013,Blaine,0
16,ID,16015,Boise,0
16,ID,16017,Bonner,0
16,ID,16019,Bonneville,0
16,ID,16021,Boundary,0
16,ID,16023,Butte,0
16,ID,16025,Camas,0
16,ID,16027,Canyon,0
16,ID,16029,Caribou,0
16,ID,16031,Cassia,0
16,ID,16033,Clark,0
16,ID,16035,Clearwater,0
16,ID,16037,Custer,0
16,ID,16039,Elmore,0
16,ID,16041,Franklin,0
16,ID,16043,Fremont,0
16,ID,16045,Gem,0
16,ID,16047,Gooding,0
16,ID,16049,Idaho,0
16,ID,16051,Jefferson,0
16,ID,16053,Jerome,0
16,ID,16055,Kootenai,0
16,ID,16057,Latah,0
16,ID,16059,Lemhi,0
16,ID,16061,Lewis,0
16,ID,16063,Lincoln,0
16,ID,16065,Madison,0
16,ID,16067,Minidoka,0
16,ID,16069,Nez Perce,0
16,ID,16071,Oneida,0
16,ID,16073,Owyhee,0
16,ID,16075,Payette,0
16,ID,16077,Power,0
16,ID,16079,Shoshone,0
16,ID,16081,Teton,0
16,ID,16083,Twin Falls,0
16,ID,16085,Valley,0
16,ID,16087,Washington,0
17,IL,17001,Adams,70.028
17,IL,17003,Alexander,73.158
17,IL,17005,Bond,74.142
17,IL,17007,Boone,66.216
17,IL,17009,Brown,82.056
17,IL,17011,Bureau,60.377
17,IL,17013,Calhoun,72.555
17,IL,17015,Carroll,59.762
17,IL,17017,Cass,68.445
17,IL,17019,Champaign,61.118
17,IL,17021,Christian,75.689
17,IL,17023,Clark,63.66
17,IL,17025,Clay,61.13
17,IL,17027,Clinton,75.767
17,IL,17029,Coles,78.682
17,IL,17031,Cook,74.722
17,IL,17033,Crawford,63.449
17,IL,17035,Cumberland,71.867
17,IL,17037,DeKalb,61.993
17,IL,17039,De Witt,74.727
17,IL,17041,Douglas,77.073
17,IL,17043,DuPage,80.515
17,IL,17045,Edgar,67.099
17,IL,17047,Edwards,71.354
17,IL,17049,Effingham,68.355
17,IL,17051,Fayette,62.056
17,IL,17053,Ford,74.39
17,IL,17055,Franklin,70.702
17,IL,17057,Fulton,81.6
17,IL,17059,Gallatin,73.661
17,IL,17061,Greene,68.933
17,IL,17063,Grundy,81.864
17,IL,17065,Hamilton,73.785
17,IL,17067,Hancock,74.75
17,IL,17069,Hardin,69.382
17,IL,17071,Henderson,75.682
17,IL,17073,Henry,56.537
17,IL,17075,Iroquois,52.092
17,IL,17077,Jackson,58.172
17,IL,17079,Jasper,68.035
17,IL,17081,Jefferson,60.805
17,IL,17083,Jersey,67.906
17,IL,17085,Jo Daviess,60.716
17,IL,17087,Johnson,59.278
17,IL,17089,Kane,63.45
17,IL,17091,Kankakee,95.216
17,IL,17093,Kendall,66.409
17,IL,17095,Knox,80.05
17,IL,17097,Lake,76.448
17,IL,17099,LaSalle,59.579
17,IL,17101,Lawrence,72.849
17,IL,17103,Lee,62.402
17,IL,17105,Livingston,58.011
17,IL,17107,Logan,75.811
17,IL,17109,McDonough,77.594
17,IL,17111,McHenry,61.75
17,IL,17113,McLean,84.231
17,IL,17115,Macon,70.311
17,IL,17117,Macoupin,77.379
17,IL,17119,Madison,72.982
17,IL,17121,Marion,74.786
17,IL,17123,Marshall,78.876
17,IL,17125,Mason,53.497
17,IL,17127,Massac,63.555
17,IL,17129,Menard,76.607
17,IL,17131,Mercer,77.655
17,IL,17133,Monroe,69.17
17,IL,17135,Montgomery,68.201
17,IL,17137,Morgan,71.674
17,IL,17139,Moultrie,74.861
17,IL,17141,Ogle,58.973
17,IL,17143,Peoria,74.753
17,IL,17145,Perry,63.797
17,IL,17147,Piatt,74.53
17,IL,17149,Pike,78.26
17,IL,17151,Pope,70.569
17,IL,17153,Pulaski,68.369
17,IL,17155,Putnam,81.048
17,IL,17157,Randolph,73.521
17,IL,17159,Richland,73.724
17,IL,17161,Rock Island,101.756
17,IL,17163,St. Clair,75.197
17,IL,17165,Saline,55.114
17,IL,17167,Sangamon,80.651
17,IL,17169,Schuyler,75.834
17,IL,17171,Scott,72.521
17,IL,17173,Shelby,78.557
17,IL,17175,Stark,78.467
17,IL,17177,Stephenson,64.676
17,IL,17179,Tazewell,88.538
17,IL,17181,Union,60.438
17,IL,17183,Vermilion,66.086
17,IL,17185,Wabash,72.69
17,IL,17187,Warren,81.817
17,IL,17189,Washington,71.402
17,IL,17191,Wayne,73.499
17,IL,17193,White,73.133
17,IL,17195,Whiteside,87.549
17,IL,17197,Will,60.259
17,IL,17199,Williamson,51.489
17,IL,17201,Winnebago,62.576
17,IL,17203,Woodford,78.153
18,IN,18001,Adams,91.445
18,IN,18003,Allen,102.727
18,IN,18005,Bartholomew,83.358
18,IN,18007,Benton,99.183
18,IN,18009,Blackford,84.151
18,IN,18011,Boone,83.901
18,IN,18013,Brown,75.378
18,IN,18015,Carroll,89.636
18,IN,18017,Cass,94.962
18,IN,18019,Clark,76.739
18,IN,18021,Clay,83.028
18,IN,18023,Clinton,89.835
18,IN,18025,Crawford,73.999
18,IN,18027,Daviess,76.853
18,IN,18029,Dearborn,81.842
18,IN,18031,Decatur,90.906
18,IN,18033,DeKalb,104.578
18,IN,18035,Delaware,87.496
18,IN,18037,Dubois,77.705
18,IN,18039,Elkhart,91.832
18,IN,18041,Fayette,93.302
18,IN,18043,Floyd,73.817
18,IN,18045,Fountain,84.58
18,IN,18047,Franklin,84.017
18,IN,18049,Fulton,98.148
18,IN,18051,Gibson,76.096
18,IN,18053,Grant,89.356
18,IN,18055,Greene,84.763
18,IN,18057,Hamilton,86.926
18,IN,18059,Hancock,87.033
18,IN,18061,Harrison,80.438
18,IN,18063,Hendricks,91.918
18,IN,18065,Henry,94.937
18,IN,18067,Howard,91.383
18,IN,18069,Huntington,99.28
18,IN,18071,Jackson,74.103
18,IN,18073,Jasper,85.839
18,IN,18075,Jay,91.854
18,IN,18077,Jefferson,64.948
18,IN,18079,Jennings,71.563
18,IN,18081,Johnson,90.763
18,IN,18083,Knox,77.32
18,IN,18085,Kosciusko,109.021
18,IN,18087,LaGrange,89.409
18,IN,18089,Lake,84.082
18,IN,18091,LaPorte,88.731
18,IN,18093,Lawrence,100.633
18,IN,18095,Madison,88.099
18,IN,18097,Marion,86.576
18,IN,18099,Marshall,93.919
18,IN,18101,Martin,77.44
18,IN,18103,Miami,93.348
18,IN,18105,Monroe,81.674
18,IN,18107,Montgomery,89.327
18,IN,18109,Morgan,90.731
18,IN,18111,Newton,90.373
18,IN,18113,Noble,102.581
18,IN,18115,Ohio,77.113
18,IN,18117,Orange,84.205
18,IN,18119,Owen,80.299
18,IN,18121,Parke,80.333
18,IN,18123,Perry,88.111
18,IN,18125,Pike,72.559
18,IN,18127,Porter,98.785
18,IN,18129,Posey,77.845
18,IN,18131,Pulaski,89.995
18,IN,18133,Putnam,93.196
18,IN,18135,Randolph,89.053
18,IN,18137,Ripley,77.125
18,IN,18139,Rush,96.523
18,IN,18141,St. Joseph,96.291
18,IN,18143,Scott,77.153
18,IN,18145,Shelby,86.427
18,IN,18147,Spencer,79.7
18,IN,18149,Starke,77.58
18,IN,18151,Steuben,106.514
18,IN,18153,Sullivan,99.301
18,IN,18155,Switzerland,87.207
18,IN,18157,Tippecanoe,94.936
18,IN,18159,Tipton,87.771
18,IN,18161,Union,96.147
18,IN,18163,Vanderburgh,76.912
18,IN,18165,Vermillion,82.771
18,IN,18167,Vigo,83.88
18,IN,18169,Wabash,96.174
18,IN,18171,Warren,82.432
18,IN,18173,Warrick,78.175
18,IN,18175,Washington,69.673
18,IN,18177,Wayne,83.723
18,IN,18179,Wells,94.731
18,IN,18181,White,93.589
18,IN,18183,Whitley,105.685
19,IA,19001,Adair,48.982
19,IA,19003,Adams,45.891
19,IA,19005,Allamakee,76.581
19,IA,19007,Appanoose,43.951
19,IA,19009,Audubon,54.687
19,IA,19011,Benton,54.803
19,IA,19013,Black Hawk,55
19,IA,19015,Boone,52.631
19,IA,19017,Bremer,55.106
19,IA,19019,Buchanan,107.112
19,IA,19021,Buena Vista,76.527
19,IA,19023,Butler,60.163
19,IA,19025,Calhoun,58.969
19,IA,19027,Carroll,62.636
19,IA,19029,Cass,52.414
19,IA,19031,Cedar,51.095
19,IA,19033,Cerro Gordo,59.203
19,IA,19035,Cherokee,156.995
19,IA,19037,Chickasaw,57.433
19,IA,19039,Clarke,49.043
19,IA,19041,Clay,56.889
19,IA,19043,Clayton,80.605
19,IA,19045,Clinton,61.176
19,IA,19047,Crawford,59.576
19,IA,19049,Dallas,50.366
19,IA,19051,Davis,44.915
19,IA,19053,Decatur,46.157
19,IA,19055,Delaware,53.628
19,IA,19057,Des Moines,42.722
19,IA,19059,Dickinson,66.779
19,IA,19061,Dubuque,116.776
19,IA,19063,Emmet,59.207
19,IA,19065,Fayette,65.888
19,IA,19067,Floyd,59.327
19,IA,19069,Franklin,56.159
19,IA,19071,Fremont,103.728
19,IA,19073,Greene,51.356
19,IA,19075,Grundy,53.208
19,IA,19077,Guthrie,47.598
19,IA,19079,Hamilton,56.285
19,IA,19081,Hancock,59.39
19,IA,19083,Hardin,55.192
19,IA,19085,Harrison,69.07
19,IA,19087,Henry,43.49
19,IA,19089,Howard,65.521
19,IA,19091,Humboldt,50.236
19,IA,19093,Ida,115.474
19,IA,19095,Iowa,58.076
19,IA,19097,Jackson,78.779
19,IA,19099,Jasper,46.801
19,IA,19101,Jefferson,48.217
19,IA,19103,Johnson,54.974
19,IA,19105,Jones,50.472
19,IA,19107,Keokuk,50.369
19,IA,19109,Kossuth,62.835
19,IA,19111,Lee,44.109
19,IA,19113,Linn,56.114
19,IA,19115,Louisa,47.545
19,IA,19117,Lucas,53.273
19,IA,19119,Lyon,85.82
19,IA,19121,Madison,46.203
19,IA,19123,Mahaska,49.135
19,IA,19125,Marion,49.52
19,IA,19127,Marshall,50.211
19,IA,19129,Mills,73.999
19,IA,19131,Mitchell,66.174
19,IA,19133,Monona,63.23
19,IA,19135,Monroe,47.637
19,IA,19137,Montgomery,111.416
19,IA,19139,Muscatine,52.396
19,IA,19141,O'Brien,101.166
19,IA,19143,Osceola,74.97
19,IA,19145,Page,73.357
19,IA,19147,Palo Alto,67.545
19,IA,19149,Plymouth,80.519
19,IA,19151,Pocahontas,58.884
19,IA,19153,Polk,47.1
19,IA,19155,Pottawattamie,53.074
19,IA,19157,Poweshiek,52.022
19,IA,19159,Ringgold,50.508
19,IA,19161,Sac,97.885
19,IA,19163,Scott,53.96
19,IA,19165,Shelby,54.825
19,IA,19167,Sioux,70.725
19,IA,19169,Story,53.352
19,IA,19171,Tama,52.235
19,IA,19173,Taylor,94.417
19,IA,19175,Union,47.878
19,IA,19177,Van Buren,44.427
19,IA,19179,Wapello,49.353
19,IA,19181,Warren,49.365
19,IA,19183,Washington,56.181
19,IA,19185,Wayne,51.395
19,IA,19187,Webster,53.794
19,IA,19189,Winnebago,63.801
19,IA,19191,Winneshiek,61.685
19,IA,19193,Woodbury,82.059
19,IA,19195,Worth,61.393
19,IA,19197,Wright,56.735
20,KS,20001,Allen,39.767
20,KS,20003,Anderson,44.35
20,KS,20005,Atchison,52.009
20,KS,20007,Barber,63.951
20,KS,20009,Barton,62.136
20,KS,20011,Bourbon,41.982
20,KS,20013,Brown,55.232
20,KS,20015,Butler,45.882
20,KS,20017,Chase,51.375
20,KS,20019,Chautauqua,47.221
20,KS,20021,Cherokee,41.13
20,KS,20023,Cheyenne,151.527
20,KS,20025,Clark,109.951
20,KS,20027,Clay,69.299
20,KS,20029,Cloud,71.924
20,KS,20031,Coffey,42.274
20,KS,20033,Comanche,48.496
20,KS,20035,Cowley,48.354
20,KS,20037,Crawford,40.782
20,KS,20039,Decatur,76.866
20,KS,20041,Dickinson,65.122
20,KS,20043,Doniphan,55.676
20,KS,20045,Douglas,59.444
20,KS,20047,Edwards,91.922
20,KS,20049,Elk,44.823
20,KS,20051,Ellis,72.672
20,KS,20053,Ellsworth,87.744
20,KS,20055,Finney,119.045
20,KS,20057,Ford,89.085
20,KS,20059,Franklin,45.532
20,KS,20061,Geary,50.29
20,KS,20063,Gove,137.914
20,KS,20065,Graham,91.406
20,KS,20067,Grant,325.432
20,KS,20069,Gray,104.999
20,KS,20071,Greeley,221.123
20,KS,20073,Greenwood,42.766
20,KS,20075,Hamilton,104.441
20,KS,20077,Harper,53.039
20,KS,20079,Harvey,50.324
20,KS,20081,Haskell,178.429
20,KS,20083,Hodgeman,116.354
20,KS,20085,Jackson,45.781
20,KS,20087,Jefferson,55.278
20,KS,20089,Jewell,86.326
20,KS,20091,Johnson,53.376
20,KS,20093,Kearny,298.552
20,KS,20095,Kingman,52.88
20,KS,20097,Kiowa,47.774
20,KS,20099,Labette,45.441
20,KS,20101,Lane,175.946
20,KS,20103,Leavenworth,48.944
20,KS,20105,Lincoln,79.304
20,KS,20107,Linn,43.371
20,KS,20109,Logan,129.439
20,KS,20111,Lyon,50.033
20,KS,20113,McPherson,60.858
20,KS,20115,Marion,50.03
20,KS,20117,Marshall,58.194
20,KS,20119,Meade,273.87
20,KS,20121,Miami,50.646
20,KS,20123,Mitchell,73.916
20,KS,20125,Montgomery,43.493
20,KS,20127,Morris,46.867
20,KS,20129,Morton,245.957
20,KS,20131,Nemaha,52.513
20,KS,20133,Neosho,42.846
20,KS,20135,Ness,126.782
20,KS,20137,Norton,82.107
20,KS,20139,Osage,41.371
20,KS,20141,Osborne,75.699
20,KS,20143,Ottawa,81.204
20,KS,20145,Pawnee,68.335
20,KS,20147,Phillips,90.856
20,KS,20149,Pottawatomie,49.538
20,KS,20151,Pratt,59.027
20,KS,20153,Rawlins,97.513
20,KS,20155,Reno,49.186
20,KS,20157,Republic,69.951
20,KS,20159,Rice,57.741
20,KS,20161,Riley,55.572
20,KS,20163,Rooks,100.687
20,KS,20165,Rush,112.195
20,KS,20167,Russell,105.814
20,KS,20169,Saline,43.74
20,KS,20171,Scott,199.609
20,KS,20173,Sedgwick,52.119
20,KS,20175,Seward,108.835
20,KS,20177,Shawnee,47.359
20,KS,20179,Sheridan,277.618
20,KS,20181,Sherman,224.756
20,KS,20183,Smith,103.022
20,KS,20185,Stafford,70.321
20,KS,20187,Stanton,321.003
20,KS,20189,Stevens,89.414
20,KS,20191,Sumner,49.066
20,KS,20193,Thomas,186.184
20,KS,20195,Trego,108.221
20,KS,20197,Wabaunsee,51.653
20,KS,20199,Wallace,184.186
20,KS,20201,Washington,72.204
20,KS,20203,Wichita,321.491
20,KS,20205,Wilson,46.168
20,KS,20207,Woodson,46.13
20,KS,20209,Wyandotte,43.659
21,KY,21001,Adair,65.921
21,KY,21003,Allen,56.297
21,KY,21005,Anderson,53.232
21,KY,21007,Ballard,49.104
21,KY,21009,Barren,55.381
21,KY,21011,Bath,59.467
21,KY,21013,Bell,45.922
21,KY,21015,Boone,52.218
21,KY,21017,Bourbon,57.773
21,KY,21019,Boyd,51.734
21,KY,21021,Boyle,49.784
21,KY,21023,Bracken,50.117
21,KY,21025,Breathitt,54.742
21,KY,21027,Breckinridge,63.69
21,KY,21029,Bullitt,55.526
21,KY,21031,Butler,57.257
21,KY,21033,Caldwell,52.953
21,KY,21035,Calloway,50.031
21,KY,21037,Campbell,52.212
21,KY,21039,Carlisle,47.98
21,KY,21041,Carroll,55.396
21,KY,21043,Carter,58.289
21,KY,21045,Casey,66.335
21,KY,21047,Christian,52.625
21,KY,21049,Clark,61.221
21,KY,21051,Clay,48.439
21,KY,21053,Clinton,62.675
21,KY,21055,Crittenden,54.931
21,KY,21057,Cumberland,58.592
21,KY,21059,Daviess,51.92
21,KY,21061,Edmonson,63.067
21,KY,21063,Elliott,57.146
21,KY,21065,Estill,62.511
21,KY,21067,Fayette,57.088
21,KY,21069,Fleming,48.539
21,KY,21071,Floyd,63.084
21,KY,21073,Franklin,49.811
21,KY,21075,Fulton,56.438
21,KY,21077,Gallatin,53.461
21,KY,21079,Garrard,48.749
21,KY,21081,Grant,55.499
21,KY,21083,Graves,48.388
21,KY,21085,Grayson,60.059
21,KY,21087,Green,58.836
21,KY,21089,Greenup,58.107
21,KY,21091,Hancock,51.316
21,KY,21093,Hardin,59.813
21,KY,21095,Harlan,56.71
21,KY,21097,Harrison,55.497
21,KY,21099,Hart,53.091
21,KY,21101,Henderson,54.148
21,KY,21103,Henry,59.645
21,KY,21105,Hickman,50.34
21,KY,21107,Hopkins,51.442
21,KY,21109,Jackson,51.413
21,KY,21111,Jefferson,47.389
21,KY,21113,Jessamine,50.286
21,KY,21115,Johnson,57.005
21,KY,21117,Kenton,52.684
21,KY,21119,Knott,57.762
21,KY,21121,Knox,50.862
21,KY,21123,Larue,56.342
21,KY,21125,Laurel,46.643
21,KY,21127,Lawrence,54.138
21,KY,21129,Lee,55.237
21,KY,21131,Leslie,57.498
21,KY,21133,Letcher,58.819
21,KY,21135,Lewis,54.732
21,KY,21137,Lincoln,65.807
21,KY,21139,Livingston,50.616
21,KY,21141,Logan,47.532
21,KY,21143,Lyon,52.627
21,KY,21145,McCracken,52.74
21,KY,21147,McCreary,46.881
21,KY,21149,McLean,57.586
21,KY,21151,Madison,59.715
21,KY,21153,Magoffin,53.316
21,KY,21155,Marion,59.946
21,KY,21157,Marshall,50.288
21,KY,21159,Martin,60.645
21,KY,21161,Mason,53.741
21,KY,21163,Meade,54.62
21,KY,21165,Menifee,58.412
21,KY,21167,Mercer,57.604
21,KY,21169,Metcalfe,59.94
21,KY,21171,Monroe,68.265
21,KY,21173,Montgomery,55.916
21,KY,21175,Morgan,62.207
21,KY,21177,Muhlenberg,55.106
21,KY,21179,Nelson,59.599
21,KY,21181,Nicholas,53.435
21,KY,21183,Ohio,58.407
21,KY,21185,Oldham,51.751
21,KY,21187,Owen,57.111
21,KY,21189,Owsley,47.045
21,KY,21191,Pendleton,57.774
21,KY,21193,Perry,61.062
21,KY,21195,Pike,53.956
21,KY,21197,Powell,52.285
21,KY,21199,Pulaski,61.639
21,KY,21201,Robertson,48.664
21,KY,21203,Rockcastle,56.357
21,KY,21205,Rowan,52.351
21,KY,21207,Russell,57.583
21,KY,21209,Scott,54.677
21,KY,21211,Shelby,56.103
21,KY,21213,Simpson,50.015
21,KY,21215,Spencer,55.148
21,KY,21217,Taylor,61.639
21,KY,21219,Todd,50.096
21,KY,21221,Trigg,47.137
21,KY,21223,Trimble,59.326
21,KY,21225,Union,51.247
21,KY,21227,Warren,55.609
21,KY,21229,Washington,56.524
21,KY,21231,Wayne,60.744
21,KY,21233,Webster,51.108
21,KY,21235,Whitley,46.941
21,KY,21237,Wolfe,54.998
21,KY,21239,Woodford,52.43
22,LA,22001,Acadia,77.314
22,LA,22003,Allen,51.09
22,LA,22005,Ascension,75.486
22,LA,22007,Assumption,74.907
22,LA,22009,Avoyelles,63.05
22,LA,22011,Beauregard,50.505
22,LA,22013,Bienville,94.087
22,LA,22015,Bossier,62.046
22,LA,22017,Caddo,74.588
22,LA,22019,Calcasieu,54.361
22,LA,22021,Caldwell,60.268
22,LA,22023,Cameron,41.987
22,LA,22025,Catahoula,48.956
22,LA,22027,Claiborne,93.879
22,LA,22029,Concordia,61.524
22,LA,22031,De Soto,80.451
22,LA,22033,East Baton Rouge,103.484
22,LA,22035,East Carroll,49.481
22,LA,22037,East Feliciana,52.086
22,LA,22039,Evangeline,58.664
22,LA,22041,Franklin,63.977
22,LA,22043,Grant,58.41
22,LA,22045,Iberia,73.164
22,LA,22047,Iberville,62.692
22,LA,22049,Jackson,77.233
22,LA,22051,Jefferson,73.156
22,LA,22053,Jefferson Davis,59.807
22,LA,22055,Lafayette,60.142
22,LA,22057,Lafourche,78.583
22,LA,22059,La Salle,76.543
22,LA,22061,Lincoln,88.361
22,LA,22063,Livingston,71.556
22,LA,22065,Madison,59.677
22,LA,22067,Morehouse,60.03
22,LA,22069,Natchitoches,57.81
22,LA,22071,Orleans,78.638
22,LA,22073,Ouachita,61.47
22,LA,22075,Plaquemines,69.605
22,LA,22077,Pointe Coupee,65.486
22,LA,22079,Rapides,62.161
22,LA,22081,Red River,63.397
22,LA,22083,Richland,58.994
22,LA,22085,Sabine,79.294
22,LA,22087,St. Bernard,70.331
22,LA,22089,St. Charles,72.056
22,LA,22091,St. Helena,72.367
22,LA,22093,St. James,71.696
22,LA,22095,St. John the Baptist,76.83
22,LA,22097,St. Landry,59.869
22,LA,22099,St. Martin,60.222
22,LA,22101,St. Mary,73.992
22,LA,22103,St. Tammany,75.159
22,LA,22105,Tangipahoa,70.402
22,LA,22107,Tensas,48.748
22,LA,22109,Terrebonne,80.136
22,LA,22111,Union,85.662
22,LA,22113,Vermilion,57.389
22,LA,22115,Vernon,74.824
22,LA,22117,Washington,64.708
22,LA,22119,Webster,80.01
22,LA,22121,West Baton Rouge,60.848
22,LA,22123,West Carroll,64.923
22,LA,22125,West Feliciana,59.723
22,LA,22127,Winn,94.355
23,ME,23001,Androscoggin,0
23,ME,23003,Aroostook,0
23,ME,23005,Cumberland,0
23,ME,23007,Franklin,0
23,ME,23009,Hancock,0
23,ME,23011,Kennebec,0
23,ME,23013,Knox,0
23,ME,23015,Lincoln,0
23,ME,23017,Oxford,0
23,ME,23019,Penobscot,0
23,ME,23021,Piscataquis,0
23,ME,23023,Sagadahoc,0
23,ME,23025,Somerset,0
23,ME,23027,Waldo,0
23,ME,23029,Washington,0
23,ME,23031,York,0
24,MD,24001,Allegany,84.775
24,MD,24003,Anne Arundel,62.195
24,MD,24005,Baltimore,67.252
24,MD,24009,Calvert,77.038
24,MD,24011,Caroline,55.803
24,MD,24013,Carroll,60.258
24,MD,24015,Cecil,66.018
24,MD,24017,Charles,64.382
24,MD,24019,Dorchester,60.104
24,MD,24021,Frederick,66.916
24,MD,24023,Garrett,93.98
24,MD,24025,Harford,65.83
24,MD,24027,Howard,58.052
24,MD,24029,Kent,62.715
24,MD,24031,Montgomery,62.49
24,MD,24033,Prince George's,64.596
24,MD,24035,Queen Anne's,58.391
24,MD,24037,St. Mary's,76.414
24,MD,24039,Somerset,61.049
24,MD,24041,Talbot,59.147
24,MD,24043,Washington,65.874
24,MD,24045,Wicomico,54.438
24,MD,24047,Worcester,53.437
24,MD,24510,Baltimore,84.27
25,MA,25001,Barnstable,0
25,MA,25003,Berkshire,0
25,MA,25005,Bristol,0
25,MA,25007,Dukes,0
25,MA,25009,Essex,0
25,MA,25011,Franklin,0
25,MA,25013,Hampden,0
25,MA,25015,Hampshire,0
25,MA,25017,Middlesex,0
25,MA,25019,Nantucket,0
25,MA,25021,Norfolk,0
25,MA,25023,Plymouth,0
25,MA,25025,Suffolk,0
25,MA,25027,Worcester,0
26,MI,26001,Alcona,125.268
26,MI,26003,Alger,111.65
26,MI,26005,Allegan,58.015
26,MI,26007,Alpena,104.527
26,MI,26009,Antrim,56.054
26,MI,26011,Arenac,54.755
26,MI,26013,Baraga,123.159
26,MI,26015,Barry,62.567
26,MI,26017,Bay,57.902
26,MI,26019,Benzie,113.847
26,MI,26021,Berrien,73.477
26,MI,26023,Branch,60.983
26,MI,26025,Calhoun,61.047
26,MI,26027,Cass,51.615
26,MI,26029,Charlevoix,59.054
26,MI,26031,Cheboygan,102.383
26,MI,26033,Chippewa,74.08
26,MI,26035,Clare,129.858
26,MI,26037,Clinton,72.11
26,MI,26039,Crawford,164.31
26,MI,26041,Delta,108.799
26,MI,26043,Dickinson,165.075
26,MI,26045,Eaton,71.325
26,MI,26047,Emmet,87.76
26,MI,26049,Genesee,69.106
26,MI,26051,Gladwin,65.651
26,MI,26053,Gogebic,269.998
26,MI,26055,Grand Traverse,65.665
26,MI,26057,Gratiot,64.901
26,MI,26059,Hillsdale,61.565
26,MI,26061,Houghton,148.998
26,MI,26063,Huron,57.038
26,MI,26065,Ingham,101.491
26,MI,26067,Ionia,85.507
26,MI,26069,Iosco,89.958
26,MI,26071,Iron,498.923
26,MI,26073,Isabella,68.011
26,MI,26075,Jackson,60.251
26,MI,26077,Kalamazoo,63.476
26,MI,26079,Kalkaska,103.532
26,MI,26081,Kent,62.394
26,MI,26083,Keweenaw,112.162
26,MI,26085,Lake,83.745
26,MI,26087,Lapeer,59.611
26,MI,26089,Leelanau,66.986
26,MI,26091,Lenawee,61.227
26,MI,26093,Livingston,120.876
26,MI,26095,Luce,258.827
26,MI,26097,Mackinac,65.957
26,MI,26099,Macomb,64.567
26,MI,26101,Manistee,66.662
26,MI,26103,Marquette,189.888
26,MI,26105,Mason,55.708
26,MI,26107,Mecosta,56.205
26,MI,26109,Menominee,278.827
26,MI,26111,Midland,85.215
26,MI,26113,Missaukee,146.615
26,MI,26115,Monroe,64.114
26,MI,26117,Montcalm,60.855
26,MI,26119,Montmorency,81.98
26,MI,26121,Muskegon,66.814
26,MI,26123,Newaygo,56.908
26,MI,26125,Oakland,72.869
26,MI,26127,Oceana,137.803
26,MI,26129,Ogemaw,249.265
26,MI,26131,Ontonagon,121.505
26,MI,26133,Osceola,75.324
26,MI,26135,Oscoda,136.252
26,MI,26137,Otsego,70.211
26,MI,26139,Ottawa,50.033
26,MI,26141,Presque Isle,65.066
26,MI,26143,Roscommon,340.381
26,MI,26145,Saginaw,64.349
26,MI,26147,St. Clair,57.346
26,MI,26149,St. Joseph,94.457
26,MI,26151,Sanilac,55.045
26,MI,26153,Schoolcraft,164.109
26,MI,26155,Shiawassee,84.906
26,MI,26157,Tuscola,54.564
26,MI,26159,Van Buren,63.831
26,MI,26161,Washtenaw,67.566
26,MI,26163,Wayne,72.412
26,MI,26165,Wexford,62.22
27,MN,27001,Aitkin,110.023
27,MN,27003,Anoka,91.209
27,MN,27005,Becker,129.509
27,MN,27007,Beltrami,197.284
27,MN,27009,Benton,93.144
27,MN,27011,Big Stone,105.949
27,MN,27013,Blue Earth,57.814
27,MN,27015,Brown,62.466
27,MN,27017,Carlton,647.609
27,MN,27019,Carver,66.007
27,MN,27021,Cass,78.105
27,MN,27023,Chippewa,115.522
27,MN,27025,Chisago,94.747
27,MN,27027,Clay,130.37
27,MN,27029,Clearwater,413.885
27,MN,27031,Cook,771.009
27,MN,27033,Cottonwood,71.862
27,MN,27035,Crow Wing,78.37
27,MN,27037,Dakota,67.925
27,MN,27039,Dodge,61.433
27,MN,27041,Douglas,126.021
27,MN,27043,Faribault,63.161
27,MN,27045,Fillmore,68.393
27,MN,27047,Freeborn,63.673
27,MN,27049,Goodhue,66.791
27,MN,27051,Grant,73.27
27,MN,27053,Hennepin,143.048
27,MN,27055,Houston,61.199
27,MN,27057,Hubbard,130.302
27,MN,27059,Isanti,91.65
27,MN,27061,Itasca,177.98
27,MN,27063,Jackson,66.962
27,MN,27065,Kanabec,101.932
27,MN,27067,Kandiyohi,85.772
27,MN,27069,Kittson,85.208
27,MN,27071,Koochiching,269.555
27,MN,27073,Lac qui Parle,80.557
27,MN,27075,Lake,275.835
27,MN,27077,Lake of the Woods,265.346
27,MN,27079,Le Sueur,63.942
27,MN,27081,Lincoln,87.27
27,MN,27083,Lyon,85.897
27,MN,27085,McLeod,71.672
27,MN,27087,Mahnomen,117.48
27,MN,27089,Marshall,150.447
27,MN,27091,Martin,65.849
27,MN,27093,Meeker,98.133
27,MN,27095,Mille Lacs,98.064
27,MN,27097,Morrison,78.123
27,MN,27099,Mower,68.509
27,MN,27101,Murray,81.382
27,MN,27103,Nicollet,61.92
27,MN,27105,Nobles,77.356
27,MN,27107,Norman,76.178
27,MN,27109,Olmsted,79.271
27,MN,27111,Otter Tail,215.538
27,MN,27113,Pennington,84.742
27,MN,27115,Pine,72.604
27,MN,27117,Pipestone,98.231
27,MN,27119,Polk,150.151
27,MN,27121,Pope,89.248
27,MN,27123,Ramsey,83.847
27,MN,27125,Red Lake,265.169
27,MN,27127,Redwood,92.85
27,MN,27129,Renville,61.056
27,MN,27131,Rice,74.155
27,MN,27133,Rock,107.638
27,MN,27135,Roseau,160.562
27,MN,27137,St. Louis,146.079
27,MN,27139,Scott,63.8
27,MN,27141,Sherburne,57.227
27,MN,27143,Sibley,64.695
27,MN,27145,Stearns,84.451
27,MN,27147,Steele,64.486
27,MN,27149,Stevens,119.327
27,MN,27151,Swift,94.142
27,MN,27153,Todd,85.715
27,MN,27155,Traverse,128.983
27,MN,27157,Wabasha,76.024
27,MN,27159,Wadena,74.178
27,MN,27161,Waseca,63.794
27,MN,27163,Washington,64.091
27,MN,27165,Watonwan,94.772
27,MN,27167,Wilkin,80.667
27,MN,27169,Winona,60.821
27,MN,27171,Wright,184.669
27,MN,27173,Yellow Medicine,87.412
28,MS,28001,Adams,73.625
28,MS,28003,Alcorn,50.414
28,MS,28005,Amite,72.807
28,MS,28007,Attala,74.418
28,MS,28009,Benton,47.828
28,MS,28011,Bolivar,66.663
28,MS,28013,Calhoun,46.947
28,MS,28015,Carroll,53.25
28,MS,28017,Chickasaw,48.398
28,MS,28019,Choctaw,75.722
28,MS,28021,Claiborne,53.312
28,MS,28023,Clarke,74.094
28,MS,28025,Clay,86.612
28,MS,28027,Coahoma,62.552
28,MS,28029,Copiah,74.147
28,MS,28031,Covington,46.893
28,MS,28033,DeSoto,54.826
28,MS,28035,Forrest,75.014
28,MS,28037,Franklin,74.229
28,MS,28039,George,77.603
28,MS,28041,Greene,74.895
28,MS,28043,Grenada,53.341
28,MS,28045,Hancock,89.149
28,MS,28047,Harrison,77.297
28,MS,28049,Hinds,74.777
28,MS,28051,Holmes,59.036
28,MS,28053,Humphreys,63.653
28,MS,28055,Issaquena,63.632
28,MS,28057,Itawamba,49.811
28,MS,28059,Jackson,73.655
28,MS,28061,Jasper,74.246
28,MS,28063,Jefferson,55.202
28,MS,28065,Jefferson Davis,74.366
28,MS,28067,Jones,75.425
28,MS,28069,Kemper,74.734
28,MS,28071,Lafayette,63.614
28,MS,28073,Lamar,73.873
28,MS,28075,Lauderdale,79.796
28,MS,28077,Lawrence,74.209
28,MS,28079,Leake,75.341
28,MS,28081,Lee,70.103
28,MS,28083,Leflore,64.959
28,MS,28085,Lincoln,74.114
28,MS,28087,Lowndes,48.947
28,MS,28089,Madison,52.533
28,MS,28091,Marion,73.732
28,MS,28093,Marshall,46.133
28,MS,28095,Monroe,46.64
28,MS,28097,Montgomery,50.353
28,MS,28099,Neshoba,79.466
28,MS,28101,Newton,76.266
28,MS,28103,Noxubee,62.851
28,MS,28105,Oktibbeha,74.818
28,MS,28107,Panola,51.603
28,MS,28109,Pearl River,75.25
28,MS,28111,Perry,75.113
28,MS,28113,Pike,73.636
28,MS,28115,Pontotoc,49.369
28,MS,28117,Prentiss,61.75
28,MS,28119,Quitman,58.491
28,MS,28121,Rankin,47.75
28,MS,28123,Scott,49.239
28,MS,28125,Sharkey,64.785
28,MS,28127,Simpson,47.151
28,MS,28129,Smith,75.519
28,MS,28131,Stone,78.266
28,MS,28133,Sunflower,62.112
28,MS,28135,Tallahatchie,63.691
28,MS,28137,Tate,47.056
28,MS,28139,Tippah,59.676
28,MS,28141,Tishomingo,64.907
28,MS,28143,Tunica,58.444
28,MS,28145,Union,48.109
28,MS,28147,Walthall,73.882
28,MS,28149,Warren,53.947
28,MS,28151,Washington,67.698
28,MS,28153,Wayne,73.668
28,MS,28155,Webster,49.981
28,MS,28157,Wilkinson,73.356
28,MS,28159,Winston,74.391
28,MS,28161,Yalobusha,48.718
28,MS,28163,Yazoo,59.417
29,MO,29001,Adair,60.165
29,MO,29003,Andrew,75.17
29,MO,29005,Atchison,71.283
29,MO,29007,Audrain,62.516
29,MO,29009,Barry,53.998
29,MO,29011,Barton,54.693
29,MO,29013,Bates,57.87
29,MO,29015,Benton,61.291
29,MO,29017,Bollinger,66.987
29,MO,29019,Boone,59.915
29,MO,29021,Buchanan,67.087
29,MO,29023,Butler,70.137
29,MO,29025,Caldwell,60.901
29,MO,29027,Callaway,65.801
29,MO,29029,Camden,62.586
29,MO,29031,Cape Girardeau,73.226
29,MO,29033,Carroll,61.119
29,MO,29035,Carter,63.674
29,MO,29037,Cass,59.419
29,MO,29039,Cedar,53.92
29,MO,29041,Chariton,60.141
29,MO,29043,Christian,47.954
29,MO,29045,Clark,62.592
29,MO,29047,Clay,65.391
29,MO,29049,Clinton,64.694
29,MO,29051,Cole,64.154
29,MO,29053,Cooper,77.71
29,MO,29055,Crawford,59.592
29,MO,29057,Dade,60.115
29,MO,29059,Dallas,47.271
29,MO,29061,Daviess,47.938
29,MO,29063,DeKalb,62.677
29,MO,29065,Dent,60.654
29,MO,29067,Douglas,62.09
29,MO,29069,Dunklin,62.339
29,MO,29071,Franklin,66.32
29,MO,29073,Gasconade,60.859
29,MO,29075,Gentry,64.799
29,MO,29077,Greene,43.859
29,MO,29079,Grundy,61.525
29,MO,29081,Harrison,51.211
29,MO,29083,Henry,57.945
29,MO,29085,Hickory,51.15
29,MO,29087,Holt,69.157
29,MO,29089,Howard,73.281
29,MO,29091,Howell,68.686
29,MO,29093,Iron,58.563
29,MO,29095,Jackson,63.415
29,MO,29097,Jasper,58.659
29,MO,29099,Jefferson,62.614
29,MO,29101,Johnson,61.749
29,MO,29103,Knox,47.671
29,MO,29105,Laclede,46.399
29,MO,29107,Lafayette,61.836
29,MO,29109,Lawrence,63.369
29,MO,29111,Lewis,65.543
29,MO,29113,Lincoln,62.645
29,MO,29115,Linn,58.433
29,MO,29117,Livingston,61.355
29,MO,29119,McDonald,69.966
29,MO,29121,Macon,65.49
29,MO,29123,Madison,61.438
29,MO,29125,Maries,53.258
29,MO,29127,Marion,76.336
29,MO,29129,Mercer,62.982
29,MO,29131,Miller,53.453
29,MO,29133,Mississippi,61.921
29,MO,29135,Moniteau,65.533
29,MO,29137,Monroe,64.467
29,MO,29139,Montgomery,70.763
29,MO,29141,Morgan,65.533
29,MO,29143,New Madrid,63.903
29,MO,29145,Newton,59.377
29,MO,29147,Nodaway,45.66
29,MO,29149,Oregon,68.884
29,MO,29151,Osage,52.319
29,MO,29153,Ozark,70.647
29,MO,29155,Pemiscot,60.345
29,MO,29157,Perry,72.618
29,MO,29159,Pettis,67.271
29,MO,29161,Phelps,45.347
29,MO,29163,Pike,68.65
29,MO,29165,Platte,61.885
29,MO,29167,Polk,46.891
29,MO,29169,Pulaski,62.06
29,MO,29171,Putnam,66.824
29,MO,29173,Ralls,59.035
29,MO,29175,Randolph,58.941
29,MO,29177,Ray,61.781
29,MO,29179,Reynolds,61.025
29,MO,29181,Ripley,63.255
29,MO,29183,St. Charles,60.925
29,MO,29185,St. Clair,59.249
29,MO,29186,Ste. Genevieve,64.806
29,MO,29187,St. Francois,55.776
29,MO,29189,St. Louis,56.788
29,MO,29195,Saline,62.644
29,MO,29197,Schuyler,60.101
29,MO,29199,Scotland,62.984
29,MO,29201,Scott,63.616
29,MO,29203,Shannon,56.427
29,MO,29205,Shelby,63.267
29,MO,29207,Stoddard,64.848
29,MO,29209,Stone,67.316
29,MO,29211,Sullivan,62.538
29,MO,29213,Taney,52.197
29,MO,29215,Texas,65.785
29,MO,29217,Vernon,55.995
29,MO,29219,Warren,62.66
29,MO,29221,Washington,61.413
29,MO,29223,Wayne,59.85
29,MO,29225,Webster,50.004
29,MO,29227,Worth,63.931
29,MO,29229,Wright,65.116
29,MO,29510,St. Louis,58.255
30,MT,30001,Beaverhead,0
30,MT,30003,Big Horn,0
30,MT,30005,Blaine,0
30,MT,30007,Broadwater,0
30,MT,30009,Carbon,0
30,MT,30011,Carter,0
30,MT,30013,Cascade,0
30,MT,30015,Chouteau,0
30,MT,30017,Custer,0
30,MT,30019,Daniels,0
30,MT,30021,Dawson,0
30,MT,30023,Deer Lodge,0
30,MT,30025,Fallon,0
30,MT,30027,Fergus,0
30,MT,30029,Flathead,0
30,MT,30031,Gallatin,0
30,MT,30033,Garfield,0
30,MT,30035,Glacier,0
30,MT,30037,Golden Valley,0
30,MT,30039,Granite,0
30,MT,30041,Hill,0
30,MT,30043,Jefferson,0
30,MT,30045,Judith Basin,0
30,MT,30047,Lake,0
30,MT,30049,Lewis and Clark,0
30,MT,30051,Liberty,0
30,MT,30053,Lincoln,0
30,MT,30055,McCone,0
30,MT,30057,Madison,0
30,MT,30059,Meagher,0
30,MT,30061,Mineral,0
30,MT,30063,Missoula,0
30,MT,30065,Musselshell,0
30,MT,30067,Park,0
30,MT,30069,Petroleum,0
30,MT,30071,Phillips,0
30,MT,30073,Pondera,0
30,MT,30075,Powder River,0
30,MT,30077,Powell,0
30,MT,30079,Prairie,0
30,MT,30081,Ravalli,0
30,MT,30083,Richland,0
30,MT,30085,Roosevelt,0
30,MT,30087,Rosebud,0
30,MT,30089,Sanders,0
30,MT,30091,Sheridan,0
30,MT,30093,Silver Bow,0
30,MT,30095,Stillwater,0
30,MT,30097,Sweet Grass,0
30,MT,30099,Teton,0
30,MT,30101,Toole,0
30,MT,30103,Treasure,0
30,MT,30105,Valley,0
30,MT,30107,Wheatland,0
30,MT,30109,Wibaux,0
30,MT,30111,Yellowstone,0
31,NE,31001,Adams,64.017
31,NE,31003,Antelope,53.459
31,NE,31005,Arthur,94.525
31,NE,31007,Banner,830.13
31,NE,31009,Blaine,58.101
31,NE,31011,Boone,49.07
31,NE,31013,Box Butte,168.104
31,NE,31015,Boyd,123.057
31,NE,31017,Brown,68.547
31,NE,31019,Buffalo,62.713
31,NE,31021,Burt,96.477
31,NE,31023,Butler,47.329
31,NE,31025,Cass,60.115
31,NE,31027,Cedar,61.223
31,NE,31029,Chase,224.142
31,NE,31031,Cherry,68.992
31,NE,31033,Cheyenne,390.906
31,NE,31035,Clay,65.524
31,NE,31037,Colfax,53.343
31,NE,31039,Cuming,52.502
31,NE,31041,Custer,65.666
31,NE,31043,Dakota,149.414
31,NE,31045,Dawes,269.627
31,NE,31047,Dawson,73.227
31,NE,31049,Deuel,137.484
31,NE,31051,Dixon,58.764
31,NE,31053,Dodge,42.836
31,NE,31055,Douglas,47.261
31,NE,31057,Dundy,57.674
31,NE,31059,Fillmore,56.524
31,NE,31061,Franklin,53.123
31,NE,31063,Frontier,82.652
31,NE,31065,Furnas,67.812
31,NE,31067,Gage,50.024
31,NE,31069,Garden,49.296
31,NE,31071,Garfield,67.957
31,NE,31073,Gosper,58.146
31,NE,31075,Grant,86.959
31,NE,31077,Greeley,75.783
31,NE,31079,Hall,56.238
31,NE,31081,Hamilton,64.473
31,NE,31083,Harlan,78.46
31,NE,31085,Hayes,128.44
31,NE,31087,Hitchcock,119.853
31,NE,31089,Holt,57.806
31,NE,31091,Hooker,97.147
31,NE,31093,Howard,53.343
31,NE,31095,Jefferson,59.777
31,NE,31097,Johnson,48.763
31,NE,31099,Kearney,55.703
31,NE,31101,Keith,138.612
31,NE,31103,Keya Paha,67.644
31,NE,31105,Kimball,983.074
31,NE,31107,Knox,62.481
31,NE,31109,Lancaster,49.227
31,NE,31111,Lincoln,83.249
31,NE,31113,Logan,61.758
31,NE,31115,Loup,48.072
31,NE,31117,McPherson,92.395
31,NE,31119,Madison,39.493
31,NE,31121,Merrick,50.12
31,NE,31123,Morrill,259.717
31,NE,31125,Nance,68.894
31,NE,31127,Nemaha,51.687
31,NE,31129,Nuckolls,53.048
31,NE,31131,Otoe,45.763
31,NE,31133,Pawnee,50.779
31,NE,31135,Perkins,71.171
31,NE,31137,Phelps,60.808
31,NE,31139,Pierce,48.033
31,NE,31141,Platte,46.449
31,NE,31143,Polk,58.51
31,NE,31145,Red Willow,93.273
31,NE,31147,Richardson,50.549
31,NE,31149,Rock,58.72
31,NE,31151,Saline,50.165
31,NE,31153,Sarpy,66.557
31,NE,31155,Saunders,55.02
31,NE,31157,Scotts Bluff,679.573
31,NE,31159,Seward,51.679
31,NE,31161,Sheridan,59.008
31,NE,31163,Sherman,70.132
31,NE,31165,Sioux,209.417
31,NE,31167,Stanton,79.798
31,NE,31169,Thayer,50.375
31,NE,31171,Thomas,83.165
31,NE,31173,Thurston,61.167
31,NE,31175,Valley,73.753
31,NE,31177,Washington,50.485
31,NE,31179,Wayne,59.765
31,NE,31181,Webster,53.711
31,NE,31183,Wheeler,47.141
31,NE,31185,York,55.6
32,NV,32001,Churchill,0
32,NV,32003,Clark,0
32,NV,32005,Douglas,0
32,NV,32007,Elko,0
32,NV,32009,Esmeralda,0
32,NV,32011,Eureka,0
32,NV,32013,Humboldt,0
32,NV,32015,Lander,0
32,NV,32017,Lincoln,0
32,NV,32019,Lyon,0
32,NV,32021,Mineral,0
32,NV,32023,Nye,0
32,NV,32027,Pershing,0
32,NV,32029,Storey,0
32,NV,32031,Washoe,0
32,NV,32033,White Pine,0
32,NV,32510,Carson City,0
33,NH,33001,Belknap,0
33,NH,33003,Carroll,0
33,NH,33005,Cheshire,0
33,NH,33007,Coos,0
33,NH,33009,Grafton,0
33,NH,33011,Hillsborough,0
33,NH,33013,Merrimack,0
33,NH,33015,Rockingham,0
33,NH,33017,Strafford,0
33,NH,33019,Sullivan,0
34,NJ,34001,Atlantic,68.138
34,NJ,34003,Bergen,66.244
34,NJ,34005,Burlington,57.165
34,NJ,34007,Camden,50.822
34,NJ,34009,Cape May,68.138
34,NJ,34011,Cumberland,66.245
34,NJ,34013,Essex,61.701
34,NJ,34015,Gloucester,61.534
34,NJ,34017,Hudson,61.701
34,NJ,34019,Hunterdon,55.202
34,NJ,34021,Mercer,75.082
34,NJ,34023,Middlesex,102.521
34,NJ,34025,Monmouth,219.373
34,NJ,34027,Morris,85.771
34,NJ,34029,Ocean,88.344
34,NJ,34031,Passaic,124.871
34,NJ,34033,Salem,111.047
34,NJ,34035,Somerset,51.968
34,NJ,34037,Sussex,122.55
34,NJ,34039,Union,67.036
34,NJ,34041,Warren,65.587
35,NM,35001,Bernalillo,0
35,NM,35003,Catron,0
35,NM,35005,Chaves,0
35,NM,35006,Cibola,0
35,NM,35007,Colfax,0
35,NM,35009,Curry,0
35,NM,35011,De Baca,0
35,NM,35013,Do√±a Ana,0
35,NM,35015,Eddy,0
35,NM,35017,Grant,0
35,NM,35019,Guadalupe,0
35,NM,35021,Harding,0
35,NM,35023,Hidalgo,0
35,NM,35025,Lea,0
35,NM,35027,Lincoln,0
35,NM,35028,Los Alamos,0
35,NM,35029,Luna,0
35,NM,35031,McKinley,0
35,NM,35033,Mora,0
35,NM,35035,Otero,0
35,NM,35037,Quay,0
35,NM,35039,Rio Arriba,0
35,NM,35041,Roosevelt,0
35,NM,35043,Sandoval,0
35,NM,35045,San Juan,0
35,NM,35047,San Miguel,0
35,NM,35049,Santa Fe,0
35,NM,35051,Sierra,0
35,NM,35053,Socorro,0
35,NM,35055,Taos,0
35,NM,35057,Torrance,0
35,NM,35059,Union,0
35,NM,35061,Valencia,0
36,NY,36001,Albany,90.281
36,NY,36003,Allegany,222.379
36,NY,36005,Bronx,62.101
36,NY,36007,Broome,219.798
36,NY,36009,Cattaraugus,116.553
36,NY,36011,Cayuga,66.943
36,NY,36013,Chautauqua,87.183
36,NY,36015,Chemung,175.509
36,NY,36017,Chenango,113.349
36,NY,36019,Clinton,114.758
36,NY,36021,Columbia,151
36,NY,36023,Cortland,104.152
36,NY,36025,Delaware,238.262
36,NY,36027,Dutchess,67.113
36,NY,36029,Erie,71.267
36,NY,36031,Essex,139.758
36,NY,36033,Franklin,156.107
36,NY,36035,Fulton,91.372
36,NY,36037,Genesee,63.985
36,NY,36039,Greene,143.523
36,NY,36041,Hamilton,156.939
36,NY,36043,Herkimer,99.447
36,NY,36045,Jefferson,85.787
36,NY,36047,Kings,176.257
36,NY,36049,Lewis,102.834
36,NY,36051,Livingston,85.364
36,NY,36053,Madison,107.174
36,NY,36055,Monroe,68.149
36,NY,36057,Montgomery,74.457
36,NY,36059,Nassau,183.284
36,NY,36061,New York,58.079
36,NY,36063,Niagara,70.261
36,NY,36065,Oneida,106.2
36,NY,36067,Onondaga,97.357
36,NY,36069,Ontario,60.019
36,NY,36071,Orange,63.669
36,NY,36073,Orleans,60.789
36,NY,36075,Oswego,64.789
36,NY,36077,Otsego,101.509
36,NY,36079,Putnam,63.383
36,NY,36081,Queens,176.257
36,NY,36083,Rensselaer,79.465
36,NY,36085,Richmond,62.803
36,NY,36087,Rockland,62.101
36,NY,36089,St. Lawrence,83.478
36,NY,36091,Saratoga,61.694
36,NY,36093,Schenectady,60.118
36,NY,36095,Schoharie,81.623
36,NY,36097,Schuyler,141.131
36,NY,36099,Seneca,79.954
36,NY,36101,Steuben,181.374
36,NY,36103,Suffolk,55.858
36,NY,36105,Sullivan,68.247
36,NY,36107,Tioga,199.258
36,NY,36109,Tompkins,129.944
36,NY,36111,Ulster,92.941
36,NY,36113,Warren,101.019
36,NY,36115,Washington,88.434
36,NY,36117,Wayne,59.687
36,NY,36119,Westchester,63.383
36,NY,36121,Wyoming,99.638
36,NY,36123,Yates,64.254
37,NC,37001,Alamance,64.197
37,NC,37003,Alexander,62.381
37,NC,37005,Alleghany,70.775
37,NC,37007,Anson,45.95
37,NC,37009,Ashe,89.403
37,NC,37011,Avery,80.49
37,NC,37013,Beaufort,51.866
37,NC,37015,Bertie,44.132
37,NC,37017,Bladen,52.421
37,NC,37019,Brunswick,44.03
37,NC,37021,Buncombe,98.636
37,NC,37023,Burke,66.963
37,NC,37025,Cabarrus,65.366
37,NC,37027,Caldwell,53.184
37,NC,37029,Camden,59.466
37,NC,37031,Carteret,48.532
37,NC,37033,Caswell,72.289
37,NC,37035,Catawba,72.585
37,NC,37037,Chatham,50.367
37,NC,37039,Cherokee,64.949
37,NC,37041,Chowan,46.419
37,NC,37043,Clay,75.708
37,NC,37045,Cleveland,67.981
37,NC,37047,Columbus,44.185
37,NC,37049,Craven,51.244
37,NC,37051,Cumberland,51.374
37,NC,37053,Currituck,51.012
37,NC,37055,Dare,52.327
37,NC,37057,Davidson,59.374
37,NC,37059,Davie,52.168
37,NC,37061,Duplin,44.521
37,NC,37063,Durham,54.009
37,NC,37065,Edgecombe,74.4
37,NC,37067,Forsyth,64.42
37,NC,37069,Franklin,61.526
37,NC,37071,Gaston,75.391
37,NC,37073,Gates,44.465
37,NC,37075,Graham,76.782
37,NC,37077,Granville,50.066
37,NC,37079,Greene,45.363
37,NC,37081,Guilford,66.554
37,NC,37083,Halifax,59.915
37,NC,37085,Harnett,46.456
37,NC,37087,Haywood,90.839
37,NC,37089,Henderson,98.443
37,NC,37091,Hertford,65.391
37,NC,37093,Hoke,51.342
37,NC,37095,Hyde,53.535
37,NC,37097,Iredell,65.19
37,NC,37099,Jackson,87.706
37,NC,37101,Johnston,48.312
37,NC,37103,Jones,47.285
37,NC,37105,Lee,46.401
37,NC,37107,Lenoir,48.771
37,NC,37109,Lincoln,64.634
37,NC,37111,McDowell,65.743
37,NC,37113,Macon,69.225
37,NC,37115,Madison,113.615
37,NC,37117,Martin,44.224
37,NC,37119,Mecklenburg,66.919
37,NC,37121,Mitchell,87.344
37,NC,37123,Montgomery,52.548
37,NC,37125,Moore,47.818
37,NC,37127,Nash,49.623
37,NC,37129,New Hanover,63.289
37,NC,37131,Northampton,44.748
37,NC,37133,Onslow,43.059
37,NC,37135,Orange,52.532
37,NC,37137,Pamlico,45
37,NC,37139,Pasquotank,44.365
37,NC,37141,Pender,51.576
37,NC,37143,Perquimans,50.831
37,NC,37145,Person,53.491
37,NC,37147,Pitt,52.06
37,NC,37149,Polk,77.156
37,NC,37151,Randolph,53.057
37,NC,37153,Richmond,48.547
37,NC,37155,Robeson,47.727
37,NC,37157,Rockingham,67.815
37,NC,37159,Rowan,60.653
37,NC,37161,Rutherford,82.396
37,NC,37163,Sampson,45.279
37,NC,37165,Scotland,70.761
37,NC,37167,Stanly,62.174
37,NC,37169,Stokes,48.266
37,NC,37171,Surry,76.278
37,NC,37173,Swain,77.942
37,NC,37175,Transylvania,60.358
37,NC,37177,Tyrrell,45.831
37,NC,37179,Union,59.461
37,NC,37181,Vance,62.396
37,NC,37183,Wake,50.397
37,NC,37185,Warren,66.793
37,NC,37187,Washington,44.875
37,NC,37189,Watauga,92.261
37,NC,37191,Wayne,57.374
37,NC,37193,Wilkes,61.741
37,NC,37195,Wilson,78.92
37,NC,37197,Yadkin,48.326
37,NC,37199,Yancey,94.744
38,ND,38001,Adams,396.61
38,ND,38003,Barnes,320.542
38,ND,38005,Benson,167.19
38,ND,38007,Billings,2407.08
38,ND,38009,Bottineau,273.211
38,ND,38011,Bowman,360.162
38,ND,38013,Burke,916.862
38,ND,38015,Burleigh,589.627
38,ND,38017,Cass,227.304
38,ND,38019,Cavalier,167.34
38,ND,38021,Dickey,99.159
38,ND,38023,Divide,524.333
38,ND,38025,Dunn,1858.919
38,ND,38027,Eddy,83.081
38,ND,38029,Emmons,298.321
38,ND,38031,Foster,155.025
38,ND,38033,Golden Valley,1240.314
38,ND,38035,Grand Forks,118.217
38,ND,38037,Grant,640.61
38,ND,38039,Griggs,244.34
38,ND,38041,Hettinger,362.619
38,ND,38043,Kidder,149.359
38,ND,38045,LaMoure,85.583
38,ND,38047,Logan,217.97
38,ND,38049,McHenry,142.419
38,ND,38051,McIntosh,245.359
38,ND,38053,McKenzie,1398.315
38,ND,38055,McLean,356.908
38,ND,38057,Mercer,1167.961
38,ND,38059,Morton,502.103
38,ND,38061,Mountrail,1490.133
38,ND,38063,Nelson,135.522
38,ND,38065,Oliver,1073.456
38,ND,38067,Pembina,175.817
38,ND,38069,Pierce,228.96
38,ND,38071,Ramsey,168.962
38,ND,38073,Ransom,109.596
38,ND,38075,Renville,1302.013
38,ND,38077,Richland,85.639
38,ND,38079,Rolette,234.23
38,ND,38081,Sargent,178.263
38,ND,38083,Sheridan,223.456
38,ND,38085,Sioux,337.535
38,ND,38087,Slope,292.253
38,ND,38089,Stark,525.546
38,ND,38091,Steele,241.294
38,ND,38093,Stutsman,368.904
38,ND,38095,Towner,293.012
38,ND,38097,Traill,100.156
38,ND,38099,Walsh,145.842
38,ND,38101,Ward,549.415
38,ND,38103,Wells,371.044
38,ND,38105,Williams,2703.872
39,OH,39001,Adams,66.765
39,OH,39003,Allen,87.771
39,OH,39005,Ashland,63.775
39,OH,39007,Ashtabula,55.633
39,OH,39009,Athens,61.852
39,OH,39011,Auglaize,60.09
39,OH,39013,Belmont,59.551
39,OH,39015,Brown,68.912
39,OH,39017,Butler,82.401
39,OH,39019,Carroll,60.756
39,OH,39021,Champaign,85.391
39,OH,39023,Clark,86.262
39,OH,39025,Clermont,69.046
39,OH,39027,Clinton,86.543
39,OH,39029,Columbiana,65.319
39,OH,39031,Coshocton,60.201
39,OH,39033,Crawford,93.702
39,OH,39035,Cuyahoga,138.478
39,OH,39037,Darke,95.537
39,OH,39039,Defiance,82.549
39,OH,39041,Delaware,91.677
39,OH,39043,Erie,95.162
39,OH,39045,Fairfield,92.508
39,OH,39047,Fayette,75.228
39,OH,39049,Franklin,85.504
39,OH,39051,Fulton,94.887
39,OH,39053,Gallia,69.03
39,OH,39055,Geauga,76.273
39,OH,39057,Greene,82.911
39,OH,39059,Guernsey,66.912
39,OH,39061,Hamilton,81.497
39,OH,39063,Hancock,91.318
39,OH,39065,Hardin,56.935
39,OH,39067,Harrison,66.684
39,OH,39069,Henry,98.646
39,OH,39071,Highland,80.04
39,OH,39073,Hocking,67.79
39,OH,39075,Holmes,61.925
39,OH,39077,Huron,76.221
39,OH,39079,Jackson,57.213
39,OH,39081,Jefferson,60.553
39,OH,39083,Knox,56.702
39,OH,39085,Lake,83.807
39,OH,39087,Lawrence,58.788
39,OH,39089,Licking,91.777
39,OH,39091,Logan,83.892
39,OH,39093,Lorain,89.598
39,OH,39095,Lucas,114.571
39,OH,39097,Madison,83.379
39,OH,39099,Mahoning,97.443
39,OH,39101,Marion,84.876
39,OH,39103,Medina,75.434
39,OH,39105,Meigs,65.748
39,OH,39107,Mercer,54.493
39,OH,39109,Miami,86.605
39,OH,39111,Monroe,55.271
39,OH,39113,Montgomery,78.082
39,OH,39115,Morgan,76.226
39,OH,39117,Morrow,83.632
39,OH,39119,Muskingum,82.778
39,OH,39121,Noble,60.461
39,OH,39123,Ottawa,123.091
39,OH,39125,Paulding,85.311
39,OH,39127,Perry,77.733
39,OH,39129,Pickaway,79.862
39,OH,39131,Pike,78.789
39,OH,39133,Portage,67.089
39,OH,39135,Preble,85.282
39,OH,39137,Putnam,90.071
39,OH,39139,Richland,59.021
39,OH,39141,Ross,79.689
39,OH,39143,Sandusky,90.681
39,OH,39145,Scioto,69.293
39,OH,39147,Seneca,62.907
39,OH,39149,Shelby,55.632
39,OH,39151,Stark,67.688
39,OH,39153,Summit,89.153
39,OH,39155,Trumbull,72.645
39,OH,39157,Tuscarawas,57.293
39,OH,39159,Union,82.266
39,OH,39161,Van Wert,94.566
39,OH,39163,Vinton,66.102
39,OH,39165,Warren,79.286
39,OH,39167,Washington,71.02
39,OH,39169,Wayne,68.267
39,OH,39171,Williams,100.768
39,OH,39173,Wood,96.337
39,OH,39175,Wyandot,85.05
40,OK,40001,Adair,42.748
40,OK,40003,Alfalfa,65.545
40,OK,40005,Atoka,39.382
40,OK,40007,Beaver,64.984
40,OK,40009,Beckham,54.744
40,OK,40011,Blaine,64.934
40,OK,40013,Bryan,43.266
40,OK,40015,Caddo,62.732
40,OK,40017,Canadian,41.02
40,OK,40019,Carter,39.252
40,OK,40021,Cherokee,44.146
40,OK,40023,Choctaw,39.68
40,OK,40025,Cimarron,449.566
40,OK,40027,Cleveland,46.333
40,OK,40029,Coal,50.406
40,OK,40031,Comanche,53.075
40,OK,40033,Cotton,44.416
40,OK,40035,Craig,41.659
40,OK,40037,Creek,45.316
40,OK,40039,Custer,116.27
40,OK,40041,Delaware,54.543
40,OK,40043,Dewey,66.085
40,OK,40045,Ellis,76.389
40,OK,40047,Garfield,56.627
40,OK,40049,Garvin,53.855
40,OK,40051,Grady,45.911
40,OK,40053,Grant,46.471
40,OK,40055,Greer,49.252
40,OK,40057,Harmon,79.818
40,OK,40059,Harper,119.742
40,OK,40061,Haskell,56.053
40,OK,40063,Hughes,48.404
40,OK,40065,Jackson,54.118
40,OK,40067,Jefferson,41.985
40,OK,40069,Johnston,44.125
40,OK,40071,Kay,46.659
40,OK,40073,Kingfisher,45.74
40,OK,40075,Kiowa,44.134
40,OK,40077,Latimer,41.792
40,OK,40079,Le Flore,45.611
40,OK,40081,Lincoln,47.712
40,OK,40083,Logan,42.988
40,OK,40085,Love,43.104
40,OK,40087,McClain,58.204
40,OK,40089,McCurtain,51.577
40,OK,40091,McIntosh,41.365
40,OK,40093,Major,101.156
40,OK,40095,Marshall,41.012
40,OK,40097,Mayes,44.753
40,OK,40099,Murray,63.216
40,OK,40101,Muskogee,41.551
40,OK,40103,Noble,43.819
40,OK,40105,Nowata,47.709
40,OK,40107,Okfuskee,44.076
40,OK,40109,Oklahoma,47.535
40,OK,40111,Okmulgee,47.225
40,OK,40113,Osage,52.649
40,OK,40115,Ottawa,44.994
40,OK,40117,Pawnee,46.243
40,OK,40119,Payne,47.146
40,OK,40121,Pittsburg,42.782
40,OK,40123,Pontotoc,42.739
40,OK,40125,Pottawatomie,51.974
40,OK,40127,Pushmataha,41.85
40,OK,40129,Roger Mills,49.333
40,OK,40131,Rogers,48.268
40,OK,40133,Seminole,39.321
40,OK,40135,Sequoyah,43.548
40,OK,40137,Stephens,52.535
40,OK,40139,Texas,201.873
40,OK,40141,Tillman,51.649
40,OK,40143,Tulsa,40.591
40,OK,40145,Wagoner,44.925
40,OK,40147,Washington,46.169
40,OK,40149,Washita,53.967
40,OK,40151,Woods,68.914
40,OK,40153,Woodward,71.29
41,OR,41001,Baker,0
41,OR,41003,Benton,0
41,OR,41005,Clackamas,0
41,OR,41007,Clatsop,0
41,OR,41009,Columbia,0
41,OR,41011,Coos,0
41,OR,41013,Crook,0
41,OR,41015,Curry,0
41,OR,41017,Deschutes,0
41,OR,41019,Douglas,0
41,OR,41021,Gilliam,0
41,OR,41023,Grant,0
41,OR,41025,Harney,0
41,OR,41027,Hood River,0
41,OR,41029,Jackson,0
41,OR,41031,Jefferson,0
41,OR,41033,Josephine,0
41,OR,41035,Klamath,0
41,OR,41037,Lake,0
41,OR,41039,Lane,0
41,OR,41041,Lincoln,0
41,OR,41043,Linn,0
41,OR,41045,Malheur,0
41,OR,41047,Marion,0
41,OR,41049,Morrow,0
41,OR,41051,Multnomah,0
41,OR,41053,Polk,0
41,OR,41055,Sherman,0
41,OR,41057,Tillamook,0
41,OR,41059,Umatilla,0
41,OR,41061,Union,0
41,OR,41063,Wallowa,0
41,OR,41065,Wasco,0
41,OR,41067,Washington,0
41,OR,41069,Wheeler,0
41,OR,41071,Yamhill,0
42,PA,42001,Adams,74.623
42,PA,42003,Allegheny,59.071
42,PA,42005,Armstrong,78.776
42,PA,42007,Beaver,61.834
42,PA,42009,Bedford,85.338
42,PA,42011,Berks,64.907
42,PA,42013,Blair,87.36
42,PA,42015,Bradford,97.336
42,PA,42017,Bucks,63.413
42,PA,42019,Butler,72.123
42,PA,42021,Cambria,81.433
42,PA,42023,Cameron,92.466
42,PA,42025,Carbon,72.708
42,PA,42027,Centre,84.598
42,PA,42029,Chester,69.499
42,PA,42031,Clarion,79.305
42,PA,42033,Clearfield,77.745
42,PA,42035,Clinton,104.133
42,PA,42037,Columbia,93.022
42,PA,42039,Crawford,66.521
42,PA,42041,Cumberland,74.062
42,PA,42043,Dauphin,80.264
42,PA,42045,Delaware,61.369
42,PA,42047,Elk,85.891
42,PA,42049,Erie,85.617
42,PA,42051,Fayette,61.503
42,PA,42053,Forest,79.84
42,PA,42055,Franklin,72.577
42,PA,42057,Fulton,69.702
42,PA,42059,Greene,59.044
42,PA,42061,Huntingdon,71.889
42,PA,42063,Indiana,71.497
42,PA,42065,Jefferson,77.734
42,PA,42067,Juniata,88.351
42,PA,42069,Lackawanna,86.627
42,PA,42071,Lancaster,70.68
42,PA,42073,Lawrence,109.533
42,PA,42075,Lebanon,57.388
42,PA,42077,Lehigh,68.529
42,PA,42079,Luzerne,94.495
42,PA,42081,Lycoming,87.357
42,PA,42083,McKean,113.553
42,PA,42085,Mercer,80.1
42,PA,42087,Mifflin,66.169
42,PA,42089,Monroe,64.446
42,PA,42091,Montgomery,61.422
42,PA,42093,Montour,84.584
42,PA,42095,Northampton,70.846
42,PA,42097,Northumberland,90.933
42,PA,42099,Perry,60.232
42,PA,42101,Philadelphia,62.455
42,PA,42103,Pike,89.562
42,PA,42105,Potter,130.743
42,PA,42107,Schuylkill,75.09
42,PA,42109,Snyder,77.96
42,PA,42111,Somerset,80.726
42,PA,42113,Sullivan,111.327
42,PA,42115,Susquehanna,105.071
42,PA,42117,Tioga,93.41
42,PA,42119,Union,83.485
42,PA,42121,Venango,85.184
42,PA,42123,Warren,102.344
42,PA,42125,Washington,64.698
42,PA,42127,Wayne,88.964
42,PA,42129,Westmoreland,70.971
42,PA,42131,Wyoming,101.045
42,PA,42133,York,74.937
44,RI,44001,Bristol,0
44,RI,44003,Kent,0
44,RI,44005,Newport,0
44,RI,44007,Providence,0
44,RI,44009,Washington,0
45,SC,45001,Abbeville,104.996
45,SC,45003,Aiken,52.689
45,SC,45005,Allendale,62.238
45,SC,45007,Anderson,60.228
45,SC,45009,Bamberg,53.962
45,SC,45011,Barnwell,54.776
45,SC,45013,Beaufort,86.692
45,SC,45015,Berkeley,49.968
45,SC,45017,Calhoun,61.625
45,SC,45019,Charleston,54.337
45,SC,45021,Cherokee,97.258
45,SC,45023,Chester,66.14
45,SC,45025,Chesterfield,64.351
45,SC,45027,Clarendon,60.292
45,SC,45029,Colleton,49.156
45,SC,45031,Darlington,54.404
45,SC,45033,Dillon,53.317
45,SC,45035,Dorchester,51.864
45,SC,45037,Edgefield,77.26
45,SC,45039,Fairfield,100.606
45,SC,45041,Florence,52.618
45,SC,45043,Georgetown,49.272
45,SC,45045,Greenville,50.717
45,SC,45047,Greenwood,74.277
45,SC,45049,Hampton,62.641
45,SC,45051,Horry,50.48
45,SC,45053,Jasper,60.859
45,SC,45055,Kershaw,55.913
45,SC,45057,Lancaster,77.343
45,SC,45059,Laurens,111.822
45,SC,45061,Lee,60.92
45,SC,45063,Lexington,52.836
45,SC,45065,McCormick,102.336
45,SC,45067,Marion,50.324
45,SC,45069,Marlboro,54.921
45,SC,45071,Newberry,54.776
45,SC,45073,Oconee,51.373
45,SC,45075,Orangeburg,60.988
45,SC,45077,Pickens,66.07
45,SC,45079,Richland,58.59
45,SC,45081,Saluda,100.445
45,SC,45083,Spartanburg,67.297
45,SC,45085,Sumter,60.187
45,SC,45087,Union,75.482
45,SC,45089,Williamsburg,52.734
45,SC,45091,York,48.429
46,SD,46003,Aurora,81.865
46,SD,46005,Beadle,75.67
46,SD,46007,Bennett,58.431
46,SD,46009,Bon Homme,77.419
46,SD,46011,Brookings,125.798
46,SD,46013,Brown,124.792
46,SD,46015,Brule,96.508
46,SD,46017,Buffalo,90.939
46,SD,46019,Butte,115.998
46,SD,46021,Campbell,229.953
46,SD,46023,Charles Mix,88.922
46,SD,46025,Clark,143.246
46,SD,46027,Clay,56.072
46,SD,46029,Codington,226.803
46,SD,46031,Corson,149.997
46,SD,46033,Custer,129.689
46,SD,46035,Davison,69.777
46,SD,46037,Day,126.699
46,SD,46039,Deuel,140.956
46,SD,46041,Dewey,111.078
46,SD,46043,Douglas,52.579
46,SD,46045,Edmunds,110.958
46,SD,46047,Fall River,128.715
46,SD,46049,Faulk,95.703
46,SD,46051,Grant,124.339
46,SD,46053,Gregory,60.77
46,SD,46055,Haakon,77.714
46,SD,46057,Hamlin,182.488
46,SD,46059,Hand,69.402
46,SD,46061,Hanson,72.875
46,SD,46063,Harding,228.357
46,SD,46065,Hughes,77.064
46,SD,46067,Hutchinson,85.546
46,SD,46069,Hyde,68.492
46,SD,46071,Jackson,87.018
46,SD,46073,Jerauld,73.903
46,SD,46075,Jones,101.161
46,SD,46077,Kingsbury,113.903
46,SD,46079,Lake,91.171
46,SD,46081,Lawrence,1300.633
46,SD,46083,Lincoln,69.278
46,SD,46085,Lyman,87.388
46,SD,46087,McCook,70.699
46,SD,46089,McPherson,131.779
46,SD,46091,Marshall,97.87
46,SD,46093,Meade,152.634
46,SD,46095,Mellette,94.648
46,SD,46097,Miner,113.021
46,SD,46099,Minnehaha,69.873
46,SD,46101,Moody,75.144
46,SD,46103,Pennington,99.426
46,SD,46105,Perkins,213.809
46,SD,46107,Potter,161.619
46,SD,46109,Roberts,105.04
46,SD,46111,Sanborn,71.685
46,SD,46113,Shannon,100.027
46,SD,46115,Spink,98.841
46,SD,46117,Stanley,70.708
46,SD,46119,Sully,126.522
46,SD,46121,Todd,80.36
46,SD,46123,Tripp,78.194
46,SD,46125,Turner,63.829
46,SD,46127,Union,63.288
46,SD,46129,Walworth,131.049
46,SD,46135,Yankton,68.397
46,SD,46137,Ziebach,98.052
47,TN,47001,Anderson,54.298
47,TN,47003,Bedford,49.179
47,TN,47005,Benton,54.401
47,TN,47007,Bledsoe,55.231
47,TN,47009,Blount,65.554
47,TN,47011,Bradley,52.775
47,TN,47013,Campbell,53.934
47,TN,47015,Cannon,55.184
47,TN,47017,Carroll,51.233
47,TN,47019,Carter,62.846
47,TN,47021,Cheatham,51.947
47,TN,47023,Chester,51.337
47,TN,47025,Claiborne,54.864
47,TN,47027,Clay,54.713
47,TN,47029,Cocke,57.301
47,TN,47031,Coffee,53.674
47,TN,47033,Crockett,51.997
47,TN,47035,Cumberland,54.577
47,TN,47037,Davidson,51.658
47,TN,47039,Decatur,51.284
47,TN,47041,DeKalb,51.676
47,TN,47043,Dickson,51.751
47,TN,47045,Dyer,51.959
47,TN,47047,Fayette,45.569
47,TN,47049,Fentress,56.145
47,TN,47051,Franklin,55.053
47,TN,47053,Gibson,51.696
47,TN,47055,Giles,60.569
47,TN,47057,Grainger,57.344
47,TN,47059,Greene,63.647
47,TN,47061,Grundy,60.253
47,TN,47063,Hamblen,89.202
47,TN,47065,Hamilton,57.394
47,TN,47067,Hancock,54.864
47,TN,47069,Hardeman,51.245
47,TN,47071,Hardin,49.269
47,TN,47073,Hawkins,68.88
47,TN,47075,Haywood,51.189
47,TN,47077,Henderson,51.545
47,TN,47079,Henry,56.101
47,TN,47081,Hickman,55.336
47,TN,47083,Houston,52.035
47,TN,47085,Humphreys,52.013
47,TN,47087,Jackson,57.197
47,TN,47089,Jefferson,77.413
47,TN,47091,Johnson,68.132
47,TN,47093,Knox,51.301
47,TN,47095,Lake,52.755
47,TN,47097,Lauderdale,51.53
47,TN,47099,Lawrence,52.771
47,TN,47101,Lewis,56.45
47,TN,47103,Lincoln,53.153
47,TN,47105,Loudon,52.252
47,TN,47107,McMinn,54.451
47,TN,47109,McNairy,51.25
47,TN,47111,Macon,51.429
47,TN,47113,Madison,48.505
47,TN,47115,Marion,55.234
47,TN,47117,Marshall,55.443
47,TN,47119,Maury,48.204
47,TN,47121,Meigs,51.229
47,TN,47123,Monroe,61.777
47,TN,47125,Montgomery,52.381
47,TN,47127,Moore,53.665
47,TN,47129,Morgan,55.063
47,TN,47131,Obion,52.257
47,TN,47133,Overton,52.131
47,TN,47135,Perry,51.768
47,TN,47137,Pickett,55.651
47,TN,47139,Polk,58.177
47,TN,47141,Putnam,55.93
47,TN,47143,Rhea,53.201
47,TN,47145,Roane,58.913
47,TN,47147,Robertson,54.068
47,TN,47149,Rutherford,54.439
47,TN,47151,Scott,55.903
47,TN,47153,Sequatchie,57.35
47,TN,47155,Sevier,65.379
47,TN,47157,Shelby,50.518
47,TN,47159,Smith,51.03
47,TN,47161,Stewart,52.186
47,TN,47163,Sullivan,53.809
47,TN,47165,Sumner,49.853
47,TN,47167,Tipton,51.784
47,TN,47169,Trousdale,47.46
47,TN,47171,Unicoi,60.324
47,TN,47173,Union,51.743
47,TN,47175,Van Buren,60.429
47,TN,47177,Warren,57.559
47,TN,47179,Washington,62.175
47,TN,47181,Wayne,52.256
47,TN,47183,Weakley,51.648
47,TN,47185,White,54.866
47,TN,47187,Williamson,51.388
47,TN,47189,Wilson,57.159
48,TX,48001,Anderson,40.403
48,TX,48003,Andrews,482.887
48,TX,48005,Angelina,65.589
48,TX,48007,Aransas,85.26
48,TX,48009,Archer,152.955
48,TX,48011,Armstrong,62.501
48,TX,48013,Atascosa,60.068
48,TX,48015,Austin,46.281
48,TX,48017,Bailey,147.879
48,TX,48019,Bandera,521.413
48,TX,48021,Bastrop,58.453
48,TX,48023,Baylor,44.768
48,TX,48025,Bee,54.497
48,TX,48027,Bell,51.278
48,TX,48029,Bexar,63.93
48,TX,48031,Blanco,137.234
48,TX,48033,Borden,114.712
48,TX,48035,Bosque,53.202
48,TX,48037,Bowie,35.993
48,TX,48039,Brazoria,44.09
48,TX,48041,Brazos,57.172
48,TX,48043,Brewster,1982.631
48,TX,48045,Briscoe,106.308
48,TX,48047,Brooks,73.81
48,TX,48049,Brown,118.335
48,TX,48051,Burleson,40.976
48,TX,48053,Burnet,198.598
48,TX,48055,Caldwell,43.799
48,TX,48057,Calhoun,48.721
48,TX,48059,Callahan,113.149
48,TX,48061,Cameron,116.404
48,TX,48063,Camp,66.342
48,TX,48065,Carson,50.767
48,TX,48067,Cass,65.398
48,TX,48069,Castro,92.933
48,TX,48071,Chambers,39.949
48,TX,48073,Cherokee,73.435
48,TX,48075,Childress,84.503
48,TX,48077,Clay,85.15
48,TX,48079,Cochran,205.218
48,TX,48081,Coke,338.387
48,TX,48083,Coleman,113.569
48,TX,48085,Collin,38.921
48,TX,48087,Collingsworth,81.571
48,TX,48089,Colorado,53.556
48,TX,48091,Comal,112.632
48,TX,48093,Comanche,70.288
48,TX,48095,Concho,331.135
48,TX,48097,Cooke,47.98
48,TX,48099,Coryell,56.163
48,TX,48101,Cottle,91.025
48,TX,48103,Crane,363.916
48,TX,48105,Crockett,1221.292
48,TX,48107,Crosby,73.413
48,TX,48109,Culberson,6213.095
48,TX,48111,Dallam,284.218
48,TX,48113,Dallas,48.411
48,TX,48115,Dawson,241.59
48,TX,48117,Deaf Smith,85.457
48,TX,48119,Delta,46.8
48,TX,48121,Denton,40.357
48,TX,48123,DeWitt,49.453
48,TX,48125,Dickens,104.512
48,TX,48127,Dimmit,109.735
48,TX,48129,Donley,53.102
48,TX,48131,Duval,121.598
48,TX,48133,Eastland,81.453
48,TX,48135,Ector,14137.163
48,TX,48137,Edwards,4623.317
48,TX,48139,Ellis,47.5
48,TX,48141,El Paso,1405.872
48,TX,48143,Erath,172.215
48,TX,48145,Falls,40.389
48,TX,48147,Fannin,39.101
48,TX,48149,Fayette,61.382
48,TX,48151,Fisher,108.389
48,TX,48153,Floyd,68.467
48,TX,48155,Foard,55.219
48,TX,48157,Fort Bend,37.365
48,TX,48159,Franklin,66.342
48,TX,48161,Freestone,69.494
48,TX,48163,Frio,80.158
48,TX,48165,Gaines,421.342
48,TX,48167,Galveston,58.43
48,TX,48169,Garza,110.235
48,TX,48171,Gillespie,240.359
48,TX,48173,Glasscock,125.286
48,TX,48175,Goliad,74.36
48,TX,48177,Gonzales,76.569
48,TX,48179,Gray,47.418
48,TX,48181,Grayson,47.447
48,TX,48183,Gregg,66.949
48,TX,48185,Grimes,48.872
48,TX,48187,Guadalupe,53.099
48,TX,48189,Hale,107.365
48,TX,48191,Hall,106.838
48,TX,48193,Hamilton,44.618
48,TX,48195,Hansford,109.51
48,TX,48197,Hardeman,48.495
48,TX,48199,Hardin,43.458
48,TX,48201,Harris,40.993
48,TX,48203,Harrison,65.828
48,TX,48205,Hartley,100.196
48,TX,48207,Haskell,64.154
48,TX,48209,Hays,67.796
48,TX,48211,Hemphill,46.794
48,TX,48213,Henderson,69.106
48,TX,48215,Hidalgo,94.416
48,TX,48217,Hill,50.631
48,TX,48219,Hockley,200.408
48,TX,48221,Hood,143.139
48,TX,48223,Hopkins,42.118
48,TX,48225,Houston,39.485
48,TX,48227,Howard,58.319
48,TX,48229,Hudspeth,7008.665
48,TX,48231,Hunt,41.883
48,TX,48233,Hutchinson,50.98
48,TX,48235,Irion,659.85
48,TX,48237,Jack,105.109
48,TX,48239,Jackson,38.993
48,TX,48241,Jasper,61.279
48,TX,48243,Jeff Davis,3953.899
48,TX,48245,Jefferson,61.569
48,TX,48247,Jim Hogg,178.773
48,TX,48249,Jim Wells,113.143
48,TX,48251,Johnson,42.746
48,TX,48253,Jones,46.035
48,TX,48255,Karnes,59.058
48,TX,48257,Kaufman,45.581
48,TX,48259,Kendall,200.994
48,TX,48261,Kenedy,108.144
48,TX,48263,Kent,111.382
48,TX,48265,Kerr,846.254
48,TX,48267,Kimble,6940.622
48,TX,48269,King,143.106
48,TX,48271,Kinney,559.912
48,TX,48273,Kleberg,49.041
48,TX,48275,Knox,64.657
48,TX,48277,Lamar,43.648
48,TX,48279,Lamb,189.875
48,TX,48281,Lampasas,59.76
48,TX,48283,La Salle,74.73
48,TX,48285,Lavaca,52.547
48,TX,48287,Lee,62.008
48,TX,48289,Leon,72.623
48,TX,48291,Liberty,35.697
48,TX,48293,Limestone,47.461
48,TX,48295,Lipscomb,55.075
48,TX,48297,Live Oak,78.778
48,TX,48299,Llano,78.919
48,TX,48301,Loving,108767.663
48,TX,48303,Lubbock,128.987
48,TX,48305,Lynn,97.71
48,TX,48307,McCulloch,108.595
48,TX,48309,McLennan,48.298
48,TX,48311,McMullen,163.734
48,TX,48313,Madison,68.308
48,TX,48315,Marion,65.601
48,TX,48317,Martin,123.576
48,TX,48319,Mason,273.081
48,TX,48321,Matagorda,49.132
48,TX,48323,Maverick,222.15
48,TX,48325,Medina,124.765
48,TX,48327,Menard,5585.986
48,TX,48329,Midland,437.898
48,TX,48331,Milam,42.033
48,TX,48333,Mills,55.098
48,TX,48335,Mitchell,146.639
48,TX,48337,Montague,98.079
48,TX,48339,Montgomery,64.76
48,TX,48341,Moore,91.604
48,TX,48343,Morris,65.675
48,TX,48345,Motley,117.024
48,TX,48347,Nacogdoches,69.967
48,TX,48349,Navarro,43.809
48,TX,48351,Newton,64.883
48,TX,48353,Nolan,165.682
48,TX,48355,Nueces,49.851
48,TX,48357,Ochiltree,81.108
48,TX,48359,Oldham,123.569
48,TX,48361,Orange,57.91
48,TX,48363,Palo Pinto,135.387
48,TX,48365,Panola,66.218
48,TX,48367,Parker,105.36
48,TX,48369,Parmer,169.747
48,TX,48371,Pecos,1828.797
48,TX,48373,Polk,64.126
48,TX,48375,Potter,145.834
48,TX,48377,Presidio,7005.549
48,TX,48379,Rains,68.555
48,TX,48381,Randall,90.249
48,TX,48383,Reagan,738.19
48,TX,48385,Real,586.097
48,TX,48387,Red River,42.048
48,TX,48389,Reeves,2595.077
48,TX,48391,Refugio,50.788
48,TX,48393,Roberts,45.084
48,TX,48395,Robertson,46.033
48,TX,48397,Rockwall,48.864
48,TX,48399,Runnels,75.024
48,TX,48401,Rusk,67.055
48,TX,48403,Sabine,62.034
48,TX,48405,San Augustine,63.617
48,TX,48407,San Jacinto,63.76
48,TX,48409,San Patricio,82.563
48,TX,48411,San Saba,67.619
48,TX,48413,Schleicher,589.128
48,TX,48415,Scurry,86.169
48,TX,48417,Shackelford,70.741
48,TX,48419,Shelby,64.603
48,TX,48421,Sherman,429.63
48,TX,48423,Smith,68.259
48,TX,48425,Somervell,374.114
48,TX,48427,Starr,101.221
48,TX,48429,Stephens,134.918
48,TX,48431,Sterling,426.641
48,TX,48433,Stonewall,128.762
48,TX,48435,Sutton,9035.358
48,TX,48437,Swisher,99.849
48,TX,48439,Tarrant,46.724
48,TX,48441,Taylor,81.169
48,TX,48443,Terrell,1241.632
48,TX,48445,Terry,152.905
48,TX,48447,Throckmorton,55.789
48,TX,48449,Titus,64.5
48,TX,48451,Tom Green,72.132
48,TX,48453,Travis,49.856
48,TX,48455,Trinity,71.673
48,TX,48457,Tyler,63.334
48,TX,48459,Upshur,66.961
48,TX,48461,Upton,411.15
48,TX,48463,Uvalde,186.486
48,TX,48465,Val Verde,7008.917
48,TX,48467,Van Zandt,68.964
48,TX,48469,Victoria,40.563
48,TX,48471,Walker,47.055
48,TX,48473,Waller,62.412
48,TX,48475,Ward,2854.319
48,TX,48477,Washington,49.315
48,TX,48479,Webb,239.797
48,TX,48481,Wharton,35.614
48,TX,48483,Wheeler,87.4
48,TX,48485,Wichita,53.982
48,TX,48487,Wilbarger,47.677
48,TX,48489,Willacy,208.191
48,TX,48491,Williamson,42.006
48,TX,48493,Wilson,46.444
48,TX,48495,Winkler,471.547
48,TX,48497,Wise,52.053
48,TX,48499,Wood,67.256
48,TX,48501,Yoakum,198.836
48,TX,48503,Young,51.431
48,TX,48505,Zapata,227.454
48,TX,48507,Zavala,97.368
49,UT,49001,Beaver,0
49,UT,49003,Box Elder,0
49,UT,49005,Cache,0
49,UT,49007,Carbon,0
49,UT,49009,Daggett,0
49,UT,49011,Davis,0
49,UT,49013,Duchesne,0
49,UT,49015,Emery,0
49,UT,49017,Garfield,0
49,UT,49019,Grand,0
49,UT,49021,Iron,0
49,UT,49023,Juab,0
49,UT,49025,Kane,0
49,UT,49027,Millard,0
49,UT,49029,Morgan,0
49,UT,49031,Piute,0
49,UT,49033,Rich,0
49,UT,49035,Salt Lake,0
49,UT,49037,San Juan,0
49,UT,49039,Sanpete,0
49,UT,49041,Sevier,0
49,UT,49043,Summit,0
49,UT,49045,Tooele,0
49,UT,49047,Uintah,0
49,UT,49049,Utah,0
49,UT,49051,Wasatch,0
49,UT,49053,Washington,0
49,UT,49055,Wayne,0
49,UT,49057,Weber,0
50,VT,50001,Addison,0
50,VT,50003,Bennington,0
50,VT,50005,Caledonia,0
50,VT,50007,Chittenden,0
50,VT,50009,Essex,0
50,VT,50011,Franklin,0
50,VT,50013,Grand Isle,0
50,VT,50015,Lamoille,0
50,VT,50017,Orange,0
50,VT,50019,Orleans,0
50,VT,50021,Rutland,0
50,VT,50023,Washington,0
50,VT,50025,Windham,0
50,VT,50027,Windsor,0
51,VA,51001,Accomack,52.741
51,VA,51003,Albemarle,49.941
51,VA,51005,Alleghany,65.261
51,VA,51007,Amelia,54.63
51,VA,51009,Amherst,51.631
51,VA,51011,Appomattox,64.172
51,VA,51013,Arlington,70.533
51,VA,51015,Augusta,62.828
51,VA,51017,Bath,59.101
51,VA,51019,Bedford,58.318
51,VA,51021,Bland,75.779
51,VA,51023,Botetourt,68.066
51,VA,51025,Brunswick,55.934
51,VA,51027,Buchanan,61.268
51,VA,51029,Buckingham,54.615
51,VA,51031,Campbell,61.912
51,VA,51033,Caroline,49.38
51,VA,51035,Carroll,66.149
51,VA,51036,Charles City,54.925
51,VA,51037,Charlotte,58.82
51,VA,51041,Chesterfield,52.948
51,VA,51043,Clarke,76.305
51,VA,51045,Craig,62.249
51,VA,51047,Culpeper,59.051
51,VA,51049,Cumberland,55.435
51,VA,51051,Dickenson,52.706
51,VA,51053,Dinwiddie,56.681
51,VA,51057,Essex,61.815
51,VA,51059,Fairfax,50.17
51,VA,51061,Fauquier,58.342
51,VA,51063,Floyd,63.271
51,VA,51065,Fluvanna,61.525
51,VA,51067,Franklin,57.311
51,VA,51069,Frederick,92.059
51,VA,51071,Giles,76.299
51,VA,51073,Gloucester,51.272
51,VA,51075,Goochland,56.597
51,VA,51077,Grayson,69.253
51,VA,51079,Greene,52.758
51,VA,51081,Greensville,49.103
51,VA,51083,Halifax,61.428
51,VA,51085,Hanover,57.404
51,VA,51087,Henrico,68.288
51,VA,51089,Henry,52.057
51,VA,51091,Highland,72.356
51,VA,51093,Isle of Wight,65.749
51,VA,51095,James City,48.051
51,VA,51097,King and Queen,54.298
51,VA,51099,King George,61.281
51,VA,51101,King William,63.016
51,VA,51103,Lancaster,52.003
51,VA,51105,Lee,59.367
51,VA,51107,Loudoun,62.239
51,VA,51109,Louisa,54.173
51,VA,51111,Lunenburg,53.94
51,VA,51113,Madison,55.728
51,VA,51115,Mathews,55.591
51,VA,51117,Mecklenburg,57.04
51,VA,51119,Middlesex,54.439
51,VA,51121,Montgomery,70.384
51,VA,51125,Nelson,57.185
51,VA,51127,New Kent,50.791
51,VA,51131,Northampton,50.063
51,VA,51133,Northumberland,67.025
51,VA,51135,Nottoway,54.566
51,VA,51137,Orange,55
51,VA,51139,Page,61.984
51,VA,51141,Patrick,63.221
51,VA,51143,Pittsylvania,59.509
51,VA,51145,Powhatan,57.406
51,VA,51147,Prince Edward,58.874
51,VA,51149,Prince George,69.245
51,VA,51153,Prince William,51.062
51,VA,51155,Pulaski,70.398
51,VA,51157,Rappahannock,51.222
51,VA,51159,Richmond,62.924
51,VA,51161,Roanoke,57.302
51,VA,51163,Rockbridge,64.05
51,VA,51165,Rockingham,83.413
51,VA,51167,Russell,61.254
51,VA,51169,Scott,70.853
51,VA,51171,Shenandoah,64.373
51,VA,51173,Smyth,83.738
51,VA,51175,Southampton,65.525
51,VA,51177,Spotsylvania,55.181
51,VA,51179,Stafford,83.44
51,VA,51181,Surry,52.068
51,VA,51183,Sussex,65.911
51,VA,51185,Tazewell,64.632
51,VA,51187,Warren,57.819
51,VA,51191,Washington,67.433
51,VA,51193,Westmoreland,53.645
51,VA,51195,Wise,56.264
51,VA,51197,Wythe,78.906
51,VA,51199,York,49.689
51,VA,51510,Alexandria,70.533
51,VA,51515,Bedford,54.27
51,VA,51520,Bristol,54.527
51,VA,51530,Buena Vista,64.802
51,VA,51540,Charlottesville,52.061
51,VA,51550,Chesapeake,51.966
51,VA,51570,Colonial Heights,52.474
51,VA,51580,Covington,75.166
51,VA,51590,Danville,61.736
51,VA,51595,Emporia,52.842
51,VA,51600,Fairfax,52.976
51,VA,51610,Falls Church,53.574
51,VA,51620,Franklin,51.029
51,VA,51630,Fredericksburg,57.471
51,VA,51640,Galax,60.021
51,VA,51650,Hampton,49.653
51,VA,51660,Harrisonburg,64.445
51,VA,51670,Hopewell,52.474
51,VA,51678,Lexington,64.802
51,VA,51680,Lynchburg,61.286
51,VA,51683,Manassas,52.976
51,VA,51685,Manassas Park,52.976
51,VA,51690,Martinsville,55.781
51,VA,51700,Newport News,49.689
51,VA,51710,Norfolk,49.653
51,VA,51720,Norton,57.365
51,VA,51730,Petersburg,52.474
51,VA,51735,Poquoson,49.689
51,VA,51740,Portsmouth,49.653
51,VA,51750,Radford,62.377
51,VA,51760,Richmond,53.856
51,VA,51770,Roanoke,61.835
51,VA,51775,Salem,61.835
51,VA,51790,Staunton,65.27
51,VA,51800,Suffolk,54.501
51,VA,51810,Virginia Beach,66.289
51,VA,51820,Waynesboro,67.883
51,VA,51830,Williamsburg,49.689
51,VA,51840,Winchester,65.375
53,WA,53001,Adams,0
53,WA,53003,Asotin,0
53,WA,53005,Benton,0
53,WA,53007,Chelan,0
53,WA,53009,Clallam,0
53,WA,53011,Clark,0
53,WA,53013,Columbia,0
53,WA,53015,Cowlitz,0
53,WA,53017,Douglas,0
53,WA,53019,Ferry,0
53,WA,53021,Franklin,0
53,WA,53023,Garfield,0
53,WA,53025,Grant,0
53,WA,53027,Grays Harbor,0
53,WA,53029,Island,0
53,WA,53031,Jefferson,0
53,WA,53033,King,0
53,WA,53035,Kitsap,0
53,WA,53037,Kittitas,0
53,WA,53039,Klickitat,0
53,WA,53041,Lewis,0
53,WA,53043,Lincoln,0
53,WA,53045,Mason,0
53,WA,53047,Okanogan,0
53,WA,53049,Pacific,0
53,WA,53051,Pend Oreille,0
53,WA,53053,Pierce,0
53,WA,53055,San Juan,0
53,WA,53057,Skagit,0
53,WA,53059,Skamania,0
53,WA,53061,Snohomish,0
53,WA,53063,Spokane,0
53,WA,53065,Stevens,0
53,WA,53067,Thurston,0
53,WA,53069,Wahkiakum,0
53,WA,53071,Walla Walla,0
53,WA,53073,Whatcom,0
53,WA,53075,Whitman,0
53,WA,53077,Yakima,0
54,WV,54001,Barbour,53.792
54,WV,54003,Berkeley,59.995
54,WV,54005,Boone,53.379
54,WV,54007,Braxton,52.859
54,WV,54009,Brooke,58.185
54,WV,54011,Cabell,52.11
54,WV,54013,Calhoun,51.759
54,WV,54015,Clay,52.069
54,WV,54017,Doddridge,53.502
54,WV,54019,Fayette,53.017
54,WV,54021,Gilmer,52.577
54,WV,54023,Grant,62.407
54,WV,54025,Greenbrier,72.925
54,WV,54027,Hampshire,62.184
54,WV,54029,Hancock,55.649
54,WV,54031,Hardy,66.989
54,WV,54033,Harrison,52.113
54,WV,54035,Jackson,52.207
54,WV,54037,Jefferson,54.568
54,WV,54039,Kanawha,53.215
54,WV,54041,Lewis,51.497
54,WV,54043,Lincoln,51.983
54,WV,54045,Logan,52.732
54,WV,54047,McDowell,56.574
54,WV,54049,Marion,53.155
54,WV,54051,Marshall,55.47
54,WV,54053,Mason,57.607
54,WV,54055,Mercer,60.816
54,WV,54057,Mineral,64.365
54,WV,54059,Mingo,52.347
54,WV,54061,Monongalia,53.155
54,WV,54063,Monroe,69.239
54,WV,54065,Morgan,59.995
54,WV,54067,Nicholas,63.522
54,WV,54069,Ohio,57.529
54,WV,54071,Pendleton,76.502
54,WV,54073,Pleasants,52.811
54,WV,54075,Pocahontas,84.723
54,WV,54077,Preston,57.441
54,WV,54079,Putnam,52.409
54,WV,54081,Raleigh,56.207
54,WV,54083,Randolph,65.077
54,WV,54085,Ritchie,53.742
54,WV,54087,Roane,52.681
54,WV,54089,Summers,63.09
54,WV,54091,Taylor,52.113
54,WV,54093,Tucker,71.676
54,WV,54095,Tyler,53.602
54,WV,54097,Upshur,52.7
54,WV,54099,Wayne,52.764
54,WV,54101,Webster,60.427
54,WV,54103,Wetzel,55.384
54,WV,54105,Wirt,51.759
54,WV,54107,Wood,53.376
54,WV,54109,Wyoming,52.507
55,WI,55001,Adams,51.663
55,WI,55003,Ashland,319.988
55,WI,55005,Barron,67.478
55,WI,55007,Bayfield,99.71
55,WI,55009,Brown,44.157
55,WI,55011,Buffalo,49.107
55,WI,55013,Burnett,55.248
55,WI,55015,Calumet,55.458
55,WI,55017,Chippewa,65.47
55,WI,55019,Clark,62.307
55,WI,55021,Columbia,56.55
55,WI,55023,Crawford,59.635
55,WI,55025,Dane,52.249
55,WI,55027,Dodge,57.519
55,WI,55029,Door,44.019
55,WI,55031,Douglas,83.474
55,WI,55033,Dunn,58.437
55,WI,55035,Eau Claire,56.171
55,WI,55037,Florence,93.335
55,WI,55039,Fond du Lac,64.364
55,WI,55041,Forest,105.504
55,WI,55043,Grant,56.455
55,WI,55045,Green,57.489
55,WI,55047,Green Lake,56.226
55,WI,55049,Iowa,52.043
55,WI,55051,Iron,97.043
55,WI,55053,Jackson,56.737
55,WI,55055,Jefferson,50.726
55,WI,55057,Juneau,54.634
55,WI,55059,Kenosha,59.939
55,WI,55061,Kewaunee,50.476
55,WI,55063,La Crosse,60.259
55,WI,55065,Lafayette,50.174
55,WI,55067,Langlade,90.505
55,WI,55069,Lincoln,156.737
55,WI,55071,Manitowoc,53.796
55,WI,55073,Marathon,61.089
55,WI,55075,Marinette,76.648
55,WI,55077,Marquette,64.711
55,WI,55078,Menominee,59.439
55,WI,55079,Milwaukee,51.183
55,WI,55081,Monroe,56.836
55,WI,55083,Oconto,54.664
55,WI,55085,Oneida,161.433
55,WI,55087,Outagamie,62.16
55,WI,55089,Ozaukee,48.191
55,WI,55091,Pepin,49.261
55,WI,55093,Pierce,55.399
55,WI,55095,Polk,64.415
55,WI,55097,Portage,60.079
55,WI,55099,Price,157.516
55,WI,55101,Racine,52.87
55,WI,55103,Richland,79.721
55,WI,55105,Rock,46.824
55,WI,55107,Rusk,65.867
55,WI,55109,St. Croix,52.468
55,WI,55111,Sauk,59.868
55,WI,55113,Sawyer,74.737
55,WI,55115,Shawano,57.669
55,WI,55117,Sheboygan,52.666
55,WI,55119,Taylor,71.937
55,WI,55121,Trempealeau,55.215
55,WI,55123,Vernon,51.236
55,WI,55125,Vilas,103.483
55,WI,55127,Walworth,46.769
55,WI,55129,Washburn,71.834
55,WI,55131,Washington,61.034
55,WI,55133,Waukesha,53.313
55,WI,55135,Waupaca,56.455
55,WI,55137,Waushara,45.777
55,WI,55139,Winnebago,55.413
55,WI,55141,Wood,46.377
56,WY,56001,Albany,0
56,WY,56003,Big Horn,0
56,WY,56005,Campbell,0
56,WY,56007,Carbon,0
56,WY,56009,Converse,0
56,WY,56011,Crook,0
56,WY,56013,Fremont,0
56,WY,56015,Goshen,0
56,WY,56017,Hot Springs,0
56,WY,56019,Johnson,0
56,WY,56021,Laramie,0
56,WY,56023,Lincoln,0
56,WY,56025,Natrona,0
56,WY,56027,Niobrara,0
56,WY,56029,Park,0
56,WY,56031,Platte,0
56,WY,56033,Sheridan,0
56,WY,56035,Sublette,0
56,WY,56037,Sweetwater,0
56,WY,56039,Teton,0
56,WY,56041,Uinta,0
56,WY,56043,Washakie,0
56,WY,56045,Weston,0
