STATEFP,STATE,County_FIPS,County_NAME,stover_yield
1,AL,1001,Autauga,4.397
1,AL,1003,Baldwin,5.956
1,AL,1005,Barbour,5.337
1,AL,1007,Bibb,0
1,AL,1009,Blount,7.124
1,AL,1011,Bullock,0
1,AL,1013,Butler,9.499
1,AL,1015,Calhoun,5.497
1,AL,1017,Chambers,0
1,AL,1019,Cherokee,5.475
1,AL,1021,Chilton,4.109
1,AL,1023,Choctaw,0
1,AL,1025,Clarke,0
1,AL,1027,Clay,0
1,AL,1029,Cleburne,0
1,AL,1031,Coffee,5.539
1,AL,1033,Colbert,6.628
1,AL,1035,Conecuh,4.429
1,AL,1037,Coosa,0
1,AL,1039,Covington,4.355
1,AL,1041,Crenshaw,0
1,AL,1043,Cullman,5.102
1,AL,1045,Dale,4.515
1,AL,1047,Dallas,4.75
1,AL,1049,DeKalb,5.369
1,AL,1051,Elmore,5.465
1,AL,1053,Escambia,5.337
1,AL,1055,Etowah,5.219
1,AL,1057,Fayette,4.525
1,AL,1059,Franklin,6.084
1,AL,1061,Geneva,5.358
1,AL,1063,Greene,4.509
1,AL,1065,Hale,4.563
1,AL,1067,Henry,5.262
1,AL,1069,Houston,5.294
1,AL,1071,Jackson,5.401
1,AL,1073,Jefferson,0
1,AL,1075,Lamar,4.99
1,AL,1077,Lauderdale,6.062
1,AL,1079,Lawrence,6.297
1,AL,1081,Lee,0
1,AL,1083,Limestone,6.66
1,AL,1085,Lowndes,0
1,AL,1087,Macon,6.457
1,AL,1089,Madison,6.351
1,AL,1091,Marengo,3.469
1,AL,1093,Marion,5.203
1,AL,1095,Marshall,5.038
1,AL,1097,Mobile,5.71
1,AL,1099,Monroe,5.283
1,AL,1101,Montgomery,5.71
1,AL,1103,Morgan,5.401
1,AL,1105,Perry,5.71
1,AL,1107,Pickens,0
1,AL,1109,Pike,4.899
1,AL,1111,Randolph,2.935
1,AL,1113,Russell,0
1,AL,1115,St. Clair,0
1,AL,1117,Shelby,5.337
1,AL,1119,Sumter,3.309
1,AL,1121,Talladega,5.561
1,AL,1123,Tallapoosa,4.216
1,AL,1125,Tuscaloosa,5.273
1,AL,1127,Walker,0
1,AL,1129,Washington,4.846
1,AL,1131,Wilcox,5.07
1,AL,1133,Winston,0
4,AZ,4001,Apache,0
4,AZ,4003,Cochise,9.887
4,AZ,4005,Coconino,0
4,AZ,4007,Gila,0
4,AZ,4009,Graham,10.273
4,AZ,4011,Greenlee,0
4,AZ,4012,La Paz,0
4,AZ,4013,Maricopa,10.128
4,AZ,4015,Mohave,0
4,AZ,4017,Navajo,0
4,AZ,4019,Pima,0
4,AZ,4021,Pinal,10.085
4,AZ,4023,Santa Cruz,0
4,AZ,4025,Yavapai,0
4,AZ,4027,Yuma,10.206
5,AR,5001,Arkansas,9.606
5,AR,5003,Ashley,7.805
5,AR,5005,Baxter,0
5,AR,5007,Benton,0
5,AR,5009,Boone,0
5,AR,5011,Bradley,0
5,AR,5013,Calhoun,0
5,AR,5015,Carroll,0
5,AR,5017,Chicot,7.727
5,AR,5019,Clark,0
5,AR,5021,Clay,8.731
5,AR,5023,Cleburne,0
5,AR,5025,Cleveland,0
5,AR,5027,Columbia,0
5,AR,5029,Conway,7.578
5,AR,5031,Craighead,8.314
5,AR,5033,Crawford,6.457
5,AR,5035,Crittenden,7.044
5,AR,5037,Cross,6.137
5,AR,5039,Dallas,0
5,AR,5041,Desha,9.136
5,AR,5043,Drew,8.307
5,AR,5045,Faulkner,6.964
5,AR,5047,Franklin,5.07
5,AR,5049,Fulton,0
5,AR,5051,Garland,0
5,AR,5053,Grant,0
5,AR,5055,Greene,7.759
5,AR,5057,Hempstead,0
5,AR,5059,Hot Spring,0
5,AR,5061,Howard,0
5,AR,5063,Independence,6.415
5,AR,5065,Izard,0
5,AR,5067,Jackson,7.749
5,AR,5069,Jefferson,8.987
5,AR,5071,Johnson,6.898
5,AR,5073,Lafayette,7.119
5,AR,5075,Lawrence,0
5,AR,5077,Lee,8.282
5,AR,5079,Lincoln,7.418
5,AR,5081,Little River,7.055
5,AR,5083,Logan,7.343
5,AR,5085,Lonoke,8.805
5,AR,5087,Madison,0
5,AR,5089,Marion,0
5,AR,5091,Miller,5.403
5,AR,5093,Mississippi,8.603
5,AR,5095,Monroe,7.717
5,AR,5097,Montgomery,0
5,AR,5099,Nevada,0
5,AR,5101,Newton,0
5,AR,5103,Ouachita,0
5,AR,5105,Perry,0
5,AR,5107,Phillips,7.791
5,AR,5109,Pike,0
5,AR,5111,Poinsett,8.218
5,AR,5113,Polk,0
5,AR,5115,Pope,7.916
5,AR,5117,Prairie,8.88
5,AR,5119,Pulaski,0
5,AR,5121,Randolph,8.528
5,AR,5123,St. Francis,8.24
5,AR,5125,Saline,0
5,AR,5127,Scott,0
5,AR,5129,Searcy,0
5,AR,5131,Sebastian,6.404
5,AR,5133,Sevier,0
5,AR,5135,Sharp,0
5,AR,5137,Stone,0
5,AR,5139,Union,0
5,AR,5141,Van Buren,0
5,AR,5143,Washington,0
5,AR,5145,White,7.071
5,AR,5147,Woodruff,7.567
5,AR,5149,Yell,6.628
6,CA,6001,Alameda,8.138
6,CA,6003,Alpine,0
6,CA,6005,Amador,0
6,CA,6007,Butte,9.584
6,CA,6009,Calaveras,0
6,CA,6011,Colusa,9.774
6,CA,6013,Contra Costa,7.944
6,CA,6015,Del Norte,0
6,CA,6017,El Dorado,0
6,CA,6019,Fresno,9.378
6,CA,6021,Glenn,10.58
6,CA,6023,Humboldt,4.684
6,CA,6025,Imperial,9.06
6,CA,6027,Inyo,0
6,CA,6029,Kern,7.421
6,CA,6031,Kings,9.623
6,CA,6033,Lake,0
6,CA,6035,Lassen,0
6,CA,6037,Los Angeles,0
6,CA,6039,Madera,8.605
6,CA,6041,Marin,0
6,CA,6043,Mariposa,0
6,CA,6045,Mendocino,0
6,CA,6047,Merced,8.755
6,CA,6049,Modoc,0
6,CA,6051,Mono,0
6,CA,6053,Monterey,0
6,CA,6055,Napa,0
6,CA,6057,Nevada,0
6,CA,6059,Orange,0
6,CA,6061,Placer,0
6,CA,6063,Plumas,0
6,CA,6065,Riverside,2.252
6,CA,6067,Sacramento,8.383
6,CA,6069,San Benito,0
6,CA,6071,San Bernardino,2.173
6,CA,6073,San Diego,0
6,CA,6075,San Francisco,0
6,CA,6077,San Joaquin,8.782
6,CA,6079,San Luis Obispo,0
6,CA,6081,San Mateo,0
6,CA,6083,Santa Barbara,4.357
6,CA,6085,Santa Clara,0
6,CA,6087,Santa Cruz,0
6,CA,6089,Shasta,0
6,CA,6091,Sierra,0
6,CA,6093,Siskiyou,0
6,CA,6095,Solano,9.717
6,CA,6097,Sonoma,0
6,CA,6099,Stanislaus,9.451
6,CA,6101,Sutter,10.038
6,CA,6103,Tehama,9.833
6,CA,6105,Trinity,0
6,CA,6107,Tulare,9.829
6,CA,6109,Tuolumne,0
6,CA,6111,Ventura,0
6,CA,6113,Yolo,9.944
6,CA,6115,Yuba,9.734
8,CO,8001,Adams,1.548
8,CO,8003,Alamosa,0
8,CO,8005,Arapahoe,2.295
8,CO,8007,Archuleta,0
8,CO,8009,Baca,1.574
8,CO,8011,Bent,6.858
8,CO,8013,Boulder,8.16
8,CO,8014,Broomfield,0
8,CO,8015,Chaffee,0
8,CO,8017,Cheyenne,1.649
8,CO,8019,Clear Creek,0
8,CO,8021,Conejos,0
8,CO,8023,Costilla,0
8,CO,8025,Crowley,5.337
8,CO,8027,Custer,0
8,CO,8029,Delta,9.078
8,CO,8031,Denver,0
8,CO,8033,Dolores,0
8,CO,8035,Douglas,0
8,CO,8037,Eagle,0
8,CO,8039,Elbert,1.694
8,CO,8041,El Paso,0
8,CO,8043,Fremont,0
8,CO,8045,Garfield,0
8,CO,8047,Gilpin,0
8,CO,8049,Grand,0
8,CO,8051,Gunnison,0
8,CO,8053,Hinsdale,0
8,CO,8055,Huerfano,2.668
8,CO,8057,Jackson,0
8,CO,8059,Jefferson,0
8,CO,8061,Kiowa,1.592
8,CO,8063,Kit Carson,1.75
8,CO,8065,Lake,0
8,CO,8067,La Plata,6.217
8,CO,8069,Larimer,7.813
8,CO,8071,Las Animas,6.671
8,CO,8073,Lincoln,2.188
8,CO,8075,Logan,2.786
8,CO,8077,Mesa,8.363
8,CO,8079,Mineral,0
8,CO,8081,Moffat,0
8,CO,8083,Montezuma,4.483
8,CO,8085,Montrose,8.939
8,CO,8087,Morgan,1.868
8,CO,8089,Otero,10.428
8,CO,8091,Ouray,0
8,CO,8093,Park,0
8,CO,8095,Phillips,2.796
8,CO,8097,Pitkin,0
8,CO,8099,Prowers,2.023
8,CO,8101,Pueblo,9.296
8,CO,8103,Rio Blanco,0
8,CO,8105,Rio Grande,0
8,CO,8107,Routt,0
8,CO,8109,Saguache,0
8,CO,8111,San Juan,0
8,CO,8113,San Miguel,0
8,CO,8115,Sedgwick,2.86
8,CO,8117,Summit,0
8,CO,8119,Teller,0
8,CO,8121,Washington,1.996
8,CO,8123,Weld,1.748
8,CO,8125,Yuma,2.268
9,CT,9001,Fairfield,0
9,CT,9003,Hartford,0
9,CT,9005,Litchfield,0
9,CT,9007,Middlesex,0
9,CT,9009,New Haven,0
9,CT,9011,New London,0
9,CT,9013,Tolland,0
9,CT,9015,Windham,0
10,DE,10001,Kent,0
10,DE,10003,New Castle,0
10,DE,10005,Sussex,0
11,DC,11001,District of Columbia,0
12,FL,12001,Alachua,3.801
12,FL,12003,Baker,0
12,FL,12005,Bay,0
12,FL,12007,Bradford,0
12,FL,12009,Brevard,0
12,FL,12011,Broward,0
12,FL,12013,Calhoun,4.643
12,FL,12015,Charlotte,0
12,FL,12017,Citrus,0
12,FL,12019,Clay,0
12,FL,12021,Collier,0
12,FL,12023,Columbia,3.079
12,FL,12027,DeSoto,0
12,FL,12029,Dixie,0
12,FL,12031,Duval,0
12,FL,12033,Escambia,4.694
12,FL,12035,Flagler,0
12,FL,12037,Franklin,0
12,FL,12039,Gadsden,4.414
12,FL,12041,Gilchrist,2.398
12,FL,12043,Glades,0
12,FL,12045,Gulf,0
12,FL,12047,Hamilton,5.882
12,FL,12049,Hardee,0
12,FL,12051,Hendry,0
12,FL,12053,Hernando,0
12,FL,12055,Highlands,0
12,FL,12057,Hillsborough,0
12,FL,12059,Holmes,4.357
12,FL,12061,Indian River,0
12,FL,12063,Jackson,5.24
12,FL,12065,Jefferson,5.131
12,FL,12067,Lafayette,4.387
12,FL,12069,Lake,0
12,FL,12071,Lee,0
12,FL,12073,Leon,0
12,FL,12075,Levy,3.522
12,FL,12077,Liberty,0
12,FL,12079,Madison,3.95
12,FL,12081,Manatee,0
12,FL,12083,Marion,0
12,FL,12085,Martin,0
12,FL,12086,Miami-Dade,0
12,FL,12087,Monroe,0
12,FL,12089,Nassau,0
12,FL,12091,Okaloosa,4.078
12,FL,12093,Okeechobee,0
12,FL,12095,Orange,0
12,FL,12097,Osceola,0
12,FL,12099,Palm Beach,0
12,FL,12101,Pasco,0
12,FL,12103,Pinellas,0
12,FL,12105,Polk,0
12,FL,12107,Putnam,3.181
12,FL,12109,St. Johns,4.277
12,FL,12111,St. Lucie,0
12,FL,12113,Santa Rosa,3.522
12,FL,12115,Sarasota,0
12,FL,12117,Seminole,0
12,FL,12119,Sumter,0
12,FL,12121,Suwannee,4.607
12,FL,12123,Taylor,0
12,FL,12125,Union,0
12,FL,12127,Volusia,0
12,FL,12129,Wakulla,0
12,FL,12131,Walton,3.973
12,FL,12133,Washington,5.268
13,GA,13001,Appling,4.408
13,GA,13003,Atkinson,5.87
13,GA,13005,Bacon,4.696
13,GA,13007,Baker,8.677
13,GA,13009,Baldwin,0
13,GA,13011,Banks,0
13,GA,13013,Barrow,0
13,GA,13015,Bartow,5.796
13,GA,13017,Ben Hill,6.799
13,GA,13019,Berrien,5.86
13,GA,13021,Bibb,0
13,GA,13023,Bleckley,7.111
13,GA,13025,Brantley,3.768
13,GA,13027,Brooks,5.635
13,GA,13029,Bryan,4.416
13,GA,13031,Bulloch,5.294
13,GA,13033,Burke,7.076
13,GA,13035,Butts,0
13,GA,13037,Calhoun,8.987
13,GA,13039,Camden,0
13,GA,13043,Candler,5.123
13,GA,13045,Carroll,0
13,GA,13047,Catoosa,4.429
13,GA,13049,Charlton,0
13,GA,13051,Chatham,0
13,GA,13053,Chattahoochee,0
13,GA,13055,Chattooga,4.525
13,GA,13057,Cherokee,0
13,GA,13059,Clarke,0
13,GA,13061,Clay,6.751
13,GA,13063,Clayton,0
13,GA,13065,Clinch,4.002
13,GA,13067,Cobb,0
13,GA,13069,Coffee,6.297
13,GA,13071,Colquitt,6.724
13,GA,13073,Columbia,0
13,GA,13075,Cook,5.39
13,GA,13077,Coweta,0
13,GA,13079,Crawford,0
13,GA,13081,Crisp,6.223
13,GA,13083,Dade,0
13,GA,13085,Dawson,0
13,GA,13087,Decatur,7.674
13,GA,13089,DeKalb,0
13,GA,13091,Dodge,5.635
13,GA,13093,Dooly,7.738
13,GA,13095,Dougherty,9.099
13,GA,13097,Douglas,0
13,GA,13099,Early,7.92
13,GA,13101,Echols,6.11
13,GA,13103,Effingham,3.97
13,GA,13105,Elbert,0
13,GA,13107,Emanuel,5.209
13,GA,13109,Evans,5.113
13,GA,13111,Fannin,0
13,GA,13113,Fayette,0
13,GA,13115,Floyd,6.284
13,GA,13117,Forsyth,0
13,GA,13119,Franklin,0
13,GA,13121,Fulton,0
13,GA,13123,Gilmer,0
13,GA,13125,Glascock,0
13,GA,13127,Glynn,0
13,GA,13129,Gordon,5.7
13,GA,13131,Grady,5.977
13,GA,13133,Greene,0
13,GA,13135,Gwinnett,0
13,GA,13137,Habersham,0
13,GA,13139,Hall,6.404
13,GA,13141,Hancock,0
13,GA,13143,Haralson,0
13,GA,13145,Harris,0
13,GA,13147,Hart,7.535
13,GA,13149,Heard,0
13,GA,13151,Henry,0
13,GA,13153,Houston,6.524
13,GA,13155,Irwin,6.457
13,GA,13157,Jackson,0
13,GA,13159,Jasper,0
13,GA,13161,Jeff Davis,6.404
13,GA,13163,Jefferson,8.112
13,GA,13165,Jenkins,6.217
13,GA,13167,Johnson,4.888
13,GA,13169,Jones,0
13,GA,13171,Lamar,6.404
13,GA,13173,Lanier,4.899
13,GA,13175,Laurens,4.878
13,GA,13177,Lee,7.618
13,GA,13179,Liberty,0
13,GA,13181,Lincoln,0
13,GA,13183,Long,3.842
13,GA,13185,Lowndes,4.803
13,GA,13187,Lumpkin,0
13,GA,13189,McDuffie,6.404
13,GA,13191,McIntosh,0
13,GA,13193,Macon,7.119
13,GA,13195,Madison,0
13,GA,13197,Marion,5.134
13,GA,13199,Meriwether,0
13,GA,13201,Miller,8.048
13,GA,13205,Mitchell,8.613
13,GA,13207,Monroe,0
13,GA,13209,Montgomery,6.052
13,GA,13211,Morgan,4.99
13,GA,13213,Murray,5.563
13,GA,13215,Muscogee,0
13,GA,13217,Newton,0
13,GA,13219,Oconee,0
13,GA,13221,Oglethorpe,0
13,GA,13223,Paulding,0
13,GA,13225,Peach,5.753
13,GA,13227,Pickens,0
13,GA,13229,Pierce,5.956
13,GA,13231,Pike,0
13,GA,13233,Polk,5.262
13,GA,13235,Pulaski,7.084
13,GA,13237,Putnam,0
13,GA,13239,Quitman,0
13,GA,13241,Rabun,0
13,GA,13243,Randolph,8.998
13,GA,13245,Richmond,0
13,GA,13247,Rockdale,0
13,GA,13249,Schley,5.11
13,GA,13251,Screven,5.742
13,GA,13253,Seminole,8.837
13,GA,13255,Spalding,0
13,GA,13257,Stephens,0
13,GA,13259,Stewart,5.43
13,GA,13261,Sumter,7.023
13,GA,13263,Talbot,0
13,GA,13265,Taliaferro,0
13,GA,13267,Tattnall,5.934
13,GA,13269,Taylor,5.083
13,GA,13271,Telfair,5.7
13,GA,13273,Terrell,8.165
13,GA,13275,Thomas,5.187
13,GA,13277,Tift,6.457
13,GA,13279,Toombs,6.329
13,GA,13281,Towns,0
13,GA,13283,Treutlen,4.856
13,GA,13285,Troup,0
13,GA,13287,Turner,7.461
13,GA,13289,Twiggs,6.884
13,GA,13291,Union,5.55
13,GA,13293,Upson,0
13,GA,13295,Walker,5.643
13,GA,13297,Walton,0
13,GA,13299,Ware,4.419
13,GA,13301,Warren,0
13,GA,13303,Washington,5.988
13,GA,13305,Wayne,4.163
13,GA,13307,Webster,5.358
13,GA,13309,Wheeler,6.551
13,GA,13311,White,5.956
13,GA,13313,Whitfield,0
13,GA,13315,Wilcox,7.226
13,GA,13317,Wilkes,0
13,GA,13319,Wilkinson,0
13,GA,13321,Worth,6.927
16,ID,16001,Ada,8.575
16,ID,16003,Adams,0
16,ID,16005,Bannock,0
16,ID,16007,Bear Lake,0
16,ID,16009,Benewah,0
16,ID,16011,Bingham,0
16,ID,16013,Blaine,0
16,ID,16015,Boise,0
16,ID,16017,Bonner,0
16,ID,16019,Bonneville,7.137
16,ID,16021,Boundary,0
16,ID,16023,Butte,0
16,ID,16025,Camas,0
16,ID,16027,Canyon,9.667
16,ID,16029,Caribou,0
16,ID,16031,Cassia,8.402
16,ID,16033,Clark,0
16,ID,16035,Clearwater,0
16,ID,16037,Custer,0
16,ID,16039,Elmore,9.446
16,ID,16041,Franklin,8.69
16,ID,16043,Fremont,0
16,ID,16045,Gem,8.799
16,ID,16047,Gooding,8.59
16,ID,16049,Idaho,0
16,ID,16051,Jefferson,2.313
16,ID,16053,Jerome,8.221
16,ID,16055,Kootenai,0
16,ID,16057,Latah,0
16,ID,16059,Lemhi,0
16,ID,16061,Lewis,0
16,ID,16063,Lincoln,7.997
16,ID,16065,Madison,0
16,ID,16067,Minidoka,8.26
16,ID,16069,Nez Perce,0
16,ID,16071,Oneida,10.14
16,ID,16073,Owyhee,9.374
16,ID,16075,Payette,9.447
16,ID,16077,Power,9.024
16,ID,16079,Shoshone,0
16,ID,16081,Teton,0
16,ID,16083,Twin Falls,8.226
16,ID,16085,Valley,0
16,ID,16087,Washington,8.789
17,IL,17001,Adams,9.533
17,IL,17003,Alexander,9.582
17,IL,17005,Bond,7.872
17,IL,17007,Boone,9.667
17,IL,17009,Brown,9.436
17,IL,17011,Bureau,10.552
17,IL,17013,Calhoun,9.4
17,IL,17015,Carroll,10.879
17,IL,17017,Cass,10.491
17,IL,17019,Champaign,10.892
17,IL,17021,Christian,11.231
17,IL,17023,Clark,9.679
17,IL,17025,Clay,7.872
17,IL,17027,Clinton,8.357
17,IL,17029,Coles,10.322
17,IL,17031,Cook,8.526
17,IL,17033,Crawford,8.83
17,IL,17035,Cumberland,9.485
17,IL,17037,DeKalb,10.601
17,IL,17039,De Witt,10.782
17,IL,17041,Douglas,10.479
17,IL,17043,DuPage,8.951
17,IL,17045,Edgar,10.479
17,IL,17047,Edwards,7.471
17,IL,17049,Effingham,8.963
17,IL,17051,Fayette,8.223
17,IL,17053,Ford,10.443
17,IL,17055,Franklin,6.962
17,IL,17057,Fulton,10.043
17,IL,17059,Gallatin,9.012
17,IL,17061,Greene,9.412
17,IL,17063,Grundy,9.994
17,IL,17065,Hamilton,7.653
17,IL,17067,Hancock,10.2
17,IL,17069,Hardin,6.537
17,IL,17071,Henderson,10.358
17,IL,17073,Henry,10.225
17,IL,17075,Iroquois,10.394
17,IL,17077,Jackson,8.393
17,IL,17079,Jasper,8.951
17,IL,17081,Jefferson,6.78
17,IL,17083,Jersey,9.339
17,IL,17085,Jo Daviess,10.297
17,IL,17087,Johnson,7.799
17,IL,17089,Kane,10.018
17,IL,17091,Kankakee,9.958
17,IL,17093,Kendall,10.067
17,IL,17095,Knox,10.431
17,IL,17097,Lake,7.58
17,IL,17099,LaSalle,10.285
17,IL,17101,Lawrence,8.526
17,IL,17103,Lee,10.297
17,IL,17105,Livingston,10.419
17,IL,17107,Logan,10.782
17,IL,17109,McDonough,10.964
17,IL,17111,McHenry,9.291
17,IL,17113,McLean,10.989
17,IL,17115,Macon,11.207
17,IL,17117,Macoupin,9.849
17,IL,17119,Madison,8.32
17,IL,17121,Marion,7.702
17,IL,17123,Marshall,10.443
17,IL,17125,Mason,9.824
17,IL,17127,Massac,8.211
17,IL,17129,Menard,10.698
17,IL,17131,Mercer,10.625
17,IL,17133,Monroe,8.284
17,IL,17135,Montgomery,9.727
17,IL,17137,Morgan,10.843
17,IL,17139,Moultrie,10.722
17,IL,17141,Ogle,10.297
17,IL,17143,Peoria,10.273
17,IL,17145,Perry,6.307
17,IL,17147,Piatt,11.146
17,IL,17149,Pike,9.752
17,IL,17151,Pope,7.605
17,IL,17153,Pulaski,8.915
17,IL,17155,Putnam,10.576
17,IL,17157,Randolph,7.229
17,IL,17159,Richland,7.483
17,IL,17161,Rock Island,10.346
17,IL,17163,St. Clair,8.442
17,IL,17165,Saline,8.296
17,IL,17167,Sangamon,11.255
17,IL,17169,Schuyler,9.836
17,IL,17171,Scott,10.212
17,IL,17173,Shelby,9.849
17,IL,17175,Stark,10.431
17,IL,17177,Stephenson,10.261
17,IL,17179,Tazewell,10.722
17,IL,17181,Union,8.721
17,IL,17183,Vermilion,10.309
17,IL,17185,Wabash,8.345
17,IL,17187,Warren,10.977
17,IL,17189,Washington,7.532
17,IL,17191,Wayne,7.932
17,IL,17193,White,8.442
17,IL,17195,Whiteside,10.091
17,IL,17197,Will,9.485
17,IL,17199,Williamson,7.677
17,IL,17201,Winnebago,9.473
17,IL,17203,Woodford,10.843
18,IN,18001,Adams,8.812
18,IN,18003,Allen,9.557
18,IN,18005,Bartholomew,9.027
18,IN,18007,Benton,10.171
18,IN,18009,Blackford,8.966
18,IN,18011,Boone,9.772
18,IN,18013,Brown,0
18,IN,18015,Carroll,10.752
18,IN,18017,Cass,9.942
18,IN,18019,Clark,8.062
18,IN,18021,Clay,9.795
18,IN,18023,Clinton,10.368
18,IN,18025,Crawford,0
18,IN,18027,Daviess,9.661
18,IN,18029,Dearborn,8.346
18,IN,18031,Decatur,9.668
18,IN,18033,DeKalb,8.959
18,IN,18035,Delaware,9.235
18,IN,18037,Dubois,8.872
18,IN,18039,Elkhart,9.206
18,IN,18041,Fayette,9.303
18,IN,18043,Floyd,0
18,IN,18045,Fountain,10.058
18,IN,18047,Franklin,8.864
18,IN,18049,Fulton,9.306
18,IN,18051,Gibson,9.748
18,IN,18053,Grant,9.471
18,IN,18055,Greene,9.11
18,IN,18057,Hamilton,9.329
18,IN,18059,Hancock,9.311
18,IN,18061,Harrison,7.93
18,IN,18063,Hendricks,9.596
18,IN,18065,Henry,9.412
18,IN,18067,Howard,10.203
18,IN,18069,Huntington,9.365
18,IN,18071,Jackson,8.102
18,IN,18073,Jasper,9.545
18,IN,18075,Jay,8.585
18,IN,18077,Jefferson,8.01
18,IN,18079,Jennings,8.507
18,IN,18081,Johnson,9.218
18,IN,18083,Knox,9.846
18,IN,18085,Kosciusko,9.545
18,IN,18087,LaGrange,7.954
18,IN,18089,Lake,9.189
18,IN,18091,LaPorte,9.209
18,IN,18093,Lawrence,8.477
18,IN,18095,Madison,9.611
18,IN,18097,Marion,8.95
18,IN,18099,Marshall,9.315
18,IN,18101,Martin,9.32
18,IN,18103,Miami,9.662
18,IN,18105,Monroe,8.584
18,IN,18107,Montgomery,10.062
18,IN,18109,Morgan,9.297
18,IN,18111,Newton,10.039
18,IN,18113,Noble,9.066
18,IN,18115,Ohio,0
18,IN,18117,Orange,9.122
18,IN,18119,Owen,8.862
18,IN,18121,Parke,9.63
18,IN,18123,Perry,8.486
18,IN,18125,Pike,8.827
18,IN,18127,Porter,9.346
18,IN,18129,Posey,9.623
18,IN,18131,Pulaski,9.129
18,IN,18133,Putnam,9.753
18,IN,18135,Randolph,8.879
18,IN,18137,Ripley,8.466
18,IN,18139,Rush,9.479
18,IN,18141,St. Joseph,9.114
18,IN,18143,Scott,8.331
18,IN,18145,Shelby,9.106
18,IN,18147,Spencer,8.408
18,IN,18149,Starke,8.654
18,IN,18151,Steuben,8.683
18,IN,18153,Sullivan,9.874
18,IN,18155,Switzerland,0
18,IN,18157,Tippecanoe,9.947
18,IN,18159,Tipton,10.312
18,IN,18161,Union,9.998
18,IN,18163,Vanderburgh,9.213
18,IN,18165,Vermillion,10.174
18,IN,18167,Vigo,9.607
18,IN,18169,Wabash,9.645
18,IN,18171,Warren,9.965
18,IN,18173,Warrick,8.289
18,IN,18175,Washington,8.423
18,IN,18177,Wayne,8.869
18,IN,18179,Wells,9.014
18,IN,18181,White,10.016
18,IN,18183,Whitley,9.709
19,IA,19001,Adair,9.679
19,IA,19003,Adams,9.065
19,IA,19005,Allamakee,9.906
19,IA,19007,Appanoose,9.185
19,IA,19009,Audubon,9.99
19,IA,19011,Benton,10.448
19,IA,19013,Black Hawk,10.58
19,IA,19015,Boone,11.036
19,IA,19017,Bremer,10.852
19,IA,19019,Buchanan,10.38
19,IA,19021,Buena Vista,10.238
19,IA,19023,Butler,10.751
19,IA,19025,Calhoun,10.581
19,IA,19027,Carroll,10.48
19,IA,19029,Cass,9.97
19,IA,19031,Cedar,10.662
19,IA,19033,Cerro Gordo,10.382
19,IA,19035,Cherokee,10.294
19,IA,19037,Chickasaw,10.336
19,IA,19039,Clarke,8.683
19,IA,19041,Clay,10.307
19,IA,19043,Clayton,10.487
19,IA,19045,Clinton,9.936
19,IA,19047,Crawford,9.836
19,IA,19049,Dallas,10.318
19,IA,19051,Davis,8.974
19,IA,19053,Decatur,9.475
19,IA,19055,Delaware,10.587
19,IA,19057,Des Moines,10.388
19,IA,19059,Dickinson,10.244
19,IA,19061,Dubuque,10.767
19,IA,19063,Emmet,10.576
19,IA,19065,Fayette,10.37
19,IA,19067,Floyd,10.307
19,IA,19069,Franklin,10.898
19,IA,19071,Fremont,9.456
19,IA,19073,Greene,10.816
19,IA,19075,Grundy,10.987
19,IA,19077,Guthrie,9.557
19,IA,19079,Hamilton,10.946
19,IA,19081,Hancock,10.702
19,IA,19083,Hardin,11.072
19,IA,19085,Harrison,9.542
19,IA,19087,Henry,10.252
19,IA,19089,Howard,10.08
19,IA,19091,Humboldt,10.993
19,IA,19093,Ida,9.98
19,IA,19095,Iowa,10.408
19,IA,19097,Jackson,9.52
19,IA,19099,Jasper,11.025
19,IA,19101,Jefferson,9.633
19,IA,19103,Johnson,9.859
19,IA,19105,Jones,10.155
19,IA,19107,Keokuk,9.967
19,IA,19109,Kossuth,10.824
19,IA,19111,Lee,9.474
19,IA,19113,Linn,10.186
19,IA,19115,Louisa,9.909
19,IA,19117,Lucas,8.592
19,IA,19119,Lyon,10.394
19,IA,19121,Madison,9.536
19,IA,19123,Mahaska,10.446
19,IA,19125,Marion,9.702
19,IA,19127,Marshall,11.241
19,IA,19129,Mills,9.545
19,IA,19131,Mitchell,10.466
19,IA,19133,Monona,8.822
19,IA,19135,Monroe,9.139
19,IA,19137,Montgomery,9.459
19,IA,19139,Muscatine,10.07
19,IA,19141,O'Brien,10.552
19,IA,19143,Osceola,10.5
19,IA,19145,Page,9.253
19,IA,19147,Palo Alto,10.537
19,IA,19149,Plymouth,9.752
19,IA,19151,Pocahontas,10.679
19,IA,19153,Polk,10.59
19,IA,19155,Pottawattamie,9.967
19,IA,19157,Poweshiek,10.921
19,IA,19159,Ringgold,8.422
19,IA,19161,Sac,10.109
19,IA,19163,Scott,10.605
19,IA,19165,Shelby,9.966
19,IA,19167,Sioux,10.46
19,IA,19169,Story,10.977
19,IA,19171,Tama,10.571
19,IA,19173,Taylor,8.625
19,IA,19175,Union,8.878
19,IA,19177,Van Buren,9.277
19,IA,19179,Wapello,9.456
19,IA,19181,Warren,9.494
19,IA,19183,Washington,10.369
19,IA,19185,Wayne,8.968
19,IA,19187,Webster,11.071
19,IA,19189,Winnebago,10.801
19,IA,19191,Winneshiek,10.296
19,IA,19193,Woodbury,9.396
19,IA,19195,Worth,10.465
19,IA,19197,Wright,10.904
20,KS,20001,Allen,3.949
20,KS,20003,Anderson,5.102
20,KS,20005,Atchison,5.924
20,KS,20007,Barber,2.188
20,KS,20009,Barton,3.65
20,KS,20011,Bourbon,5.251
20,KS,20013,Brown,6.671
20,KS,20015,Butler,4.867
20,KS,20017,Chase,4.899
20,KS,20019,Chautauqua,4.976
20,KS,20021,Cherokee,6.148
20,KS,20023,Cheyenne,2.391
20,KS,20025,Clark,8.944
20,KS,20027,Clay,4.792
20,KS,20029,Cloud,4.387
20,KS,20031,Coffey,5.273
20,KS,20033,Comanche,8.948
20,KS,20035,Cowley,5.728
20,KS,20037,Crawford,4.984
20,KS,20039,Decatur,2.989
20,KS,20041,Dickinson,4.152
20,KS,20043,Doniphan,7.631
20,KS,20045,Douglas,5.678
20,KS,20047,Edwards,3.469
20,KS,20049,Elk,5.497
20,KS,20051,Ellis,4.625
20,KS,20053,Ellsworth,3.807
20,KS,20055,Finney,2.9
20,KS,20057,Ford,4.696
20,KS,20059,Franklin,4.942
20,KS,20061,Geary,5.283
20,KS,20063,Gove,2.604
20,KS,20065,Graham,2.337
20,KS,20067,Grant,2.17
20,KS,20069,Gray,2.544
20,KS,20071,Greeley,2.241
20,KS,20073,Greenwood,5.39
20,KS,20075,Hamilton,2.081
20,KS,20077,Harper,2.135
20,KS,20079,Harvey,4.451
20,KS,20081,Haskell,2.544
20,KS,20083,Hodgeman,4.083
20,KS,20085,Jackson,5.635
20,KS,20087,Jefferson,6.422
20,KS,20089,Jewell,4.91
20,KS,20091,Johnson,5.668
20,KS,20093,Kearny,3.122
20,KS,20095,Kingman,3.647
20,KS,20097,Kiowa,2.255
20,KS,20099,Labette,5.347
20,KS,20101,Lane,2.526
20,KS,20103,Leavenworth,5.806
20,KS,20105,Lincoln,4.686
20,KS,20107,Linn,4.707
20,KS,20109,Logan,2.882
20,KS,20111,Lyon,4.792
20,KS,20113,McPherson,4.472
20,KS,20115,Marion,4.616
20,KS,20117,Marshall,6.03
20,KS,20119,Meade,2.704
20,KS,20121,Miami,5.71
20,KS,20123,Mitchell,4.216
20,KS,20125,Montgomery,5.08
20,KS,20127,Morris,4.397
20,KS,20129,Morton,1.512
20,KS,20131,Nemaha,5.518
20,KS,20133,Neosho,5.347
20,KS,20135,Ness,3.202
20,KS,20137,Norton,2.892
20,KS,20139,Osage,4.824
20,KS,20141,Osborne,3.97
20,KS,20143,Ottawa,5.924
20,KS,20145,Pawnee,3.335
20,KS,20147,Phillips,2.978
20,KS,20149,Pottawatomie,5.934
20,KS,20151,Pratt,3.776
20,KS,20153,Rawlins,2.764
20,KS,20155,Reno,3.778
20,KS,20157,Republic,4.856
20,KS,20159,Rice,4.045
20,KS,20161,Riley,5.426
20,KS,20163,Rooks,4.301
20,KS,20165,Rush,3.255
20,KS,20167,Russell,5.977
20,KS,20169,Saline,3.024
20,KS,20171,Scott,3.074
20,KS,20173,Sedgwick,4.504
20,KS,20175,Seward,2.188
20,KS,20177,Shawnee,5.433
20,KS,20179,Sheridan,2.583
20,KS,20181,Sherman,1.75
20,KS,20183,Smith,3.949
20,KS,20185,Stafford,3.373
20,KS,20187,Stanton,2.748
20,KS,20189,Stevens,2.989
20,KS,20191,Sumner,4.344
20,KS,20193,Thomas,2.572
20,KS,20195,Trego,2.108
20,KS,20197,Wabaunsee,5.532
20,KS,20199,Wallace,2.903
20,KS,20201,Washington,4.28
20,KS,20203,Wichita,3.335
20,KS,20205,Wilson,4.376
20,KS,20207,Woodson,4.931
20,KS,20209,Wyandotte,5.479
21,KY,21001,Adair,5.582
21,KY,21003,Allen,6.212
21,KY,21005,Anderson,0
21,KY,21007,Ballard,7.877
21,KY,21009,Barren,7.461
21,KY,21011,Bath,6.703
21,KY,21013,Bell,0
21,KY,21015,Boone,6.681
21,KY,21017,Bourbon,5.742
21,KY,21019,Boyd,0
21,KY,21021,Boyle,6.468
21,KY,21023,Bracken,6.217
21,KY,21025,Breathitt,0
21,KY,21027,Breckinridge,6.34
21,KY,21029,Bullitt,5.379
21,KY,21031,Butler,7.92
21,KY,21033,Caldwell,7.204
21,KY,21035,Calloway,6.383
21,KY,21037,Campbell,4.483
21,KY,21039,Carlisle,8.09
21,KY,21041,Carroll,6.874
21,KY,21043,Carter,5.217
21,KY,21045,Casey,6.735
21,KY,21047,Christian,7.514
21,KY,21049,Clark,5.998
21,KY,21051,Clay,0
21,KY,21053,Clinton,7.226
21,KY,21055,Crittenden,6.97
21,KY,21057,Cumberland,7.098
21,KY,21059,Daviess,7.866
21,KY,21061,Edmonson,5.721
21,KY,21063,Elliott,0
21,KY,21065,Estill,5.39
21,KY,21067,Fayette,6.372
21,KY,21069,Fleming,6.361
21,KY,21071,Floyd,0
21,KY,21073,Franklin,5.966
21,KY,21075,Fulton,8.112
21,KY,21077,Gallatin,7.717
21,KY,21079,Garrard,6.431
21,KY,21081,Grant,0
21,KY,21083,Graves,7.493
21,KY,21085,Grayson,6.191
21,KY,21087,Green,6.372
21,KY,21089,Greenup,5.617
21,KY,21091,Hancock,6.895
21,KY,21093,Hardin,7.162
21,KY,21095,Harlan,0
21,KY,21097,Harrison,5.796
21,KY,21099,Hart,5.945
21,KY,21101,Henderson,7.631
21,KY,21103,Henry,5.689
21,KY,21105,Hickman,8.069
21,KY,21107,Hopkins,7.343
21,KY,21109,Jackson,0
21,KY,21111,Jefferson,6.105
21,KY,21113,Jessamine,5.753
21,KY,21115,Johnson,0
21,KY,21117,Kenton,0
21,KY,21119,Knott,0
21,KY,21121,Knox,5.774
21,KY,21123,Larue,7.215
21,KY,21125,Laurel,5.443
21,KY,21127,Lawrence,0
21,KY,21129,Lee,0
21,KY,21131,Leslie,0
21,KY,21133,Letcher,0
21,KY,21135,Lewis,5.71
21,KY,21137,Lincoln,6.735
21,KY,21139,Livingston,6.874
21,KY,21141,Logan,7.557
21,KY,21143,Lyon,6.874
21,KY,21145,McCracken,7.322
21,KY,21147,McCreary,0
21,KY,21149,McLean,8.09
21,KY,21151,Madison,6.02
21,KY,21153,Magoffin,0
21,KY,21155,Marion,6.703
21,KY,21157,Marshall,6.073
21,KY,21159,Martin,0
21,KY,21161,Mason,6.062
21,KY,21163,Meade,6.927
21,KY,21165,Menifee,6.404
21,KY,21167,Mercer,5.07
21,KY,21169,Metcalfe,5.892
21,KY,21171,Monroe,6.489
21,KY,21173,Montgomery,5.251
21,KY,21175,Morgan,0
21,KY,21177,Muhlenberg,6.746
21,KY,21179,Nelson,6.617
21,KY,21181,Nicholas,4.974
21,KY,21183,Ohio,7.695
21,KY,21185,Oldham,7.301
21,KY,21187,Owen,5.363
21,KY,21189,Owsley,0
21,KY,21191,Pendleton,5.7
21,KY,21193,Perry,0
21,KY,21195,Pike,0
21,KY,21197,Powell,0
21,KY,21199,Pulaski,6.895
21,KY,21201,Robertson,0
21,KY,21203,Rockcastle,6.052
21,KY,21205,Rowan,6.265
21,KY,21207,Russell,6.329
21,KY,21209,Scott,5.55
21,KY,21211,Shelby,6.297
21,KY,21213,Simpson,7.322
21,KY,21215,Spencer,5.625
21,KY,21217,Taylor,7.204
21,KY,21219,Todd,7.727
21,KY,21221,Trigg,7.343
21,KY,21223,Trimble,5.828
21,KY,21225,Union,8.154
21,KY,21227,Warren,8.026
21,KY,21229,Washington,6.383
21,KY,21231,Wayne,7.856
21,KY,21233,Webster,7.653
21,KY,21235,Whitley,5.83
21,KY,21237,Wolfe,5.603
21,KY,21239,Woodford,6.233
22,LA,22001,Acadia,0
22,LA,22003,Allen,0
22,LA,22005,Ascension,0
22,LA,22007,Assumption,0
22,LA,22009,Avoyelles,7.448
22,LA,22011,Beauregard,4.771
22,LA,22013,Bienville,0
22,LA,22015,Bossier,5.97
22,LA,22017,Caddo,6.866
22,LA,22019,Calcasieu,0
22,LA,22021,Caldwell,8.28
22,LA,22023,Cameron,0
22,LA,22025,Catahoula,6.516
22,LA,22027,Claiborne,0
22,LA,22029,Concordia,6.781
22,LA,22031,De Soto,0
22,LA,22033,East Baton Rouge,0
22,LA,22035,East Carroll,8.38
22,LA,22037,East Feliciana,5.1
22,LA,22039,Evangeline,8.672
22,LA,22041,Franklin,8.545
22,LA,22043,Grant,7.239
22,LA,22045,Iberia,0
22,LA,22047,Iberville,0
22,LA,22049,Jackson,0
22,LA,22051,Jefferson,0
22,LA,22053,Jefferson Davis,0
22,LA,22055,Lafayette,0
22,LA,22057,Lafourche,0
22,LA,22059,La Salle,0
22,LA,22061,Lincoln,0
22,LA,22063,Livingston,0
22,LA,22065,Madison,7.154
22,LA,22067,Morehouse,8.271
22,LA,22069,Natchitoches,7.388
22,LA,22071,Orleans,0
22,LA,22073,Ouachita,6.946
22,LA,22075,Plaquemines,0
22,LA,22077,Pointe Coupee,8.154
22,LA,22079,Rapides,7.608
22,LA,22081,Red River,6.801
22,LA,22083,Richland,7.618
22,LA,22085,Sabine,0
22,LA,22087,St. Bernard,0
22,LA,22089,St. Charles,0
22,LA,22091,St. Helena,0
22,LA,22093,St. James,0
22,LA,22095,St. John the Baptist,0
22,LA,22097,St. Landry,7.222
22,LA,22099,St. Martin,0
22,LA,22101,St. Mary,0
22,LA,22103,St. Tammany,0
22,LA,22105,Tangipahoa,5.953
22,LA,22107,Tensas,7.347
22,LA,22109,Terrebonne,0
22,LA,22111,Union,0
22,LA,22113,Vermilion,0
22,LA,22115,Vernon,0
22,LA,22117,Washington,5.595
22,LA,22119,Webster,0
22,LA,22121,West Baton Rouge,0
22,LA,22123,West Carroll,7.836
22,LA,22125,West Feliciana,0
22,LA,22127,Winn,0
23,ME,23001,Androscoggin,0
23,ME,23003,Aroostook,0
23,ME,23005,Cumberland,0
23,ME,23007,Franklin,0
23,ME,23009,Hancock,0
23,ME,23011,Kennebec,0
23,ME,23013,Knox,0
23,ME,23015,Lincoln,0
23,ME,23017,Oxford,0
23,ME,23019,Penobscot,0
23,ME,23021,Piscataquis,0
23,ME,23023,Sagadahoc,0
23,ME,23025,Somerset,0
23,ME,23027,Waldo,0
23,ME,23029,Washington,0
23,ME,23031,York,0
24,MD,24001,Allegany,5.657
24,MD,24003,Anne Arundel,6.469
24,MD,24005,Baltimore,7.244
24,MD,24009,Calvert,5.767
24,MD,24011,Caroline,6.889
24,MD,24013,Carroll,6.583
24,MD,24015,Cecil,7.508
24,MD,24017,Charles,5.616
24,MD,24019,Dorchester,7.886
24,MD,24021,Frederick,6.311
24,MD,24023,Garrett,6.259
24,MD,24025,Harford,7.266
24,MD,24027,Howard,6.64
24,MD,24029,Kent,7.303
24,MD,24031,Montgomery,6.252
24,MD,24033,Prince George's,5.725
24,MD,24035,Queen Anne's,7.656
24,MD,24037,St. Mary's,5.454
24,MD,24039,Somerset,7.451
24,MD,24041,Talbot,6.749
24,MD,24043,Washington,6.133
24,MD,24045,Wicomico,6.688
24,MD,24047,Worcester,6.913
24,MD,24510,Baltimore,0
25,MA,25001,Barnstable,0
25,MA,25003,Berkshire,0
25,MA,25005,Bristol,0
25,MA,25007,Dukes,0
25,MA,25009,Essex,0
25,MA,25011,Franklin,0
25,MA,25013,Hampden,0
25,MA,25015,Hampshire,0
25,MA,25017,Middlesex,0
25,MA,25019,Nantucket,0
25,MA,25021,Norfolk,0
25,MA,25023,Plymouth,0
25,MA,25025,Suffolk,0
25,MA,25027,Worcester,0
26,MI,26001,Alcona,6.913
26,MI,26003,Alger,0
26,MI,26005,Allegan,8.163
26,MI,26007,Alpena,6.465
26,MI,26009,Antrim,6.137
26,MI,26011,Arenac,7.653
26,MI,26013,Baraga,0
26,MI,26015,Barry,8.199
26,MI,26017,Bay,8.138
26,MI,26019,Benzie,5.616
26,MI,26021,Berrien,8.235
26,MI,26023,Branch,8.211
26,MI,26025,Calhoun,7.884
26,MI,26027,Cass,8.235
26,MI,26029,Charlevoix,6.052
26,MI,26031,Cheboygan,0
26,MI,26033,Chippewa,0
26,MI,26035,Clare,6.534
26,MI,26037,Clinton,8.248
26,MI,26039,Crawford,0
26,MI,26041,Delta,5.215
26,MI,26043,Dickinson,0
26,MI,26045,Eaton,8.611
26,MI,26047,Emmet,5.531
26,MI,26049,Genesee,7.289
26,MI,26051,Gladwin,7.944
26,MI,26053,Gogebic,0
26,MI,26055,Grand Traverse,5.24
26,MI,26057,Gratiot,7.993
26,MI,26059,Hillsdale,8.284
26,MI,26061,Houghton,0
26,MI,26063,Huron,8.939
26,MI,26065,Ingham,8.672
26,MI,26067,Ionia,8.563
26,MI,26069,Iosco,7.301
26,MI,26071,Iron,0
26,MI,26073,Isabella,7.859
26,MI,26075,Jackson,7.617
26,MI,26077,Kalamazoo,8.005
26,MI,26079,Kalkaska,0
26,MI,26081,Kent,7.823
26,MI,26083,Keweenaw,0
26,MI,26085,Lake,0
26,MI,26087,Lapeer,7.872
26,MI,26089,Leelanau,4.67
26,MI,26091,Lenawee,9.363
26,MI,26093,Livingston,7.617
26,MI,26095,Luce,0
26,MI,26097,Mackinac,0
26,MI,26099,Macomb,7.993
26,MI,26101,Manistee,5.195
26,MI,26103,Marquette,0
26,MI,26105,Mason,7.217
26,MI,26107,Mecosta,6.974
26,MI,26109,Menominee,6.04
26,MI,26111,Midland,8.296
26,MI,26113,Missaukee,7.241
26,MI,26115,Monroe,9.667
26,MI,26117,Montcalm,7.326
26,MI,26119,Montmorency,6.55
26,MI,26121,Muskegon,5.928
26,MI,26123,Newaygo,6.392
26,MI,26125,Oakland,6.064
26,MI,26127,Oceana,6.125
26,MI,26129,Ogemaw,7.289
26,MI,26131,Ontonagon,0
26,MI,26133,Osceola,7.107
26,MI,26135,Oscoda,0
26,MI,26137,Otsego,5.109
26,MI,26139,Ottawa,7.75
26,MI,26141,Presque Isle,6.283
26,MI,26143,Roscommon,0
26,MI,26145,Saginaw,8.345
26,MI,26147,St. Clair,7.714
26,MI,26149,St. Joseph,8.539
26,MI,26151,Sanilac,8.745
26,MI,26153,Schoolcraft,0
26,MI,26155,Shiawassee,8.09
26,MI,26157,Tuscola,8.611
26,MI,26159,Van Buren,7.653
26,MI,26161,Washtenaw,8.223
26,MI,26163,Wayne,8.793
26,MI,26165,Wexford,6.504
27,MN,27001,Aitkin,4.851
27,MN,27003,Anoka,5.628
27,MN,27005,Becker,6.55
27,MN,27007,Beltrami,4.124
27,MN,27009,Benton,6.78
27,MN,27011,Big Stone,8.708
27,MN,27013,Blue Earth,10.431
27,MN,27015,Brown,10.225
27,MN,27017,Carlton,4.851
27,MN,27019,Carver,9.545
27,MN,27021,Cass,7.035
27,MN,27023,Chippewa,9.679
27,MN,27025,Chisago,6.647
27,MN,27027,Clay,7.483
27,MN,27029,Clearwater,5.625
27,MN,27031,Cook,0
27,MN,27033,Cottonwood,10.212
27,MN,27035,Crow Wing,4.706
27,MN,27037,Dakota,9.703
27,MN,27039,Dodge,10.601
27,MN,27041,Douglas,7.75
27,MN,27043,Faribault,10.892
27,MN,27045,Fillmore,10.394
27,MN,27047,Freeborn,10.613
27,MN,27049,Goodhue,10.334
27,MN,27051,Grant,8.805
27,MN,27053,Hennepin,8.053
27,MN,27055,Houston,10.043
27,MN,27057,Hubbard,7.601
27,MN,27059,Isanti,6.101
27,MN,27061,Itasca,0
27,MN,27063,Jackson,10.2
27,MN,27065,Kanabec,4.791
27,MN,27067,Kandiyohi,9.485
27,MN,27069,Kittson,6.448
27,MN,27071,Koochiching,0
27,MN,27073,Lac qui Parle,8.902
27,MN,27075,Lake,0
27,MN,27077,Lake of the Woods,0
27,MN,27079,Le Sueur,9.752
27,MN,27081,Lincoln,9.266
27,MN,27083,Lyon,9.642
27,MN,27085,McLeod,9.775
27,MN,27087,Mahnomen,6.683
27,MN,27089,Marshall,6.231
27,MN,27091,Martin,10.892
27,MN,27093,Meeker,8.683
27,MN,27095,Mille Lacs,5.846
27,MN,27097,Morrison,5.555
27,MN,27099,Mower,10.127
27,MN,27101,Murray,9.739
27,MN,27103,Nicollet,10.237
27,MN,27105,Nobles,9.885
27,MN,27107,Norman,7.192
27,MN,27109,Olmsted,10.406
27,MN,27111,Otter Tail,7.617
27,MN,27113,Pennington,5.822
27,MN,27115,Pine,6.113
27,MN,27117,Pipestone,9.109
27,MN,27119,Polk,6.355
27,MN,27121,Pope,8.405
27,MN,27123,Ramsey,0
27,MN,27125,Red Lake,5.858
27,MN,27127,Redwood,10.176
27,MN,27129,Renville,9.995
27,MN,27131,Rice,9.921
27,MN,27133,Rock,9.946
27,MN,27135,Roseau,6.307
27,MN,27137,St. Louis,0
27,MN,27139,Scott,9.181
27,MN,27141,Sherburne,8.357
27,MN,27143,Sibley,10.188
27,MN,27145,Stearns,7.532
27,MN,27147,Steele,10.419
27,MN,27149,Stevens,9.401
27,MN,27151,Swift,9.254
27,MN,27153,Todd,6.21
27,MN,27155,Traverse,8.636
27,MN,27157,Wabasha,10.431
27,MN,27159,Wadena,6.78
27,MN,27161,Waseca,10.576
27,MN,27163,Washington,8.211
27,MN,27165,Watonwan,10.746
27,MN,27167,Wilkin,7.653
27,MN,27169,Winona,10.297
27,MN,27171,Wright,7.896
27,MN,27173,Yellow Medicine,9.338
28,MS,28001,Adams,0
28,MS,28003,Alcorn,5.652
28,MS,28005,Amite,0
28,MS,28007,Attala,5.47
28,MS,28009,Benton,5.392
28,MS,28011,Bolivar,8.326
28,MS,28013,Calhoun,5.378
28,MS,28015,Carroll,6.821
28,MS,28017,Chickasaw,5.264
28,MS,28019,Choctaw,0
28,MS,28021,Claiborne,6.88
28,MS,28023,Clarke,0
28,MS,28025,Clay,4.918
28,MS,28027,Coahoma,7.605
28,MS,28029,Copiah,0
28,MS,28031,Covington,5.897
28,MS,28033,DeSoto,6.778
28,MS,28035,Forrest,0
28,MS,28037,Franklin,0
28,MS,28039,George,4.209
28,MS,28041,Greene,0
28,MS,28043,Grenada,7.957
28,MS,28045,Hancock,0
28,MS,28047,Harrison,0
28,MS,28049,Hinds,5.862
28,MS,28051,Holmes,7.302
28,MS,28053,Humphreys,7.676
28,MS,28055,Issaquena,7.884
28,MS,28057,Itawamba,5.077
28,MS,28059,Jackson,0
28,MS,28061,Jasper,0
28,MS,28063,Jefferson,7.445
28,MS,28065,Jefferson Davis,0
28,MS,28067,Jones,0
28,MS,28069,Kemper,0
28,MS,28071,Lafayette,5.902
28,MS,28073,Lamar,0
28,MS,28075,Lauderdale,0
28,MS,28077,Lawrence,4.981
28,MS,28079,Leake,0
28,MS,28081,Lee,4.907
28,MS,28083,Leflore,8.359
28,MS,28085,Lincoln,0
28,MS,28087,Lowndes,4.962
28,MS,28089,Madison,6.115
28,MS,28091,Marion,0
28,MS,28093,Marshall,5.813
28,MS,28095,Monroe,4.919
28,MS,28097,Montgomery,6.346
28,MS,28099,Neshoba,0
28,MS,28101,Newton,5.23
28,MS,28103,Noxubee,5.988
28,MS,28105,Oktibbeha,0
28,MS,28107,Panola,6.24
28,MS,28109,Pearl River,0
28,MS,28111,Perry,0
28,MS,28113,Pike,0
28,MS,28115,Pontotoc,6.209
28,MS,28117,Prentiss,4.435
28,MS,28119,Quitman,7.277
28,MS,28121,Rankin,6.387
28,MS,28123,Scott,5.032
28,MS,28125,Sharkey,7.899
28,MS,28127,Simpson,6.245
28,MS,28129,Smith,0
28,MS,28131,Stone,0
28,MS,28133,Sunflower,7.36
28,MS,28135,Tallahatchie,7.987
28,MS,28137,Tate,6.259
28,MS,28139,Tippah,5.058
28,MS,28141,Tishomingo,4.387
28,MS,28143,Tunica,7.274
28,MS,28145,Union,5.663
28,MS,28147,Walthall,0
28,MS,28149,Warren,7.07
28,MS,28151,Washington,8.321
28,MS,28153,Wayne,0
28,MS,28155,Webster,6.174
28,MS,28157,Wilkinson,0
28,MS,28159,Winston,0
28,MS,28161,Yalobusha,6.142
28,MS,28163,Yazoo,7.384
29,MO,29001,Adair,7.914
29,MO,29003,Andrew,8.142
29,MO,29005,Atchison,8.913
29,MO,29007,Audrain,6.778
29,MO,29009,Barry,6.64
29,MO,29011,Barton,7.458
29,MO,29013,Bates,6.959
29,MO,29015,Benton,5.633
29,MO,29017,Bollinger,7.721
29,MO,29019,Boone,7.18
29,MO,29021,Buchanan,8.221
29,MO,29023,Butler,8.751
29,MO,29025,Caldwell,6.06
29,MO,29027,Callaway,6.894
29,MO,29029,Camden,0
29,MO,29031,Cape Girardeau,8.673
29,MO,29033,Carroll,8.716
29,MO,29035,Carter,0
29,MO,29037,Cass,6.893
29,MO,29039,Cedar,6.626
29,MO,29041,Chariton,8.334
29,MO,29043,Christian,0
29,MO,29045,Clark,8.239
29,MO,29047,Clay,7.551
29,MO,29049,Clinton,7.257
29,MO,29051,Cole,6.882
29,MO,29053,Cooper,7.179
29,MO,29055,Crawford,0
29,MO,29057,Dade,6.805
29,MO,29059,Dallas,0
29,MO,29061,Daviess,6.376
29,MO,29063,DeKalb,6.873
29,MO,29065,Dent,0
29,MO,29067,Douglas,0
29,MO,29069,Dunklin,9.294
29,MO,29071,Franklin,7.775
29,MO,29073,Gasconade,6.543
29,MO,29075,Gentry,7.532
29,MO,29077,Greene,6.174
29,MO,29079,Grundy,6.961
29,MO,29081,Harrison,7.394
29,MO,29083,Henry,5.311
29,MO,29085,Hickory,5.223
29,MO,29087,Holt,9.157
29,MO,29089,Howard,7.967
29,MO,29091,Howell,0
29,MO,29093,Iron,0
29,MO,29095,Jackson,7.686
29,MO,29097,Jasper,7.04
29,MO,29099,Jefferson,6.353
29,MO,29101,Johnson,6.46
29,MO,29103,Knox,7.992
29,MO,29105,Laclede,6.024
29,MO,29107,Lafayette,8.443
29,MO,29109,Lawrence,6.963
29,MO,29111,Lewis,7.687
29,MO,29113,Lincoln,7.168
29,MO,29115,Linn,7.192
29,MO,29117,Livingston,7.218
29,MO,29119,McDonald,0
29,MO,29121,Macon,8
29,MO,29123,Madison,0
29,MO,29125,Maries,5.458
29,MO,29127,Marion,8.124
29,MO,29129,Mercer,7.772
29,MO,29131,Miller,6.548
29,MO,29133,Mississippi,10.062
29,MO,29135,Moniteau,6.201
29,MO,29137,Monroe,6.835
29,MO,29139,Montgomery,6.701
29,MO,29141,Morgan,5.291
29,MO,29143,New Madrid,9.759
29,MO,29145,Newton,6.472
29,MO,29147,Nodaway,8.067
29,MO,29149,Oregon,0
29,MO,29151,Osage,6.832
29,MO,29153,Ozark,0
29,MO,29155,Pemiscot,8.813
29,MO,29157,Perry,7.798
29,MO,29159,Pettis,5.817
29,MO,29161,Phelps,0
29,MO,29163,Pike,7.164
29,MO,29165,Platte,7.966
29,MO,29167,Polk,5.102
29,MO,29169,Pulaski,0
29,MO,29171,Putnam,7.857
29,MO,29173,Ralls,7.283
29,MO,29175,Randolph,6.849
29,MO,29177,Ray,8.634
29,MO,29179,Reynolds,0
29,MO,29181,Ripley,8.08
29,MO,29183,St. Charles,8.596
29,MO,29185,St. Clair,5.929
29,MO,29186,Ste. Genevieve,8.028
29,MO,29187,St. Francois,6.762
29,MO,29189,St. Louis,7.99
29,MO,29195,Saline,8.967
29,MO,29197,Schuyler,7.135
29,MO,29199,Scotland,8.017
29,MO,29201,Scott,9.788
29,MO,29203,Shannon,0
29,MO,29205,Shelby,7.613
29,MO,29207,Stoddard,9.428
29,MO,29209,Stone,0
29,MO,29211,Sullivan,6.774
29,MO,29213,Taney,0
29,MO,29215,Texas,0
29,MO,29217,Vernon,7.373
29,MO,29219,Warren,7.098
29,MO,29221,Washington,0
29,MO,29223,Wayne,7.665
29,MO,29225,Webster,5.961
29,MO,29227,Worth,7.963
29,MO,29229,Wright,0
29,MO,29510,St. Louis,0
30,MT,30001,Beaverhead,0
30,MT,30003,Big Horn,0
30,MT,30005,Blaine,0
30,MT,30007,Broadwater,0
30,MT,30009,Carbon,8.048
30,MT,30011,Carter,0
30,MT,30013,Cascade,0
30,MT,30015,Chouteau,0
30,MT,30017,Custer,8.09
30,MT,30019,Daniels,0
30,MT,30021,Dawson,7.471
30,MT,30023,Deer Lodge,0
30,MT,30025,Fallon,2.135
30,MT,30027,Fergus,0
30,MT,30029,Flathead,0
30,MT,30031,Gallatin,0
30,MT,30033,Garfield,0
30,MT,30035,Glacier,0
30,MT,30037,Golden Valley,0
30,MT,30039,Granite,0
30,MT,30041,Hill,0
30,MT,30043,Jefferson,0
30,MT,30045,Judith Basin,0
30,MT,30047,Lake,7.138
30,MT,30049,Lewis and Clark,0
30,MT,30051,Liberty,0
30,MT,30053,Lincoln,0
30,MT,30055,McCone,0
30,MT,30057,Madison,0
30,MT,30059,Meagher,0
30,MT,30061,Mineral,0
30,MT,30063,Missoula,0
30,MT,30065,Musselshell,0
30,MT,30067,Park,0
30,MT,30069,Petroleum,0
30,MT,30071,Phillips,0
30,MT,30073,Pondera,0
30,MT,30075,Powder River,0
30,MT,30077,Powell,0
30,MT,30079,Prairie,7.845
30,MT,30081,Ravalli,0
30,MT,30083,Richland,6.863
30,MT,30085,Roosevelt,0
30,MT,30087,Rosebud,7.888
30,MT,30089,Sanders,0
30,MT,30091,Sheridan,0
30,MT,30093,Silver Bow,0
30,MT,30095,Stillwater,9.379
30,MT,30097,Sweet Grass,0
30,MT,30099,Teton,0
30,MT,30101,Toole,0
30,MT,30103,Treasure,9.713
30,MT,30105,Valley,3.736
30,MT,30107,Wheatland,0
30,MT,30109,Wibaux,3.282
30,MT,30111,Yellowstone,8.816
31,NE,31001,Adams,4.707
31,NE,31003,Antelope,4.59
31,NE,31005,Arthur,8.314
31,NE,31007,Banner,2.818
31,NE,31009,Blaine,7.884
31,NE,31011,Boone,5.646
31,NE,31013,Box Butte,2.209
31,NE,31015,Boyd,2.466
31,NE,31017,Brown,9.415
31,NE,31019,Buffalo,3.757
31,NE,31021,Burt,7.354
31,NE,31023,Butler,5.753
31,NE,31025,Cass,6.948
31,NE,31027,Cedar,6.228
31,NE,31029,Chase,2.956
31,NE,31031,Cherry,1.334
31,NE,31033,Cheyenne,2.53
31,NE,31035,Clay,4.707
31,NE,31037,Colfax,6.959
31,NE,31039,Cuming,7.763
31,NE,31041,Custer,3.437
31,NE,31043,Dakota,7.952
31,NE,31045,Dawes,0.987
31,NE,31047,Dawson,4.056
31,NE,31049,Deuel,2.412
31,NE,31051,Dixon,7.066
31,NE,31053,Dodge,6.959
31,NE,31055,Douglas,7.311
31,NE,31057,Dundy,2.519
31,NE,31059,Fillmore,4.835
31,NE,31061,Franklin,4.707
31,NE,31063,Frontier,3.746
31,NE,31065,Furnas,3.405
31,NE,31067,Gage,5.7
31,NE,31069,Garden,2.978
31,NE,31071,Garfield,2.956
31,NE,31073,Gosper,3.938
31,NE,31075,Grant,0
31,NE,31077,Greeley,3.874
31,NE,31079,Hall,4.312
31,NE,31081,Hamilton,5.102
31,NE,31083,Harlan,4.451
31,NE,31085,Hayes,2.914
31,NE,31087,Hitchcock,3.117
31,NE,31089,Holt,3.223
31,NE,31091,Hooker,0
31,NE,31093,Howard,3.576
31,NE,31095,Jefferson,5.55
31,NE,31097,Johnson,5.635
31,NE,31099,Kearney,4.91
31,NE,31101,Keith,2.903
31,NE,31103,Keya Paha,2.231
31,NE,31105,Kimball,2.092
31,NE,31107,Knox,5.507
31,NE,31109,Lancaster,6.191
31,NE,31111,Lincoln,3.255
31,NE,31113,Logan,2.999
31,NE,31115,Loup,2.908
31,NE,31117,McPherson,1.601
31,NE,31119,Madison,6.404
31,NE,31121,Merrick,4.547
31,NE,31123,Morrill,2.401
31,NE,31125,Nance,5.07
31,NE,31127,Nemaha,6.628
31,NE,31129,Nuckolls,5.102
31,NE,31131,Otoe,6.297
31,NE,31133,Pawnee,5.721
31,NE,31135,Perkins,2.743
31,NE,31137,Phelps,4.365
31,NE,31139,Pierce,5.838
31,NE,31141,Platte,6.703
31,NE,31143,Polk,5.326
31,NE,31145,Red Willow,3.693
31,NE,31147,Richardson,7.044
31,NE,31149,Rock,9.175
31,NE,31151,Saline,5.08
31,NE,31153,Sarpy,6.916
31,NE,31155,Saunders,6.497
31,NE,31157,Scotts Bluff,2.135
31,NE,31159,Seward,5.571
31,NE,31161,Sheridan,2.135
31,NE,31163,Sherman,3.544
31,NE,31165,Sioux,8.159
31,NE,31167,Stanton,7.162
31,NE,31169,Thayer,4.984
31,NE,31171,Thomas,8.005
31,NE,31173,Thurston,7.813
31,NE,31175,Valley,3.383
31,NE,31177,Washington,7.311
31,NE,31179,Wayne,7.333
31,NE,31181,Webster,4.654
31,NE,31183,Wheeler,3.458
31,NE,31185,York,4.931
32,NV,32001,Churchill,0
32,NV,32003,Clark,0
32,NV,32005,Douglas,0
32,NV,32007,Elko,0
32,NV,32009,Esmeralda,0
32,NV,32011,Eureka,0
32,NV,32013,Humboldt,0
32,NV,32015,Lander,0
32,NV,32017,Lincoln,0
32,NV,32019,Lyon,0
32,NV,32021,Mineral,0
32,NV,32023,Nye,0
32,NV,32027,Pershing,0
32,NV,32029,Storey,0
32,NV,32031,Washoe,0
32,NV,32033,White Pine,0
32,NV,32510,Carson City,0
33,NH,33001,Belknap,0
33,NH,33003,Carroll,0
33,NH,33005,Cheshire,0
33,NH,33007,Coos,0
33,NH,33009,Grafton,0
33,NH,33011,Hillsborough,0
33,NH,33013,Merrimack,0
33,NH,33015,Rockingham,0
33,NH,33017,Strafford,0
33,NH,33019,Sullivan,0
34,NJ,34001,Atlantic,0
34,NJ,34003,Bergen,0
34,NJ,34005,Burlington,6.18
34,NJ,34007,Camden,0
34,NJ,34009,Cape May,0
34,NJ,34011,Cumberland,6.521
34,NJ,34013,Essex,0
34,NJ,34015,Gloucester,6.287
34,NJ,34017,Hudson,0
34,NJ,34019,Hunterdon,7.108
34,NJ,34021,Mercer,6.681
34,NJ,34023,Middlesex,7.325
34,NJ,34025,Monmouth,5.99
34,NJ,34027,Morris,5.86
34,NJ,34029,Ocean,5.55
34,NJ,34031,Passaic,0
34,NJ,34033,Salem,7.108
34,NJ,34035,Somerset,5.155
34,NJ,34037,Sussex,6.287
34,NJ,34039,Union,0
34,NJ,34041,Warren,7.087
35,NM,35001,Bernalillo,0
35,NM,35003,Catron,0
35,NM,35005,Chaves,1.686
35,NM,35006,Cibola,0
35,NM,35007,Colfax,0
35,NM,35009,Curry,8.668
35,NM,35011,De Baca,0
35,NM,35013,Do√±a Ana,0
35,NM,35015,Eddy,0
35,NM,35017,Grant,0
35,NM,35019,Guadalupe,0
35,NM,35021,Harding,0
35,NM,35023,Hidalgo,0
35,NM,35025,Lea,8.539
35,NM,35027,Lincoln,0
35,NM,35028,Los Alamos,0
35,NM,35029,Luna,0
35,NM,35031,McKinley,0
35,NM,35033,Mora,0
35,NM,35035,Otero,0
35,NM,35037,Quay,0
35,NM,35039,Rio Arriba,0
35,NM,35041,Roosevelt,7.457
35,NM,35043,Sandoval,0
35,NM,35045,San Juan,0
35,NM,35047,San Miguel,0
35,NM,35049,Santa Fe,0
35,NM,35051,Sierra,5.07
35,NM,35053,Socorro,0
35,NM,35055,Taos,0
35,NM,35057,Torrance,0
35,NM,35059,Union,10.888
35,NM,35061,Valencia,0
36,NY,36001,Albany,5.337
36,NY,36003,Allegany,6.073
36,NY,36005,Bronx,0
36,NY,36007,Broome,5.828
36,NY,36009,Cattaraugus,5.113
36,NY,36011,Cayuga,7.055
36,NY,36013,Chautauqua,5.497
36,NY,36015,Chemung,6.372
36,NY,36017,Chenango,6.372
36,NY,36019,Clinton,7.888
36,NY,36021,Columbia,7.386
36,NY,36023,Cortland,5.71
36,NY,36025,Delaware,5.561
36,NY,36027,Dutchess,6.948
36,NY,36029,Erie,6.511
36,NY,36031,Essex,6.604
36,NY,36033,Franklin,6.938
36,NY,36035,Fulton,6.895
36,NY,36037,Genesee,6.959
36,NY,36039,Greene,5.123
36,NY,36041,Hamilton,0
36,NY,36043,Herkimer,6.564
36,NY,36045,Jefferson,6.223
36,NY,36047,Kings,0
36,NY,36049,Lewis,6.393
36,NY,36051,Livingston,7.13
36,NY,36053,Madison,5.742
36,NY,36055,Monroe,6.404
36,NY,36057,Montgomery,6.564
36,NY,36059,Nassau,0
36,NY,36061,New York,0
36,NY,36063,Niagara,6.874
36,NY,36065,Oneida,7.012
36,NY,36067,Onondaga,6.81
36,NY,36069,Ontario,6.991
36,NY,36071,Orange,5.241
36,NY,36073,Orleans,6.863
36,NY,36075,Oswego,6.105
36,NY,36077,Otsego,5.796
36,NY,36079,Putnam,0
36,NY,36081,Queens,0
36,NY,36083,Rensselaer,6.351
36,NY,36085,Richmond,0
36,NY,36087,Rockland,0
36,NY,36089,St. Lawrence,6.575
36,NY,36091,Saratoga,6.436
36,NY,36093,Schenectady,4.739
36,NY,36095,Schoharie,5.934
36,NY,36097,Schuyler,5.422
36,NY,36099,Seneca,7.066
36,NY,36101,Steuben,6.372
36,NY,36103,Suffolk,5.924
36,NY,36105,Sullivan,4.984
36,NY,36107,Tioga,5.475
36,NY,36109,Tompkins,6.191
36,NY,36111,Ulster,7.621
36,NY,36113,Warren,0
36,NY,36115,Washington,6.265
36,NY,36117,Wayne,6.628
36,NY,36119,Westchester,0
36,NY,36121,Wyoming,6.532
36,NY,36123,Yates,6.692
37,NC,37001,Alamance,5.422
37,NC,37003,Alexander,5.401
37,NC,37005,Alleghany,0
37,NC,37007,Anson,5.913
37,NC,37009,Ashe,0
37,NC,37011,Avery,0
37,NC,37013,Beaufort,7.14
37,NC,37015,Bertie,5.369
37,NC,37017,Bladen,5.582
37,NC,37019,Brunswick,5.134
37,NC,37021,Buncombe,4.323
37,NC,37023,Burke,5.646
37,NC,37025,Cabarrus,5.123
37,NC,37027,Caldwell,6.191
37,NC,37029,Camden,7.994
37,NC,37031,Carteret,6.041
37,NC,37033,Caswell,4.771
37,NC,37035,Catawba,5.625
37,NC,37037,Chatham,5.998
37,NC,37039,Cherokee,8.25
37,NC,37041,Chowan,6.5
37,NC,37043,Clay,0
37,NC,37045,Cleveland,4.843
37,NC,37047,Columbus,5.433
37,NC,37049,Craven,6.265
37,NC,37051,Cumberland,4.91
37,NC,37053,Currituck,7.749
37,NC,37055,Dare,5.141
37,NC,37057,Davidson,6.436
37,NC,37059,Davie,6.393
37,NC,37061,Duplin,5.689
37,NC,37063,Durham,0
37,NC,37065,Edgecombe,5.219
37,NC,37067,Forsyth,5.956
37,NC,37069,Franklin,5.209
37,NC,37071,Gaston,0
37,NC,37073,Gates,5.774
37,NC,37075,Graham,0
37,NC,37077,Granville,4.451
37,NC,37079,Greene,6.062
37,NC,37081,Guilford,5.187
37,NC,37083,Halifax,4.622
37,NC,37085,Harnett,5.315
37,NC,37087,Haywood,6.03
37,NC,37089,Henderson,6.137
37,NC,37091,Hertford,5.401
37,NC,37093,Hoke,5.614
37,NC,37095,Hyde,7.258
37,NC,37097,Iredell,6.158
37,NC,37099,Jackson,0
37,NC,37101,Johnston,5.401
37,NC,37103,Jones,5.849
37,NC,37105,Lee,5.091
37,NC,37107,Lenoir,6.297
37,NC,37109,Lincoln,5.056
37,NC,37111,McDowell,0
37,NC,37113,Macon,0
37,NC,37115,Madison,0
37,NC,37117,Martin,5.507
37,NC,37119,Mecklenburg,5.105
37,NC,37121,Mitchell,0
37,NC,37123,Montgomery,4.136
37,NC,37125,Moore,4.92
37,NC,37127,Nash,5.563
37,NC,37129,New Hanover,6.617
37,NC,37131,Northampton,5.305
37,NC,37133,Onslow,5.998
37,NC,37135,Orange,5.08
37,NC,37137,Pamlico,6.906
37,NC,37139,Pasquotank,7.984
37,NC,37141,Pender,5.697
37,NC,37143,Perquimans,7.172
37,NC,37145,Person,4.931
37,NC,37147,Pitt,5.283
37,NC,37149,Polk,0
37,NC,37151,Randolph,5.892
37,NC,37153,Richmond,5.337
37,NC,37155,Robeson,5.614
37,NC,37157,Rockingham,5.23
37,NC,37159,Rowan,6.585
37,NC,37161,Rutherford,0
37,NC,37163,Sampson,5.71
37,NC,37165,Scotland,5.646
37,NC,37167,Stanly,5.966
37,NC,37169,Stokes,4.728
37,NC,37171,Surry,7.215
37,NC,37173,Swain,0
37,NC,37175,Transylvania,6.767
37,NC,37177,Tyrrell,7.375
37,NC,37179,Union,6.436
37,NC,37181,Vance,0
37,NC,37183,Wake,4.173
37,NC,37185,Warren,3.618
37,NC,37187,Washington,7.076
37,NC,37189,Watauga,0
37,NC,37191,Wayne,5.977
37,NC,37193,Wilkes,6.02
37,NC,37195,Wilson,5.721
37,NC,37197,Yadkin,7.098
37,NC,37199,Yancey,0
38,ND,38001,Adams,1.668
38,ND,38003,Barnes,6.313
38,ND,38005,Benson,4.683
38,ND,38007,Billings,2.639
38,ND,38009,Bottineau,3.318
38,ND,38011,Bowman,1.622
38,ND,38013,Burke,2.439
38,ND,38015,Burleigh,3.043
38,ND,38017,Cass,6.755
38,ND,38019,Cavalier,4.661
38,ND,38021,Dickey,6.593
38,ND,38023,Divide,3.325
38,ND,38025,Dunn,2.295
38,ND,38027,Eddy,6.655
38,ND,38029,Emmons,2.556
38,ND,38031,Foster,5.305
38,ND,38033,Golden Valley,3.117
38,ND,38035,Grand Forks,5.414
38,ND,38037,Grant,3.901
38,ND,38039,Griggs,5.177
38,ND,38041,Hettinger,1.887
38,ND,38043,Kidder,4.411
38,ND,38045,LaMoure,6.716
38,ND,38047,Logan,4.238
38,ND,38049,McHenry,3.728
38,ND,38051,McIntosh,4.403
38,ND,38053,McKenzie,3.357
38,ND,38055,McLean,3.896
38,ND,38057,Mercer,4.596
38,ND,38059,Morton,3.853
38,ND,38061,Mountrail,2.135
38,ND,38063,Nelson,4.141
38,ND,38065,Oliver,3.254
38,ND,38067,Pembina,3.914
38,ND,38069,Pierce,3.881
38,ND,38071,Ramsey,4.518
38,ND,38073,Ransom,6.61
38,ND,38075,Renville,3.57
38,ND,38077,Richland,6.939
38,ND,38079,Rolette,3.627
38,ND,38081,Sargent,6.702
38,ND,38083,Sheridan,5.129
38,ND,38085,Sioux,5.23
38,ND,38087,Slope,2.939
38,ND,38089,Stark,2.452
38,ND,38091,Steele,6.068
38,ND,38093,Stutsman,5.804
38,ND,38095,Towner,4.445
38,ND,38097,Traill,6.734
38,ND,38099,Walsh,5.435
38,ND,38101,Ward,4.204
38,ND,38103,Wells,5.022
38,ND,38105,Williams,2.562
39,OH,39001,Adams,7.584
39,OH,39003,Allen,9.338
39,OH,39005,Ashland,8.551
39,OH,39007,Ashtabula,7.669
39,OH,39009,Athens,8.041
39,OH,39011,Auglaize,9.219
39,OH,39013,Belmont,5.616
39,OH,39015,Brown,8.379
39,OH,39017,Butler,8.744
39,OH,39019,Carroll,6.632
39,OH,39021,Champaign,9.293
39,OH,39023,Clark,9.668
39,OH,39025,Clermont,8.829
39,OH,39027,Clinton,9.858
39,OH,39029,Columbiana,8.26
39,OH,39031,Coshocton,9.035
39,OH,39033,Crawford,9.956
39,OH,39035,Cuyahoga,0
39,OH,39037,Darke,9.691
39,OH,39039,Defiance,8.835
39,OH,39041,Delaware,8.775
39,OH,39043,Erie,9.627
39,OH,39045,Fairfield,9.168
39,OH,39047,Fayette,9.101
39,OH,39049,Franklin,8.718
39,OH,39051,Fulton,10.463
39,OH,39053,Gallia,7.041
39,OH,39055,Geauga,7.447
39,OH,39057,Greene,9.785
39,OH,39059,Guernsey,6.495
39,OH,39061,Hamilton,8.427
39,OH,39063,Hancock,9.579
39,OH,39065,Hardin,9.058
39,OH,39067,Harrison,7.061
39,OH,39069,Henry,10.34
39,OH,39071,Highland,8.389
39,OH,39073,Hocking,7.722
39,OH,39075,Holmes,8.757
39,OH,39077,Huron,9.572
39,OH,39079,Jackson,6.536
39,OH,39081,Jefferson,5.788
39,OH,39083,Knox,9.025
39,OH,39085,Lake,0
39,OH,39087,Lawrence,6.483
39,OH,39089,Licking,8.716
39,OH,39091,Logan,9.208
39,OH,39093,Lorain,8.267
39,OH,39095,Lucas,10.523
39,OH,39097,Madison,9.766
39,OH,39099,Mahoning,7.482
39,OH,39101,Marion,9.322
39,OH,39103,Medina,8.034
39,OH,39105,Meigs,7.173
39,OH,39107,Mercer,9.585
39,OH,39109,Miami,9.796
39,OH,39111,Monroe,5.788
39,OH,39113,Montgomery,8.786
39,OH,39115,Morgan,7.249
39,OH,39117,Morrow,8.812
39,OH,39119,Muskingum,8.841
39,OH,39121,Noble,5.819
39,OH,39123,Ottawa,9.847
39,OH,39125,Paulding,9.434
39,OH,39127,Perry,8.588
39,OH,39129,Pickaway,8.862
39,OH,39131,Pike,7.521
39,OH,39133,Portage,7.373
39,OH,39135,Preble,9.287
39,OH,39137,Putnam,9.594
39,OH,39139,Richland,8.987
39,OH,39141,Ross,8.714
39,OH,39143,Sandusky,10.152
39,OH,39145,Scioto,7.263
39,OH,39147,Seneca,9.31
39,OH,39149,Shelby,9.212
39,OH,39151,Stark,8.448
39,OH,39153,Summit,8.1
39,OH,39155,Trumbull,8.65
39,OH,39157,Tuscarawas,8.359
39,OH,39159,Union,9.186
39,OH,39161,Van Wert,9.194
39,OH,39163,Vinton,7.845
39,OH,39165,Warren,8.944
39,OH,39167,Washington,7.887
39,OH,39169,Wayne,8.801
39,OH,39171,Williams,9.413
39,OH,39173,Wood,10.046
39,OH,39175,Wyandot,9.402
40,OK,40001,Adair,0
40,OK,40003,Alfalfa,5.106
40,OK,40005,Atoka,0
40,OK,40007,Beaver,8.801
40,OK,40009,Beckham,8.672
40,OK,40011,Blaine,0
40,OK,40013,Bryan,5.362
40,OK,40015,Caddo,5.853
40,OK,40017,Canadian,5.47
40,OK,40019,Carter,0
40,OK,40021,Cherokee,0
40,OK,40023,Choctaw,5.886
40,OK,40025,Cimarron,9.221
40,OK,40027,Cleveland,4.963
40,OK,40029,Coal,0
40,OK,40031,Comanche,5.04
40,OK,40033,Cotton,3.357
40,OK,40035,Craig,5.042
40,OK,40037,Creek,0
40,OK,40039,Custer,4.553
40,OK,40041,Delaware,4.803
40,OK,40043,Dewey,4.269
40,OK,40045,Ellis,7.26
40,OK,40047,Garfield,6.105
40,OK,40049,Garvin,5.306
40,OK,40051,Grady,5.07
40,OK,40053,Grant,5.241
40,OK,40055,Greer,0
40,OK,40057,Harmon,5.314
40,OK,40059,Harper,6.022
40,OK,40061,Haskell,4.425
40,OK,40063,Hughes,5.146
40,OK,40065,Jackson,0
40,OK,40067,Jefferson,0
40,OK,40069,Johnston,0
40,OK,40071,Kay,4.35
40,OK,40073,Kingfisher,4.348
40,OK,40075,Kiowa,6.404
40,OK,40077,Latimer,0
40,OK,40079,Le Flore,5.598
40,OK,40081,Lincoln,3.605
40,OK,40083,Logan,3.602
40,OK,40085,Love,0
40,OK,40087,McClain,4.798
40,OK,40089,McCurtain,4.99
40,OK,40091,McIntosh,3.736
40,OK,40093,Major,8.302
40,OK,40095,Marshall,4.325
40,OK,40097,Mayes,4.205
40,OK,40099,Murray,0
40,OK,40101,Muskogee,6.221
40,OK,40103,Noble,3.616
40,OK,40105,Nowata,4.785
40,OK,40107,Okfuskee,4.491
40,OK,40109,Oklahoma,4.67
40,OK,40111,Okmulgee,4.292
40,OK,40113,Osage,4.036
40,OK,40115,Ottawa,5.585
40,OK,40117,Pawnee,0
40,OK,40119,Payne,3.98
40,OK,40121,Pittsburg,0
40,OK,40123,Pontotoc,0
40,OK,40125,Pottawatomie,4.993
40,OK,40127,Pushmataha,0
40,OK,40129,Roger Mills,0
40,OK,40131,Rogers,4.269
40,OK,40133,Seminole,0
40,OK,40135,Sequoyah,5.91
40,OK,40137,Stephens,0
40,OK,40139,Texas,9.249
40,OK,40141,Tillman,3.526
40,OK,40143,Tulsa,0
40,OK,40145,Wagoner,4.81
40,OK,40147,Washington,4.108
40,OK,40149,Washita,5.754
40,OK,40151,Woods,0
40,OK,40153,Woodward,0
41,OR,41001,Baker,0
41,OR,41003,Benton,0
41,OR,41005,Clackamas,0
41,OR,41007,Clatsop,0
41,OR,41009,Columbia,0
41,OR,41011,Coos,0
41,OR,41013,Crook,0
41,OR,41015,Curry,0
41,OR,41017,Deschutes,0
41,OR,41019,Douglas,0
41,OR,41021,Gilliam,6.064
41,OR,41023,Grant,0
41,OR,41025,Harney,0
41,OR,41027,Hood River,0
41,OR,41029,Jackson,0
41,OR,41031,Jefferson,0
41,OR,41033,Josephine,0
41,OR,41035,Klamath,0
41,OR,41037,Lake,0
41,OR,41039,Lane,0
41,OR,41041,Lincoln,0
41,OR,41043,Linn,3.602
41,OR,41045,Malheur,8.037
41,OR,41047,Marion,0
41,OR,41049,Morrow,11.751
41,OR,41051,Multnomah,0
41,OR,41053,Polk,0
41,OR,41055,Sherman,0
41,OR,41057,Tillamook,0
41,OR,41059,Umatilla,11.65
41,OR,41061,Union,0
41,OR,41063,Wallowa,0
41,OR,41065,Wasco,0
41,OR,41067,Washington,0
41,OR,41069,Wheeler,0
41,OR,41071,Yamhill,0
42,PA,42001,Adams,6.522
42,PA,42003,Allegheny,5.965
42,PA,42005,Armstrong,5.776
42,PA,42007,Beaver,5.834
42,PA,42009,Bedford,6.131
42,PA,42011,Berks,6.456
42,PA,42013,Blair,7.023
42,PA,42015,Bradford,6.177
42,PA,42017,Bucks,5.412
42,PA,42019,Butler,6.083
42,PA,42021,Cambria,6.43
42,PA,42023,Cameron,7.007
42,PA,42025,Carbon,5.216
42,PA,42027,Centre,6.335
42,PA,42029,Chester,8.242
42,PA,42031,Clarion,6.769
42,PA,42033,Clearfield,6.478
42,PA,42035,Clinton,5.799
42,PA,42037,Columbia,6.802
42,PA,42039,Crawford,6.219
42,PA,42041,Cumberland,6.246
42,PA,42043,Dauphin,6.402
42,PA,42045,Delaware,7.722
42,PA,42047,Elk,5.982
42,PA,42049,Erie,6.149
42,PA,42051,Fayette,5.242
42,PA,42053,Forest,6.593
42,PA,42055,Franklin,6.083
42,PA,42057,Fulton,5.296
42,PA,42059,Greene,4.822
42,PA,42061,Huntingdon,5.679
42,PA,42063,Indiana,6.126
42,PA,42065,Jefferson,6.702
42,PA,42067,Juniata,5.564
42,PA,42069,Lackawanna,6.454
42,PA,42071,Lancaster,8.561
42,PA,42073,Lawrence,6.975
42,PA,42075,Lebanon,7.73
42,PA,42077,Lehigh,6.167
42,PA,42079,Luzerne,6.204
42,PA,42081,Lycoming,6.527
42,PA,42083,McKean,6.575
42,PA,42085,Mercer,6.468
42,PA,42087,Mifflin,7.271
42,PA,42089,Monroe,5.737
42,PA,42091,Montgomery,6.263
42,PA,42093,Montour,5.626
42,PA,42095,Northampton,6.6
42,PA,42097,Northumberland,6.541
42,PA,42099,Perry,5.677
42,PA,42101,Philadelphia,0
42,PA,42103,Pike,6.66
42,PA,42105,Potter,5.849
42,PA,42107,Schuylkill,6.379
42,PA,42109,Snyder,6.149
42,PA,42111,Somerset,6.233
42,PA,42113,Sullivan,5.877
42,PA,42115,Susquehanna,5.258
42,PA,42117,Tioga,6.577
42,PA,42119,Union,6.518
42,PA,42121,Venango,6.542
42,PA,42123,Warren,5.911
42,PA,42125,Washington,5.542
42,PA,42127,Wayne,5.646
42,PA,42129,Westmoreland,5.874
42,PA,42131,Wyoming,5.754
42,PA,42133,York,7.589
44,RI,44001,Bristol,0
44,RI,44003,Kent,0
44,RI,44005,Newport,0
44,RI,44007,Providence,0
44,RI,44009,Washington,0
45,SC,45001,Abbeville,0
45,SC,45003,Aiken,4.782
45,SC,45005,Allendale,4.632
45,SC,45007,Anderson,4.622
45,SC,45009,Bamberg,4.91
45,SC,45011,Barnwell,4.76
45,SC,45013,Beaufort,3.282
45,SC,45015,Berkeley,3.864
45,SC,45017,Calhoun,5.625
45,SC,45019,Charleston,4.963
45,SC,45021,Cherokee,0
45,SC,45023,Chester,4.109
45,SC,45025,Chesterfield,5.08
45,SC,45027,Clarendon,6.415
45,SC,45029,Colleton,4.216
45,SC,45031,Darlington,5.635
45,SC,45033,Dillon,5.796
45,SC,45035,Dorchester,5.486
45,SC,45037,Edgefield,4.782
45,SC,45039,Fairfield,4.803
45,SC,45041,Florence,5.273
45,SC,45043,Georgetown,4.355
45,SC,45045,Greenville,0
45,SC,45047,Greenwood,0
45,SC,45049,Hampton,4.728
45,SC,45051,Horry,5.934
45,SC,45053,Jasper,4.523
45,SC,45055,Kershaw,5.678
45,SC,45057,Lancaster,5.141
45,SC,45059,Laurens,0
45,SC,45061,Lee,5.902
45,SC,45063,Lexington,6.084
45,SC,45065,McCormick,0
45,SC,45067,Marion,6.084
45,SC,45069,Marlboro,6.265
45,SC,45071,Newberry,5.048
45,SC,45073,Oconee,0
45,SC,45075,Orangeburg,6.041
45,SC,45077,Pickens,0
45,SC,45079,Richland,6.105
45,SC,45081,Saluda,4.99
45,SC,45083,Spartanburg,5.369
45,SC,45085,Sumter,6.287
45,SC,45087,Union,0
45,SC,45089,Williamsburg,4.654
45,SC,45091,York,3.789
46,SD,46003,Aurora,4.575
46,SD,46005,Beadle,4.779
46,SD,46007,Bennett,1.564
46,SD,46009,Bon Homme,5.088
46,SD,46011,Brookings,7.368
46,SD,46013,Brown,6.779
46,SD,46015,Brule,3.242
46,SD,46017,Buffalo,3.921
46,SD,46019,Butte,6.965
46,SD,46021,Campbell,3.782
46,SD,46023,Charles Mix,4.085
46,SD,46025,Clark,6.257
46,SD,46027,Clay,7.076
46,SD,46029,Codington,6.806
46,SD,46031,Corson,2.337
46,SD,46033,Custer,4.403
46,SD,46035,Davison,5.641
46,SD,46037,Day,6.473
46,SD,46039,Deuel,6.404
46,SD,46041,Dewey,2.297
46,SD,46043,Douglas,4.387
46,SD,46045,Edmunds,5.941
46,SD,46047,Fall River,4.369
46,SD,46049,Faulk,5.668
46,SD,46051,Grant,6.513
46,SD,46053,Gregory,2.762
46,SD,46055,Haakon,1.715
46,SD,46057,Hamlin,7.17
46,SD,46059,Hand,4.199
46,SD,46061,Hanson,6.855
46,SD,46063,Harding,1.898
46,SD,46065,Hughes,2.619
46,SD,46067,Hutchinson,5.557
46,SD,46069,Hyde,3.725
46,SD,46071,Jackson,2.78
46,SD,46073,Jerauld,4.307
46,SD,46075,Jones,3.095
46,SD,46077,Kingsbury,6.526
46,SD,46079,Lake,7.577
46,SD,46081,Lawrence,0
46,SD,46083,Lincoln,7.591
46,SD,46085,Lyman,2.398
46,SD,46087,McCook,6.592
46,SD,46089,McPherson,4.753
46,SD,46091,Marshall,6.822
46,SD,46093,Meade,2.626
46,SD,46095,Mellette,1.502
46,SD,46097,Miner,5.878
46,SD,46099,Minnehaha,7.82
46,SD,46101,Moody,8.427
46,SD,46103,Pennington,1.356
46,SD,46105,Perkins,2.191
46,SD,46107,Potter,4.76
46,SD,46109,Roberts,7.251
46,SD,46111,Sanborn,5.423
46,SD,46113,Shannon,1.875
46,SD,46115,Spink,6.017
46,SD,46117,Stanley,0.934
46,SD,46119,Sully,3.396
46,SD,46121,Todd,2.336
46,SD,46123,Tripp,2.935
46,SD,46125,Turner,6.771
46,SD,46127,Union,7.28
46,SD,46129,Walworth,4.132
46,SD,46135,Yankton,6.337
46,SD,46137,Ziebach,2.247
47,TN,47001,Anderson,0
47,TN,47003,Bedford,5.838
47,TN,47005,Benton,5.988
47,TN,47007,Bledsoe,6.02
47,TN,47009,Blount,6.084
47,TN,47011,Bradley,5.774
47,TN,47013,Campbell,0
47,TN,47015,Cannon,6.404
47,TN,47017,Carroll,6.575
47,TN,47019,Carter,0
47,TN,47021,Cheatham,6.212
47,TN,47023,Chester,5.635
47,TN,47025,Claiborne,6.564
47,TN,47027,Clay,0
47,TN,47029,Cocke,7.031
47,TN,47031,Coffee,6.148
47,TN,47033,Crockett,6.543
47,TN,47035,Cumberland,6.191
47,TN,47037,Davidson,4.963
47,TN,47039,Decatur,6.479
47,TN,47041,DeKalb,6.34
47,TN,47043,Dickson,5.956
47,TN,47045,Dyer,7.012
47,TN,47047,Fayette,6.436
47,TN,47049,Fentress,5.105
47,TN,47051,Franklin,6.404
47,TN,47053,Gibson,6.98
47,TN,47055,Giles,6.361
47,TN,47057,Grainger,5.892
47,TN,47059,Greene,6.351
47,TN,47061,Grundy,6.297
47,TN,47063,Hamblen,6.746
47,TN,47065,Hamilton,6.297
47,TN,47067,Hancock,0
47,TN,47069,Hardeman,6.009
47,TN,47071,Hardin,5.678
47,TN,47073,Hawkins,5.251
47,TN,47075,Haywood,6.073
47,TN,47077,Henderson,6.628
47,TN,47079,Henry,7.119
47,TN,47081,Hickman,6.009
47,TN,47083,Houston,0
47,TN,47085,Humphreys,6.991
47,TN,47087,Jackson,0
47,TN,47089,Jefferson,6.607
47,TN,47091,Johnson,6.884
47,TN,47093,Knox,0
47,TN,47095,Lake,7.738
47,TN,47097,Lauderdale,6.852
47,TN,47099,Lawrence,7.269
47,TN,47101,Lewis,0
47,TN,47103,Lincoln,6.169
47,TN,47105,Loudon,5.07
47,TN,47107,McMinn,6.18
47,TN,47109,McNairy,6.03
47,TN,47111,Macon,6.788
47,TN,47113,Madison,6.212
47,TN,47115,Marion,6.329
47,TN,47117,Marshall,5.838
47,TN,47119,Maury,6.66
47,TN,47121,Meigs,6.276
47,TN,47123,Monroe,6.03
47,TN,47125,Montgomery,7.301
47,TN,47127,Moore,6.255
47,TN,47129,Morgan,0
47,TN,47131,Obion,7.354
47,TN,47133,Overton,5.55
47,TN,47135,Perry,5.774
47,TN,47137,Pickett,0
47,TN,47139,Polk,5.764
47,TN,47141,Putnam,5.137
47,TN,47143,Rhea,4.984
47,TN,47145,Roane,0
47,TN,47147,Robertson,7.204
47,TN,47149,Rutherford,6.319
47,TN,47151,Scott,0
47,TN,47153,Sequatchie,6.126
47,TN,47155,Sevier,0
47,TN,47157,Shelby,6.34
47,TN,47159,Smith,6.553
47,TN,47161,Stewart,5.998
47,TN,47163,Sullivan,6.364
47,TN,47165,Sumner,6.212
47,TN,47167,Tipton,5.721
47,TN,47169,Trousdale,4.974
47,TN,47171,Unicoi,0
47,TN,47173,Union,0
47,TN,47175,Van Buren,0
47,TN,47177,Warren,6.148
47,TN,47179,Washington,5.646
47,TN,47181,Wayne,5.305
47,TN,47183,Weakley,7.183
47,TN,47185,White,6.041
47,TN,47187,Williamson,6.553
47,TN,47189,Wilson,6.511
48,TX,48001,Anderson,0
48,TX,48003,Andrews,0
48,TX,48005,Angelina,0
48,TX,48007,Aransas,0
48,TX,48009,Archer,0
48,TX,48011,Armstrong,10.246
48,TX,48013,Atascosa,4.866
48,TX,48015,Austin,4.548
48,TX,48017,Bailey,9.818
48,TX,48019,Bandera,0
48,TX,48021,Bastrop,4.143
48,TX,48023,Baylor,0
48,TX,48025,Bee,3.849
48,TX,48027,Bell,4.223
48,TX,48029,Bexar,4.285
48,TX,48031,Blanco,0
48,TX,48033,Borden,0
48,TX,48035,Bosque,4.323
48,TX,48037,Bowie,5.823
48,TX,48039,Brazoria,4.5
48,TX,48041,Brazos,5.705
48,TX,48043,Brewster,0
48,TX,48045,Briscoe,8.189
48,TX,48047,Brooks,0
48,TX,48049,Brown,0
48,TX,48051,Burleson,6.024
48,TX,48053,Burnet,0
48,TX,48055,Caldwell,3.409
48,TX,48057,Calhoun,4.813
48,TX,48059,Callahan,0
48,TX,48061,Cameron,5.622
48,TX,48063,Camp,6.332
48,TX,48065,Carson,10.139
48,TX,48067,Cass,0
48,TX,48069,Castro,10.967
48,TX,48071,Chambers,0
48,TX,48073,Cherokee,0
48,TX,48075,Childress,0
48,TX,48077,Clay,0
48,TX,48079,Cochran,10.593
48,TX,48081,Coke,0
48,TX,48083,Coleman,0
48,TX,48085,Collin,4.57
48,TX,48087,Collingsworth,0
48,TX,48089,Colorado,5.125
48,TX,48091,Comal,3.277
48,TX,48093,Comanche,6.255
48,TX,48095,Concho,0
48,TX,48097,Cooke,4.547
48,TX,48099,Coryell,3.723
48,TX,48101,Cottle,0
48,TX,48103,Crane,0
48,TX,48105,Crockett,0
48,TX,48107,Crosby,0
48,TX,48109,Culberson,0
48,TX,48111,Dallam,10.386
48,TX,48113,Dallas,3.721
48,TX,48115,Dawson,0
48,TX,48117,Deaf Smith,9.318
48,TX,48119,Delta,4.527
48,TX,48121,Denton,2.938
48,TX,48123,DeWitt,3.637
48,TX,48125,Dickens,0
48,TX,48127,Dimmit,4.67
48,TX,48129,Donley,9.272
48,TX,48131,Duval,0
48,TX,48133,Eastland,6.831
48,TX,48135,Ector,0
48,TX,48137,Edwards,0
48,TX,48139,Ellis,4.418
48,TX,48141,El Paso,0
48,TX,48143,Erath,7.026
48,TX,48145,Falls,4.678
48,TX,48147,Fannin,4.72
48,TX,48149,Fayette,3.929
48,TX,48151,Fisher,0
48,TX,48153,Floyd,8.424
48,TX,48155,Foard,0
48,TX,48157,Fort Bend,4.825
48,TX,48159,Franklin,0
48,TX,48161,Freestone,0
48,TX,48163,Frio,5.9
48,TX,48165,Gaines,9.323
48,TX,48167,Galveston,0
48,TX,48169,Garza,0
48,TX,48171,Gillespie,3.881
48,TX,48173,Glasscock,0
48,TX,48175,Goliad,3.6
48,TX,48177,Gonzales,4.248
48,TX,48179,Gray,10.02
48,TX,48181,Grayson,4.516
48,TX,48183,Gregg,0
48,TX,48185,Grimes,3.477
48,TX,48187,Guadalupe,2.982
48,TX,48189,Hale,9.41
48,TX,48191,Hall,0
48,TX,48193,Hamilton,4.995
48,TX,48195,Hansford,10.418
48,TX,48197,Hardeman,0
48,TX,48199,Hardin,0
48,TX,48201,Harris,4.582
48,TX,48203,Harrison,0
48,TX,48205,Hartley,10.806
48,TX,48207,Haskell,0
48,TX,48209,Hays,2.654
48,TX,48211,Hemphill,0
48,TX,48213,Henderson,0
48,TX,48215,Hidalgo,5.111
48,TX,48217,Hill,4.375
48,TX,48219,Hockley,0
48,TX,48221,Hood,0
48,TX,48223,Hopkins,2.66
48,TX,48225,Houston,4.149
48,TX,48227,Howard,0
48,TX,48229,Hudspeth,0
48,TX,48231,Hunt,4.667
48,TX,48233,Hutchinson,10.995
48,TX,48235,Irion,0
48,TX,48237,Jack,0
48,TX,48239,Jackson,4.802
48,TX,48241,Jasper,0
48,TX,48243,Jeff Davis,0
48,TX,48245,Jefferson,0
48,TX,48247,Jim Hogg,0
48,TX,48249,Jim Wells,3.498
48,TX,48251,Johnson,4.468
48,TX,48253,Jones,0
48,TX,48255,Karnes,3.069
48,TX,48257,Kaufman,3.773
48,TX,48259,Kendall,0
48,TX,48261,Kenedy,0
48,TX,48263,Kent,0
48,TX,48265,Kerr,0
48,TX,48267,Kimble,0
48,TX,48269,King,0
48,TX,48271,Kinney,0
48,TX,48273,Kleberg,3.202
48,TX,48275,Knox,0
48,TX,48277,Lamar,5.489
48,TX,48279,Lamb,9.522
48,TX,48281,Lampasas,0
48,TX,48283,La Salle,0
48,TX,48285,Lavaca,3.128
48,TX,48287,Lee,3.748
48,TX,48289,Leon,0
48,TX,48291,Liberty,3.218
48,TX,48293,Limestone,3.83
48,TX,48295,Lipscomb,10.172
48,TX,48297,Live Oak,3.78
48,TX,48299,Llano,0
48,TX,48301,Loving,0
48,TX,48303,Lubbock,0
48,TX,48305,Lynn,0
48,TX,48307,McCulloch,0
48,TX,48309,McLennan,4.37
48,TX,48311,McMullen,0
48,TX,48313,Madison,0
48,TX,48315,Marion,0
48,TX,48317,Martin,0
48,TX,48319,Mason,0
48,TX,48321,Matagorda,5.246
48,TX,48323,Maverick,0
48,TX,48325,Medina,5.671
48,TX,48327,Menard,0
48,TX,48329,Midland,0
48,TX,48331,Milam,4.183
48,TX,48333,Mills,0
48,TX,48335,Mitchell,0
48,TX,48337,Montague,0
48,TX,48339,Montgomery,0
48,TX,48341,Moore,10.951
48,TX,48343,Morris,0
48,TX,48345,Motley,0
48,TX,48347,Nacogdoches,0
48,TX,48349,Navarro,4.76
48,TX,48351,Newton,0
48,TX,48353,Nolan,0
48,TX,48355,Nueces,3.83
48,TX,48357,Ochiltree,11.138
48,TX,48359,Oldham,0
48,TX,48361,Orange,0
48,TX,48363,Palo Pinto,0
48,TX,48365,Panola,0
48,TX,48367,Parker,0
48,TX,48369,Parmer,10.658
48,TX,48371,Pecos,0
48,TX,48373,Polk,0
48,TX,48375,Potter,0
48,TX,48377,Presidio,0
48,TX,48379,Rains,0
48,TX,48381,Randall,9.843
48,TX,48383,Reagan,0
48,TX,48385,Real,0
48,TX,48387,Red River,5.018
48,TX,48389,Reeves,0
48,TX,48391,Refugio,2.977
48,TX,48393,Roberts,10.747
48,TX,48395,Robertson,6.157
48,TX,48397,Rockwall,3.654
48,TX,48399,Runnels,0
48,TX,48401,Rusk,0
48,TX,48403,Sabine,0
48,TX,48405,San Augustine,0
48,TX,48407,San Jacinto,0
48,TX,48409,San Patricio,4.395
48,TX,48411,San Saba,0
48,TX,48413,Schleicher,0
48,TX,48415,Scurry,0
48,TX,48417,Shackelford,0
48,TX,48419,Shelby,0
48,TX,48421,Sherman,10.882
48,TX,48423,Smith,0
48,TX,48425,Somervell,0
48,TX,48427,Starr,4.205
48,TX,48429,Stephens,0
48,TX,48431,Sterling,0
48,TX,48433,Stonewall,0
48,TX,48435,Sutton,0
48,TX,48437,Swisher,9.99
48,TX,48439,Tarrant,3.549
48,TX,48441,Taylor,0
48,TX,48443,Terrell,0
48,TX,48445,Terry,6.319
48,TX,48447,Throckmorton,0
48,TX,48449,Titus,0
48,TX,48451,Tom Green,7.816
48,TX,48453,Travis,3.902
48,TX,48455,Trinity,0
48,TX,48457,Tyler,0
48,TX,48459,Upshur,0
48,TX,48461,Upton,0
48,TX,48463,Uvalde,6.752
48,TX,48465,Val Verde,0
48,TX,48467,Van Zandt,0
48,TX,48469,Victoria,4.364
48,TX,48471,Walker,2.869
48,TX,48473,Waller,4.562
48,TX,48475,Ward,0
48,TX,48477,Washington,2.756
48,TX,48479,Webb,0
48,TX,48481,Wharton,5.626
48,TX,48483,Wheeler,10.887
48,TX,48485,Wichita,4
48,TX,48487,Wilbarger,4.592
48,TX,48489,Willacy,3.908
48,TX,48491,Williamson,4.281
48,TX,48493,Wilson,4.028
48,TX,48495,Winkler,0
48,TX,48497,Wise,3.202
48,TX,48499,Wood,0
48,TX,48501,Yoakum,0
48,TX,48503,Young,0
48,TX,48505,Zapata,0
48,TX,48507,Zavala,5.306
49,UT,49001,Beaver,1.868
49,UT,49003,Box Elder,9.254
49,UT,49005,Cache,7.872
49,UT,49007,Carbon,7.365
49,UT,49009,Daggett,0
49,UT,49011,Davis,9.019
49,UT,49013,Duchesne,7.856
49,UT,49015,Emery,8.411
49,UT,49017,Garfield,0
49,UT,49019,Grand,0
49,UT,49021,Iron,2.544
49,UT,49023,Juab,7.93
49,UT,49025,Kane,0
49,UT,49027,Millard,7.978
49,UT,49029,Morgan,0
49,UT,49031,Piute,0
49,UT,49033,Rich,0
49,UT,49035,Salt Lake,0
49,UT,49037,San Juan,0
49,UT,49039,Sanpete,1.614
49,UT,49041,Sevier,7.614
49,UT,49043,Summit,0
49,UT,49045,Tooele,4.109
49,UT,49047,Uintah,7.418
49,UT,49049,Utah,7.685
49,UT,49051,Wasatch,0
49,UT,49053,Washington,0
49,UT,49055,Wayne,0
49,UT,49057,Weber,8.688
50,VT,50001,Addison,0
50,VT,50003,Bennington,0
50,VT,50005,Caledonia,0
50,VT,50007,Chittenden,0
50,VT,50009,Essex,0
50,VT,50011,Franklin,0
50,VT,50013,Grand Isle,0
50,VT,50015,Lamoille,0
50,VT,50017,Orange,0
50,VT,50019,Orleans,0
50,VT,50021,Rutland,0
50,VT,50023,Washington,0
50,VT,50025,Windham,0
50,VT,50027,Windsor,0
51,VA,51001,Accomack,6.778
51,VA,51003,Albemarle,4.878
51,VA,51005,Alleghany,4.549
51,VA,51007,Amelia,5.721
51,VA,51009,Amherst,0
51,VA,51011,Appomattox,2.775
51,VA,51013,Arlington,0
51,VA,51015,Augusta,6.415
51,VA,51017,Bath,4.016
51,VA,51019,Bedford,3.074
51,VA,51021,Bland,0
51,VA,51023,Botetourt,6.03
51,VA,51025,Brunswick,2.935
51,VA,51027,Buchanan,0
51,VA,51029,Buckingham,3.351
51,VA,51031,Campbell,4.899
51,VA,51033,Caroline,6.553
51,VA,51035,Carroll,0
51,VA,51036,Charles City,7.183
51,VA,51037,Charlotte,5.134
51,VA,51041,Chesterfield,0
51,VA,51043,Clarke,5.219
51,VA,51045,Craig,0
51,VA,51047,Culpeper,6.425
51,VA,51049,Cumberland,2.636
51,VA,51051,Dickenson,0
51,VA,51053,Dinwiddie,5.326
51,VA,51057,Essex,6.425
51,VA,51059,Fairfax,0
51,VA,51061,Fauquier,5.764
51,VA,51063,Floyd,0
51,VA,51065,Fluvanna,5.006
51,VA,51067,Franklin,5.475
51,VA,51069,Frederick,4.291
51,VA,51071,Giles,0
51,VA,51073,Gloucester,6.126
51,VA,51075,Goochland,5.23
51,VA,51077,Grayson,0
51,VA,51079,Greene,0
51,VA,51081,Greensville,4.899
51,VA,51083,Halifax,4.002
51,VA,51085,Hanover,6.436
51,VA,51087,Henrico,6.265
51,VA,51089,Henry,0
51,VA,51091,Highland,0
51,VA,51093,Isle of Wight,5.177
51,VA,51095,James City,6.778
51,VA,51097,King and Queen,6.052
51,VA,51099,King George,5.977
51,VA,51101,King William,7.108
51,VA,51103,Lancaster,6.393
51,VA,51105,Lee,2.85
51,VA,51107,Loudoun,5.369
51,VA,51109,Louisa,5.742
51,VA,51111,Lunenburg,0
51,VA,51113,Madison,6.03
51,VA,51115,Mathews,6.073
51,VA,51117,Mecklenburg,5.273
51,VA,51119,Middlesex,6.671
51,VA,51121,Montgomery,4.664
51,VA,51125,Nelson,4.536
51,VA,51127,New Kent,6.361
51,VA,51131,Northampton,7.471
51,VA,51133,Northumberland,6.799
51,VA,51135,Nottoway,2.145
51,VA,51137,Orange,5.892
51,VA,51139,Page,4.803
51,VA,51141,Patrick,6.575
51,VA,51143,Pittsylvania,4.419
51,VA,51145,Powhatan,5.7
51,VA,51147,Prince Edward,2.668
51,VA,51149,Prince George,6.863
51,VA,51153,Prince William,4.771
51,VA,51155,Pulaski,1.452
51,VA,51157,Rappahannock,5.497
51,VA,51159,Richmond,6.393
51,VA,51161,Roanoke,0
51,VA,51163,Rockbridge,6.372
51,VA,51165,Rockingham,6.959
51,VA,51167,Russell,0
51,VA,51169,Scott,0
51,VA,51171,Shenandoah,6.5
51,VA,51173,Smyth,0
51,VA,51175,Southampton,5.23
51,VA,51177,Spotsylvania,5.198
51,VA,51179,Stafford,5.764
51,VA,51181,Surry,5.902
51,VA,51183,Sussex,5.774
51,VA,51185,Tazewell,0
51,VA,51187,Warren,3.709
51,VA,51191,Washington,2.722
51,VA,51193,Westmoreland,6.692
51,VA,51195,Wise,0
51,VA,51197,Wythe,2.444
51,VA,51199,York,0
51,VA,51510,Alexandria,0
51,VA,51515,Bedford,0
51,VA,51520,Bristol,0
51,VA,51530,Buena Vista,0
51,VA,51540,Charlottesville,0
51,VA,51550,Chesapeake,7.108
51,VA,51570,Colonial Heights,0
51,VA,51580,Covington,0
51,VA,51590,Danville,0
51,VA,51595,Emporia,0
51,VA,51600,Fairfax,0
51,VA,51610,Falls Church,0
51,VA,51620,Franklin,0
51,VA,51630,Fredericksburg,0
51,VA,51640,Galax,0
51,VA,51650,Hampton,0
51,VA,51660,Harrisonburg,0
51,VA,51670,Hopewell,0
51,VA,51678,Lexington,0
51,VA,51680,Lynchburg,0
51,VA,51683,Manassas,0
51,VA,51685,Manassas Park,0
51,VA,51690,Martinsville,0
51,VA,51700,Newport News,0
51,VA,51710,Norfolk,0
51,VA,51720,Norton,0
51,VA,51730,Petersburg,0
51,VA,51735,Poquoson,0
51,VA,51740,Portsmouth,0
51,VA,51750,Radford,0
51,VA,51760,Richmond,0
51,VA,51770,Roanoke,0
51,VA,51775,Salem,0
51,VA,51790,Staunton,0
51,VA,51800,Suffolk,5.337
51,VA,51810,Virginia Beach,7.172
51,VA,51820,Waynesboro,0
51,VA,51830,Williamsburg,0
51,VA,51840,Winchester,0
53,WA,53001,Adams,10.988
53,WA,53003,Asotin,0
53,WA,53005,Benton,0
53,WA,53007,Chelan,0
53,WA,53009,Clallam,0
53,WA,53011,Clark,0
53,WA,53013,Columbia,0
53,WA,53015,Cowlitz,0
53,WA,53017,Douglas,0
53,WA,53019,Ferry,0
53,WA,53021,Franklin,10.783
53,WA,53023,Garfield,0
53,WA,53025,Grant,10.638
53,WA,53027,Grays Harbor,0
53,WA,53029,Island,0
53,WA,53031,Jefferson,0
53,WA,53033,King,0
53,WA,53035,Kitsap,0
53,WA,53037,Kittitas,0
53,WA,53039,Klickitat,0
53,WA,53041,Lewis,0
53,WA,53043,Lincoln,0
53,WA,53045,Mason,0
53,WA,53047,Okanogan,0
53,WA,53049,Pacific,0
53,WA,53051,Pend Oreille,0
53,WA,53053,Pierce,0
53,WA,53055,San Juan,0
53,WA,53057,Skagit,0
53,WA,53059,Skamania,0
53,WA,53061,Snohomish,0
53,WA,53063,Spokane,0
53,WA,53065,Stevens,0
53,WA,53067,Thurston,0
53,WA,53069,Wahkiakum,0
53,WA,53071,Walla Walla,0
53,WA,53073,Whatcom,0
53,WA,53075,Whitman,0
53,WA,53077,Yakima,10.623
54,WV,54001,Barbour,0
54,WV,54003,Berkeley,4.963
54,WV,54005,Boone,0
54,WV,54007,Braxton,0
54,WV,54009,Brooke,0
54,WV,54011,Cabell,0
54,WV,54013,Calhoun,0
54,WV,54015,Clay,0
54,WV,54017,Doddridge,0
54,WV,54019,Fayette,0
54,WV,54021,Gilmer,0
54,WV,54023,Grant,0
54,WV,54025,Greenbrier,0
54,WV,54027,Hampshire,0
54,WV,54029,Hancock,0
54,WV,54031,Hardy,7.408
54,WV,54033,Harrison,0
54,WV,54035,Jackson,0
54,WV,54037,Jefferson,6.227
54,WV,54039,Kanawha,0
54,WV,54041,Lewis,0
54,WV,54043,Lincoln,0
54,WV,54045,Logan,0
54,WV,54047,McDowell,0
54,WV,54049,Marion,0
54,WV,54051,Marshall,0
54,WV,54053,Mason,6.339
54,WV,54055,Mercer,0
54,WV,54057,Mineral,0
54,WV,54059,Mingo,0
54,WV,54061,Monongalia,0
54,WV,54063,Monroe,0
54,WV,54065,Morgan,0
54,WV,54067,Nicholas,0
54,WV,54069,Ohio,0
54,WV,54071,Pendleton,0
54,WV,54073,Pleasants,0
54,WV,54075,Pocahontas,0
54,WV,54077,Preston,6.246
54,WV,54079,Putnam,0
54,WV,54081,Raleigh,0
54,WV,54083,Randolph,0
54,WV,54085,Ritchie,0
54,WV,54087,Roane,0
54,WV,54089,Summers,0
54,WV,54091,Taylor,0
54,WV,54093,Tucker,0
54,WV,54095,Tyler,0
54,WV,54097,Upshur,0
54,WV,54099,Wayne,0
54,WV,54101,Webster,0
54,WV,54103,Wetzel,0
54,WV,54105,Wirt,0
54,WV,54107,Wood,0
54,WV,54109,Wyoming,0
55,WI,55001,Adams,7.059
55,WI,55003,Ashland,0
55,WI,55005,Barron,6.659
55,WI,55007,Bayfield,0
55,WI,55009,Brown,7.884
55,WI,55011,Buffalo,8.466
55,WI,55013,Burnett,5.409
55,WI,55015,Calumet,8.66
55,WI,55017,Chippewa,6.343
55,WI,55019,Clark,7.144
55,WI,55021,Columbia,9
55,WI,55023,Crawford,9.23
55,WI,55025,Dane,9.509
55,WI,55027,Dodge,9.121
55,WI,55029,Door,6.634
55,WI,55031,Douglas,0
55,WI,55033,Dunn,7.314
55,WI,55035,Eau Claire,7.884
55,WI,55037,Florence,0
55,WI,55039,Fond du Lac,8.805
55,WI,55041,Forest,0
55,WI,55043,Grant,10.067
55,WI,55045,Green,9.291
55,WI,55047,Green Lake,8.041
55,WI,55049,Iowa,9.4
55,WI,55051,Iron,0
55,WI,55053,Jackson,8.175
55,WI,55055,Jefferson,9.206
55,WI,55057,Juneau,7.556
55,WI,55059,Kenosha,8.357
55,WI,55061,Kewaunee,7.847
55,WI,55063,La Crosse,8.805
55,WI,55065,Lafayette,10.176
55,WI,55067,Langlade,5.931
55,WI,55069,Lincoln,6.562
55,WI,55071,Manitowoc,8.223
55,WI,55073,Marathon,6.574
55,WI,55075,Marinette,6.004
55,WI,55077,Marquette,6.319
55,WI,55078,Menominee,0
55,WI,55079,Milwaukee,8.02
55,WI,55081,Monroe,7.787
55,WI,55083,Oconto,7.265
55,WI,55085,Oneida,0
55,WI,55087,Outagamie,8.369
55,WI,55089,Ozaukee,7.981
55,WI,55091,Pepin,8.369
55,WI,55093,Pierce,8.502
55,WI,55095,Polk,6.647
55,WI,55097,Portage,8.175
55,WI,55099,Price,6.101
55,WI,55101,Racine,8.429
55,WI,55103,Richland,8.939
55,WI,55105,Rock,9.291
55,WI,55107,Rusk,6.295
55,WI,55109,St. Croix,7.047
55,WI,55111,Sauk,8.684
55,WI,55113,Sawyer,4.197
55,WI,55115,Shawano,7.629
55,WI,55117,Sheboygan,7.568
55,WI,55119,Taylor,6.719
55,WI,55121,Trempealeau,8.09
55,WI,55123,Vernon,8.575
55,WI,55125,Vilas,0
55,WI,55127,Walworth,8.878
55,WI,55129,Washburn,4.924
55,WI,55131,Washington,7.944
55,WI,55133,Waukesha,8.393
55,WI,55135,Waupaca,7.738
55,WI,55137,Waushara,7.69
55,WI,55139,Winnebago,7.496
55,WI,55141,Wood,7.52
56,WY,56001,Albany,0
56,WY,56003,Big Horn,6.372
56,WY,56005,Campbell,0
56,WY,56007,Carbon,0
56,WY,56009,Converse,0
56,WY,56011,Crook,0
56,WY,56013,Fremont,6.92
56,WY,56015,Goshen,1.601
56,WY,56017,Hot Springs,7.631
56,WY,56019,Johnson,0
56,WY,56021,Laramie,2.046
56,WY,56023,Lincoln,0
56,WY,56025,Natrona,0
56,WY,56027,Niobrara,6.048
56,WY,56029,Park,7.354
56,WY,56031,Platte,6.991
56,WY,56033,Sheridan,0
56,WY,56035,Sublette,0
56,WY,56037,Sweetwater,0
56,WY,56039,Teton,0
56,WY,56041,Uinta,0
56,WY,56043,Washakie,7.436
56,WY,56045,Weston,0
