STATEFP,STATE,County_FIPS,County_NAME,energycane_yield
1,AL,1001,Autauga,0
1,AL,1003,Baldwin,45.66564
1,AL,1005,Barbour,0
1,AL,1007,Bibb,0
1,AL,1009,Blount,0
1,AL,1011,Bullock,0
1,AL,1013,Butler,0
1,AL,1015,Calhoun,0
1,AL,1017,Chambers,0
1,AL,1019,Cherokee,0
1,AL,1021,Chilton,0
1,AL,1023,Choctaw,0
1,AL,1025,Clarke,0
1,AL,1027,Clay,0
1,AL,1029,Cleburne,0
1,AL,1031,Coffee,0
1,AL,1033,Colbert,0
1,AL,1035,Conecuh,0
1,AL,1037,Coosa,0
1,AL,1039,Covington,0
1,AL,1041,Crenshaw,0
1,AL,1043,Cullman,0
1,AL,1045,Dale,0
1,AL,1047,Dallas,0
1,AL,1049,DeKalb,0
1,AL,1051,Elmore,0
1,AL,1053,Escambia,41.705217
1,AL,1055,Etowah,0
1,AL,1057,Fayette,0
1,AL,1059,Franklin,0
1,AL,1061,Geneva,38.408509
1,AL,1063,Greene,0
1,AL,1065,Hale,0
1,AL,1067,Henry,0
1,AL,1069,Houston,0
1,AL,1071,Jackson,0
1,AL,1073,Jefferson,0
1,AL,1075,Lamar,0
1,AL,1077,Lauderdale,0
1,AL,1079,Lawrence,0
1,AL,1081,Lee,0
1,AL,1083,Limestone,0
1,AL,1085,Lowndes,0
1,AL,1087,Macon,0
1,AL,1089,Madison,0
1,AL,1091,Marengo,0
1,AL,1093,Marion,0
1,AL,1095,Marshall,0
1,AL,1097,Mobile,43.186321
1,AL,1099,Monroe,0
1,AL,1101,Montgomery,0
1,AL,1103,Morgan,0
1,AL,1105,Perry,0
1,AL,1107,Pickens,0
1,AL,1109,Pike,0
1,AL,1111,Randolph,0
1,AL,1113,Russell,0
1,AL,1115,St. Clair,0
1,AL,1117,Shelby,0
1,AL,1119,Sumter,0
1,AL,1121,Talladega,0
1,AL,1123,Tallapoosa,0
1,AL,1125,Tuscaloosa,0
1,AL,1127,Walker,0
1,AL,1129,Washington,0
1,AL,1131,Wilcox,0
1,AL,1133,Winston,0
4,AZ,4001,Apache,0
4,AZ,4003,Cochise,0
4,AZ,4005,Coconino,0
4,AZ,4007,Gila,0
4,AZ,4009,Graham,0
4,AZ,4011,Greenlee,0
4,AZ,4012,La Paz,0
4,AZ,4013,Maricopa,0
4,AZ,4015,Mohave,0
4,AZ,4017,Navajo,0
4,AZ,4019,Pima,0
4,AZ,4021,Pinal,0
4,AZ,4023,Santa Cruz,0
4,AZ,4025,Yavapai,0
4,AZ,4027,Yuma,0
5,AR,5001,Arkansas,0
5,AR,5003,Ashley,0
5,AR,5005,Baxter,0
5,AR,5007,Benton,0
5,AR,5009,Boone,0
5,AR,5011,Bradley,0
5,AR,5013,Calhoun,0
5,AR,5015,Carroll,0
5,AR,5017,Chicot,0
5,AR,5019,Clark,0
5,AR,5021,Clay,0
5,AR,5023,Cleburne,0
5,AR,5025,Cleveland,0
5,AR,5027,Columbia,0
5,AR,5029,Conway,0
5,AR,5031,Craighead,0
5,AR,5033,Crawford,0
5,AR,5035,Crittenden,0
5,AR,5037,Cross,0
5,AR,5039,Dallas,0
5,AR,5041,Desha,0
5,AR,5043,Drew,0
5,AR,5045,Faulkner,0
5,AR,5047,Franklin,0
5,AR,5049,Fulton,0
5,AR,5051,Garland,0
5,AR,5053,Grant,0
5,AR,5055,Greene,0
5,AR,5057,Hempstead,0
5,AR,5059,Hot Spring,0
5,AR,5061,Howard,0
5,AR,5063,Independence,0
5,AR,5065,Izard,0
5,AR,5067,Jackson,0
5,AR,5069,Jefferson,0
5,AR,5071,Johnson,0
5,AR,5073,Lafayette,0
5,AR,5075,Lawrence,0
5,AR,5077,Lee,0
5,AR,5079,Lincoln,0
5,AR,5081,Little River,0
5,AR,5083,Logan,0
5,AR,5085,Lonoke,0
5,AR,5087,Madison,0
5,AR,5089,Marion,0
5,AR,5091,Miller,0
5,AR,5093,Mississippi,0
5,AR,5095,Monroe,0
5,AR,5097,Montgomery,0
5,AR,5099,Nevada,0
5,AR,5101,Newton,0
5,AR,5103,Ouachita,0
5,AR,5105,Perry,0
5,AR,5107,Phillips,0
5,AR,5109,Pike,0
5,AR,5111,Poinsett,0
5,AR,5113,Polk,0
5,AR,5115,Pope,0
5,AR,5117,Prairie,0
5,AR,5119,Pulaski,0
5,AR,5121,Randolph,0
5,AR,5123,St. Francis,0
5,AR,5125,Saline,0
5,AR,5127,Scott,0
5,AR,5129,Searcy,0
5,AR,5131,Sebastian,0
5,AR,5133,Sevier,0
5,AR,5135,Sharp,0
5,AR,5137,Stone,0
5,AR,5139,Union,0
5,AR,5141,Van Buren,0
5,AR,5143,Washington,0
5,AR,5145,White,0
5,AR,5147,Woodruff,0
5,AR,5149,Yell,0
6,CA,6001,Alameda,0
6,CA,6003,Alpine,0
6,CA,6005,Amador,0
6,CA,6007,Butte,0
6,CA,6009,Calaveras,0
6,CA,6011,Colusa,0
6,CA,6013,Contra Costa,0
6,CA,6015,Del Norte,0
6,CA,6017,El Dorado,0
6,CA,6019,Fresno,0
6,CA,6021,Glenn,0
6,CA,6023,Humboldt,0
6,CA,6025,Imperial,0
6,CA,6027,Inyo,0
6,CA,6029,Kern,0
6,CA,6031,Kings,0
6,CA,6033,Lake,0
6,CA,6035,Lassen,0
6,CA,6037,Los Angeles,0
6,CA,6039,Madera,0
6,CA,6041,Marin,0
6,CA,6043,Mariposa,0
6,CA,6045,Mendocino,0
6,CA,6047,Merced,0
6,CA,6049,Modoc,0
6,CA,6051,Mono,0
6,CA,6053,Monterey,0
6,CA,6055,Napa,0
6,CA,6057,Nevada,0
6,CA,6059,Orange,0
6,CA,6061,Placer,0
6,CA,6063,Plumas,0
6,CA,6065,Riverside,0
6,CA,6067,Sacramento,0
6,CA,6069,San Benito,0
6,CA,6071,San Bernardino,0
6,CA,6073,San Diego,0
6,CA,6075,San Francisco,0
6,CA,6077,San Joaquin,0
6,CA,6079,San Luis Obispo,0
6,CA,6081,San Mateo,0
6,CA,6083,Santa Barbara,0
6,CA,6085,Santa Clara,0
6,CA,6087,Santa Cruz,0
6,CA,6089,Shasta,0
6,CA,6091,Sierra,0
6,CA,6093,Siskiyou,0
6,CA,6095,Solano,0
6,CA,6097,Sonoma,0
6,CA,6099,Stanislaus,0
6,CA,6101,Sutter,0
6,CA,6103,Tehama,0
6,CA,6105,Trinity,0
6,CA,6107,Tulare,0
6,CA,6109,Tuolumne,0
6,CA,6111,Ventura,0
6,CA,6113,Yolo,0
6,CA,6115,Yuba,0
8,CO,8001,Adams,0
8,CO,8003,Alamosa,0
8,CO,8005,Arapahoe,0
8,CO,8007,Archuleta,0
8,CO,8009,Baca,0
8,CO,8011,Bent,0
8,CO,8013,Boulder,0
8,CO,8014,Broomfield,0
8,CO,8015,Chaffee,0
8,CO,8017,Cheyenne,0
8,CO,8019,Clear Creek,0
8,CO,8021,Conejos,0
8,CO,8023,Costilla,0
8,CO,8025,Crowley,0
8,CO,8027,Custer,0
8,CO,8029,Delta,0
8,CO,8031,Denver,0
8,CO,8033,Dolores,0
8,CO,8035,Douglas,0
8,CO,8037,Eagle,0
8,CO,8039,Elbert,0
8,CO,8041,El Paso,0
8,CO,8043,Fremont,0
8,CO,8045,Garfield,0
8,CO,8047,Gilpin,0
8,CO,8049,Grand,0
8,CO,8051,Gunnison,0
8,CO,8053,Hinsdale,0
8,CO,8055,Huerfano,0
8,CO,8057,Jackson,0
8,CO,8059,Jefferson,0
8,CO,8061,Kiowa,0
8,CO,8063,Kit Carson,0
8,CO,8065,Lake,0
8,CO,8067,La Plata,0
8,CO,8069,Larimer,0
8,CO,8071,Las Animas,0
8,CO,8073,Lincoln,0
8,CO,8075,Logan,0
8,CO,8077,Mesa,0
8,CO,8079,Mineral,0
8,CO,8081,Moffat,0
8,CO,8083,Montezuma,0
8,CO,8085,Montrose,0
8,CO,8087,Morgan,0
8,CO,8089,Otero,0
8,CO,8091,Ouray,0
8,CO,8093,Park,0
8,CO,8095,Phillips,0
8,CO,8097,Pitkin,0
8,CO,8099,Prowers,0
8,CO,8101,Pueblo,0
8,CO,8103,Rio Blanco,0
8,CO,8105,Rio Grande,0
8,CO,8107,Routt,0
8,CO,8109,Saguache,0
8,CO,8111,San Juan,0
8,CO,8113,San Miguel,0
8,CO,8115,Sedgwick,0
8,CO,8117,Summit,0
8,CO,8119,Teller,0
8,CO,8121,Washington,0
8,CO,8123,Weld,0
8,CO,8125,Yuma,0
9,CT,9001,Fairfield,0
9,CT,9003,Hartford,0
9,CT,9005,Litchfield,0
9,CT,9007,Middlesex,0
9,CT,9009,New Haven,0
9,CT,9011,New London,0
9,CT,9013,Tolland,0
9,CT,9015,Windham,0
10,DE,10001,Kent,0
10,DE,10003,New Castle,0
10,DE,10005,Sussex,0
11,DC,11001,District of Columbia,0
12,FL,12001,Alachua,39.692104
12,FL,12003,Baker,40.324062
12,FL,12005,Bay,36.721318
12,FL,12007,Bradford,40.412017
12,FL,12009,Brevard,0
12,FL,12011,Broward,23.574368
12,FL,12013,Calhoun,38.228755
12,FL,12015,Charlotte,38.877038
12,FL,12017,Citrus,36.372243
12,FL,12019,Clay,40.558992
12,FL,12021,Collier,29.944095
12,FL,12023,Columbia,40.124008
12,FL,12027,DeSoto,38.295354
12,FL,12029,Dixie,39.251791
12,FL,12031,Duval,37.720242
12,FL,12033,Escambia,44.176703
12,FL,12035,Flagler,40.207427
12,FL,12037,Franklin,36.178047
12,FL,12039,Gadsden,35.978001
12,FL,12041,Gilchrist,39.508682
12,FL,12043,Glades,37.843679
12,FL,12045,Gulf,37.062656
12,FL,12047,Hamilton,38.787261
12,FL,12049,Hardee,38.283335
12,FL,12051,Hendry,38.220088
12,FL,12053,Hernando,33.912316
12,FL,12055,Highlands,38.662668
12,FL,12057,Hillsborough,33.324914
12,FL,12059,Holmes,38.067034
12,FL,12061,Indian River,0
12,FL,12063,Jackson,36.529628
12,FL,12065,Jefferson,37.682771
12,FL,12067,Lafayette,39.780227
12,FL,12069,Lake,36.848314
12,FL,12071,Lee,0
12,FL,12073,Leon,37.756301
12,FL,12075,Levy,38.467564
12,FL,12077,Liberty,38.386924
12,FL,12079,Madison,39.153052
12,FL,12081,Manatee,37.164372
12,FL,12083,Marion,38.368497
12,FL,12085,Martin,0
12,FL,12086,Miami-Dade,20.990236
12,FL,12087,Monroe,11.899677
12,FL,12089,Nassau,38.892919
12,FL,12091,Okaloosa,40.859113
12,FL,12093,Okeechobee,39.042357
12,FL,12095,Orange,38.230958
12,FL,12097,Osceola,38.095772
12,FL,12099,Palm Beach,36.041119
12,FL,12101,Pasco,32.181503
12,FL,12103,Pinellas,30.920684
12,FL,12105,Polk,36.919397
12,FL,12107,Putnam,39.522436
12,FL,12109,St. Johns,39.09634
12,FL,12111,St. Lucie,39.807846
12,FL,12113,Santa Rosa,42.850728
12,FL,12115,Sarasota,0
12,FL,12117,Seminole,39.606316
12,FL,12119,Sumter,36.364591
12,FL,12121,Suwannee,39.142303
12,FL,12123,Taylor,40.078995
12,FL,12125,Union,40.418069
12,FL,12127,Volusia,40.367135
12,FL,12129,Wakulla,37.561774
12,FL,12131,Walton,32.782901
12,FL,12133,Washington,37.462113
13,GA,13001,Appling,0
13,GA,13003,Atkinson,0
13,GA,13005,Bacon,0
13,GA,13007,Baker,0
13,GA,13009,Baldwin,0
13,GA,13011,Banks,0
13,GA,13013,Barrow,0
13,GA,13015,Bartow,0
13,GA,13017,Ben Hill,0
13,GA,13019,Berrien,0
13,GA,13021,Bibb,0
13,GA,13023,Bleckley,0
13,GA,13025,Brantley,0
13,GA,13027,Brooks,38.304355
13,GA,13029,Bryan,0
13,GA,13031,Bulloch,0
13,GA,13033,Burke,0
13,GA,13035,Butts,0
13,GA,13037,Calhoun,0
13,GA,13039,Camden,39.759541
13,GA,13043,Candler,0
13,GA,13045,Carroll,0
13,GA,13047,Catoosa,0
13,GA,13049,Charlton,38.851223
13,GA,13051,Chatham,0
13,GA,13053,Chattahoochee,0
13,GA,13055,Chattooga,0
13,GA,13057,Cherokee,0
13,GA,13059,Clarke,0
13,GA,13061,Clay,0
13,GA,13063,Clayton,0
13,GA,13065,Clinch,38.520577
13,GA,13067,Cobb,0
13,GA,13069,Coffee,0
13,GA,13071,Colquitt,0
13,GA,13073,Columbia,0
13,GA,13075,Cook,37.85211
13,GA,13077,Coweta,0
13,GA,13079,Crawford,0
13,GA,13081,Crisp,0
13,GA,13083,Dade,0
13,GA,13085,Dawson,0
13,GA,13087,Decatur,34.818354
13,GA,13089,DeKalb,0
13,GA,13091,Dodge,0
13,GA,13093,Dooly,0
13,GA,13095,Dougherty,0
13,GA,13097,Douglas,0
13,GA,13099,Early,0
13,GA,13101,Echols,38.460159
13,GA,13103,Effingham,0
13,GA,13105,Elbert,0
13,GA,13107,Emanuel,0
13,GA,13109,Evans,0
13,GA,13111,Fannin,0
13,GA,13113,Fayette,0
13,GA,13115,Floyd,0
13,GA,13117,Forsyth,0
13,GA,13119,Franklin,0
13,GA,13121,Fulton,0
13,GA,13123,Gilmer,0
13,GA,13125,Glascock,0
13,GA,13127,Glynn,0
13,GA,13129,Gordon,0
13,GA,13131,Grady,36.696035
13,GA,13133,Greene,0
13,GA,13135,Gwinnett,0
13,GA,13137,Habersham,0
13,GA,13139,Hall,0
13,GA,13141,Hancock,0
13,GA,13143,Haralson,0
13,GA,13145,Harris,0
13,GA,13147,Hart,0
13,GA,13149,Heard,0
13,GA,13151,Henry,0
13,GA,13153,Houston,0
13,GA,13155,Irwin,0
13,GA,13157,Jackson,0
13,GA,13159,Jasper,0
13,GA,13161,Jeff Davis,0
13,GA,13163,Jefferson,0
13,GA,13165,Jenkins,0
13,GA,13167,Johnson,0
13,GA,13169,Jones,0
13,GA,13171,Lamar,0
13,GA,13173,Lanier,37.402216
13,GA,13175,Laurens,0
13,GA,13177,Lee,0
13,GA,13179,Liberty,0
13,GA,13181,Lincoln,0
13,GA,13183,Long,0
13,GA,13185,Lowndes,37.402216
13,GA,13187,Lumpkin,0
13,GA,13189,McDuffie,0
13,GA,13191,McIntosh,0
13,GA,13193,Macon,0
13,GA,13195,Madison,0
13,GA,13197,Marion,0
13,GA,13199,Meriwether,0
13,GA,13201,Miller,0
13,GA,13205,Mitchell,0
13,GA,13207,Monroe,0
13,GA,13209,Montgomery,0
13,GA,13211,Morgan,0
13,GA,13213,Murray,0
13,GA,13215,Muscogee,0
13,GA,13217,Newton,0
13,GA,13219,Oconee,0
13,GA,13221,Oglethorpe,0
13,GA,13223,Paulding,0
13,GA,13225,Peach,0
13,GA,13227,Pickens,0
13,GA,13229,Pierce,0
13,GA,13231,Pike,0
13,GA,13233,Polk,0
13,GA,13235,Pulaski,0
13,GA,13237,Putnam,0
13,GA,13239,Quitman,0
13,GA,13241,Rabun,0
13,GA,13243,Randolph,0
13,GA,13245,Richmond,0
13,GA,13247,Rockdale,0
13,GA,13249,Schley,0
13,GA,13251,Screven,0
13,GA,13253,Seminole,36.49858
13,GA,13255,Spalding,0
13,GA,13257,Stephens,0
13,GA,13259,Stewart,0
13,GA,13261,Sumter,0
13,GA,13263,Talbot,0
13,GA,13265,Taliaferro,0
13,GA,13267,Tattnall,0
13,GA,13269,Taylor,0
13,GA,13271,Telfair,0
13,GA,13273,Terrell,0
13,GA,13275,Thomas,38.359122
13,GA,13277,Tift,0
13,GA,13279,Toombs,0
13,GA,13281,Towns,0
13,GA,13283,Treutlen,0
13,GA,13285,Troup,0
13,GA,13287,Turner,0
13,GA,13289,Twiggs,0
13,GA,13291,Union,0
13,GA,13293,Upson,0
13,GA,13295,Walker,0
13,GA,13297,Walton,0
13,GA,13299,Ware,39.115215
13,GA,13301,Warren,0
13,GA,13303,Washington,0
13,GA,13305,Wayne,0
13,GA,13307,Webster,0
13,GA,13309,Wheeler,0
13,GA,13311,White,0
13,GA,13313,Whitfield,0
13,GA,13315,Wilcox,0
13,GA,13317,Wilkes,0
13,GA,13319,Wilkinson,0
13,GA,13321,Worth,0
16,ID,16001,Ada,0
16,ID,16003,Adams,0
16,ID,16005,Bannock,0
16,ID,16007,Bear Lake,0
16,ID,16009,Benewah,0
16,ID,16011,Bingham,0
16,ID,16013,Blaine,0
16,ID,16015,Boise,0
16,ID,16017,Bonner,0
16,ID,16019,Bonneville,0
16,ID,16021,Boundary,0
16,ID,16023,Butte,0
16,ID,16025,Camas,0
16,ID,16027,Canyon,0
16,ID,16029,Caribou,0
16,ID,16031,Cassia,0
16,ID,16033,Clark,0
16,ID,16035,Clearwater,0
16,ID,16037,Custer,0
16,ID,16039,Elmore,0
16,ID,16041,Franklin,0
16,ID,16043,Fremont,0
16,ID,16045,Gem,0
16,ID,16047,Gooding,0
16,ID,16049,Idaho,0
16,ID,16051,Jefferson,0
16,ID,16053,Jerome,0
16,ID,16055,Kootenai,0
16,ID,16057,Latah,0
16,ID,16059,Lemhi,0
16,ID,16061,Lewis,0
16,ID,16063,Lincoln,0
16,ID,16065,Madison,0
16,ID,16067,Minidoka,0
16,ID,16069,Nez Perce,0
16,ID,16071,Oneida,0
16,ID,16073,Owyhee,0
16,ID,16075,Payette,0
16,ID,16077,Power,0
16,ID,16079,Shoshone,0
16,ID,16081,Teton,0
16,ID,16083,Twin Falls,0
16,ID,16085,Valley,0
16,ID,16087,Washington,0
17,IL,17001,Adams,0
17,IL,17003,Alexander,0
17,IL,17005,Bond,0
17,IL,17007,Boone,0
17,IL,17009,Brown,0
17,IL,17011,Bureau,0
17,IL,17013,Calhoun,0
17,IL,17015,Carroll,0
17,IL,17017,Cass,0
17,IL,17019,Champaign,0
17,IL,17021,Christian,0
17,IL,17023,Clark,0
17,IL,17025,Clay,0
17,IL,17027,Clinton,0
17,IL,17029,Coles,0
17,IL,17031,Cook,0
17,IL,17033,Crawford,0
17,IL,17035,Cumberland,0
17,IL,17037,DeKalb,0
17,IL,17039,De Witt,0
17,IL,17041,Douglas,0
17,IL,17043,DuPage,0
17,IL,17045,Edgar,0
17,IL,17047,Edwards,0
17,IL,17049,Effingham,0
17,IL,17051,Fayette,0
17,IL,17053,Ford,0
17,IL,17055,Franklin,0
17,IL,17057,Fulton,0
17,IL,17059,Gallatin,0
17,IL,17061,Greene,0
17,IL,17063,Grundy,0
17,IL,17065,Hamilton,0
17,IL,17067,Hancock,0
17,IL,17069,Hardin,0
17,IL,17071,Henderson,0
17,IL,17073,Henry,0
17,IL,17075,Iroquois,0
17,IL,17077,Jackson,0
17,IL,17079,Jasper,0
17,IL,17081,Jefferson,0
17,IL,17083,Jersey,0
17,IL,17085,Jo Daviess,0
17,IL,17087,Johnson,0
17,IL,17089,Kane,0
17,IL,17091,Kankakee,0
17,IL,17093,Kendall,0
17,IL,17095,Knox,0
17,IL,17097,Lake,0
17,IL,17099,LaSalle,0
17,IL,17101,Lawrence,0
17,IL,17103,Lee,0
17,IL,17105,Livingston,0
17,IL,17107,Logan,0
17,IL,17109,McDonough,0
17,IL,17111,McHenry,0
17,IL,17113,McLean,0
17,IL,17115,Macon,0
17,IL,17117,Macoupin,0
17,IL,17119,Madison,0
17,IL,17121,Marion,0
17,IL,17123,Marshall,0
17,IL,17125,Mason,0
17,IL,17127,Massac,0
17,IL,17129,Menard,0
17,IL,17131,Mercer,0
17,IL,17133,Monroe,0
17,IL,17135,Montgomery,0
17,IL,17137,Morgan,0
17,IL,17139,Moultrie,0
17,IL,17141,Ogle,0
17,IL,17143,Peoria,0
17,IL,17145,Perry,0
17,IL,17147,Piatt,0
17,IL,17149,Pike,0
17,IL,17151,Pope,0
17,IL,17153,Pulaski,0
17,IL,17155,Putnam,0
17,IL,17157,Randolph,0
17,IL,17159,Richland,0
17,IL,17161,Rock Island,0
17,IL,17163,St. Clair,0
17,IL,17165,Saline,0
17,IL,17167,Sangamon,0
17,IL,17169,Schuyler,0
17,IL,17171,Scott,0
17,IL,17173,Shelby,0
17,IL,17175,Stark,0
17,IL,17177,Stephenson,0
17,IL,17179,Tazewell,0
17,IL,17181,Union,0
17,IL,17183,Vermilion,0
17,IL,17185,Wabash,0
17,IL,17187,Warren,0
17,IL,17189,Washington,0
17,IL,17191,Wayne,0
17,IL,17193,White,0
17,IL,17195,Whiteside,0
17,IL,17197,Will,0
17,IL,17199,Williamson,0
17,IL,17201,Winnebago,0
17,IL,17203,Woodford,0
18,IN,18001,Adams,0
18,IN,18003,Allen,0
18,IN,18005,Bartholomew,0
18,IN,18007,Benton,0
18,IN,18009,Blackford,0
18,IN,18011,Boone,0
18,IN,18013,Brown,0
18,IN,18015,Carroll,0
18,IN,18017,Cass,0
18,IN,18019,Clark,0
18,IN,18021,Clay,0
18,IN,18023,Clinton,0
18,IN,18025,Crawford,0
18,IN,18027,Daviess,0
18,IN,18029,Dearborn,0
18,IN,18031,Decatur,0
18,IN,18033,DeKalb,0
18,IN,18035,Delaware,0
18,IN,18037,Dubois,0
18,IN,18039,Elkhart,0
18,IN,18041,Fayette,0
18,IN,18043,Floyd,0
18,IN,18045,Fountain,0
18,IN,18047,Franklin,0
18,IN,18049,Fulton,0
18,IN,18051,Gibson,0
18,IN,18053,Grant,0
18,IN,18055,Greene,0
18,IN,18057,Hamilton,0
18,IN,18059,Hancock,0
18,IN,18061,Harrison,0
18,IN,18063,Hendricks,0
18,IN,18065,Henry,0
18,IN,18067,Howard,0
18,IN,18069,Huntington,0
18,IN,18071,Jackson,0
18,IN,18073,Jasper,0
18,IN,18075,Jay,0
18,IN,18077,Jefferson,0
18,IN,18079,Jennings,0
18,IN,18081,Johnson,0
18,IN,18083,Knox,0
18,IN,18085,Kosciusko,0
18,IN,18087,LaGrange,0
18,IN,18089,Lake,0
18,IN,18091,LaPorte,0
18,IN,18093,Lawrence,0
18,IN,18095,Madison,0
18,IN,18097,Marion,0
18,IN,18099,Marshall,0
18,IN,18101,Martin,0
18,IN,18103,Miami,0
18,IN,18105,Monroe,0
18,IN,18107,Montgomery,0
18,IN,18109,Morgan,0
18,IN,18111,Newton,0
18,IN,18113,Noble,0
18,IN,18115,Ohio,0
18,IN,18117,Orange,0
18,IN,18119,Owen,0
18,IN,18121,Parke,0
18,IN,18123,Perry,0
18,IN,18125,Pike,0
18,IN,18127,Porter,0
18,IN,18129,Posey,0
18,IN,18131,Pulaski,0
18,IN,18133,Putnam,0
18,IN,18135,Randolph,0
18,IN,18137,Ripley,0
18,IN,18139,Rush,0
18,IN,18141,St. Joseph,0
18,IN,18143,Scott,0
18,IN,18145,Shelby,0
18,IN,18147,Spencer,0
18,IN,18149,Starke,0
18,IN,18151,Steuben,0
18,IN,18153,Sullivan,0
18,IN,18155,Switzerland,0
18,IN,18157,Tippecanoe,0
18,IN,18159,Tipton,0
18,IN,18161,Union,0
18,IN,18163,Vanderburgh,0
18,IN,18165,Vermillion,0
18,IN,18167,Vigo,0
18,IN,18169,Wabash,0
18,IN,18171,Warren,0
18,IN,18173,Warrick,0
18,IN,18175,Washington,0
18,IN,18177,Wayne,0
18,IN,18179,Wells,0
18,IN,18181,White,0
18,IN,18183,Whitley,0
19,IA,19001,Adair,0
19,IA,19003,Adams,0
19,IA,19005,Allamakee,0
19,IA,19007,Appanoose,0
19,IA,19009,Audubon,0
19,IA,19011,Benton,0
19,IA,19013,Black Hawk,0
19,IA,19015,Boone,0
19,IA,19017,Bremer,0
19,IA,19019,Buchanan,0
19,IA,19021,Buena Vista,0
19,IA,19023,Butler,0
19,IA,19025,Calhoun,0
19,IA,19027,Carroll,0
19,IA,19029,Cass,0
19,IA,19031,Cedar,0
19,IA,19033,Cerro Gordo,0
19,IA,19035,Cherokee,0
19,IA,19037,Chickasaw,0
19,IA,19039,Clarke,0
19,IA,19041,Clay,0
19,IA,19043,Clayton,0
19,IA,19045,Clinton,0
19,IA,19047,Crawford,0
19,IA,19049,Dallas,0
19,IA,19051,Davis,0
19,IA,19053,Decatur,0
19,IA,19055,Delaware,0
19,IA,19057,Des Moines,0
19,IA,19059,Dickinson,0
19,IA,19061,Dubuque,0
19,IA,19063,Emmet,0
19,IA,19065,Fayette,0
19,IA,19067,Floyd,0
19,IA,19069,Franklin,0
19,IA,19071,Fremont,0
19,IA,19073,Greene,0
19,IA,19075,Grundy,0
19,IA,19077,Guthrie,0
19,IA,19079,Hamilton,0
19,IA,19081,Hancock,0
19,IA,19083,Hardin,0
19,IA,19085,Harrison,0
19,IA,19087,Henry,0
19,IA,19089,Howard,0
19,IA,19091,Humboldt,0
19,IA,19093,Ida,0
19,IA,19095,Iowa,0
19,IA,19097,Jackson,0
19,IA,19099,Jasper,0
19,IA,19101,Jefferson,0
19,IA,19103,Johnson,0
19,IA,19105,Jones,0
19,IA,19107,Keokuk,0
19,IA,19109,Kossuth,0
19,IA,19111,Lee,0
19,IA,19113,Linn,0
19,IA,19115,Louisa,0
19,IA,19117,Lucas,0
19,IA,19119,Lyon,0
19,IA,19121,Madison,0
19,IA,19123,Mahaska,0
19,IA,19125,Marion,0
19,IA,19127,Marshall,0
19,IA,19129,Mills,0
19,IA,19131,Mitchell,0
19,IA,19133,Monona,0
19,IA,19135,Monroe,0
19,IA,19137,Montgomery,0
19,IA,19139,Muscatine,0
19,IA,19141,O'Brien,0
19,IA,19143,Osceola,0
19,IA,19145,Page,0
19,IA,19147,Palo Alto,0
19,IA,19149,Plymouth,0
19,IA,19151,Pocahontas,0
19,IA,19153,Polk,0
19,IA,19155,Pottawattamie,0
19,IA,19157,Poweshiek,0
19,IA,19159,Ringgold,0
19,IA,19161,Sac,0
19,IA,19163,Scott,0
19,IA,19165,Shelby,0
19,IA,19167,Sioux,0
19,IA,19169,Story,0
19,IA,19171,Tama,0
19,IA,19173,Taylor,0
19,IA,19175,Union,0
19,IA,19177,Van Buren,0
19,IA,19179,Wapello,0
19,IA,19181,Warren,0
19,IA,19183,Washington,0
19,IA,19185,Wayne,0
19,IA,19187,Webster,0
19,IA,19189,Winnebago,0
19,IA,19191,Winneshiek,0
19,IA,19193,Woodbury,0
19,IA,19195,Worth,0
19,IA,19197,Wright,0
20,KS,20001,Allen,0
20,KS,20003,Anderson,0
20,KS,20005,Atchison,0
20,KS,20007,Barber,0
20,KS,20009,Barton,0
20,KS,20011,Bourbon,0
20,KS,20013,Brown,0
20,KS,20015,Butler,0
20,KS,20017,Chase,0
20,KS,20019,Chautauqua,0
20,KS,20021,Cherokee,0
20,KS,20023,Cheyenne,0
20,KS,20025,Clark,0
20,KS,20027,Clay,0
20,KS,20029,Cloud,0
20,KS,20031,Coffey,0
20,KS,20033,Comanche,0
20,KS,20035,Cowley,0
20,KS,20037,Crawford,0
20,KS,20039,Decatur,0
20,KS,20041,Dickinson,0
20,KS,20043,Doniphan,0
20,KS,20045,Douglas,0
20,KS,20047,Edwards,0
20,KS,20049,Elk,0
20,KS,20051,Ellis,0
20,KS,20053,Ellsworth,0
20,KS,20055,Finney,0
20,KS,20057,Ford,0
20,KS,20059,Franklin,0
20,KS,20061,Geary,0
20,KS,20063,Gove,0
20,KS,20065,Graham,0
20,KS,20067,Grant,0
20,KS,20069,Gray,0
20,KS,20071,Greeley,0
20,KS,20073,Greenwood,0
20,KS,20075,Hamilton,0
20,KS,20077,Harper,0
20,KS,20079,Harvey,0
20,KS,20081,Haskell,0
20,KS,20083,Hodgeman,0
20,KS,20085,Jackson,0
20,KS,20087,Jefferson,0
20,KS,20089,Jewell,0
20,KS,20091,Johnson,0
20,KS,20093,Kearny,0
20,KS,20095,Kingman,0
20,KS,20097,Kiowa,0
20,KS,20099,Labette,0
20,KS,20101,Lane,0
20,KS,20103,Leavenworth,0
20,KS,20105,Lincoln,0
20,KS,20107,Linn,0
20,KS,20109,Logan,0
20,KS,20111,Lyon,0
20,KS,20113,McPherson,0
20,KS,20115,Marion,0
20,KS,20117,Marshall,0
20,KS,20119,Meade,0
20,KS,20121,Miami,0
20,KS,20123,Mitchell,0
20,KS,20125,Montgomery,0
20,KS,20127,Morris,0
20,KS,20129,Morton,0
20,KS,20131,Nemaha,0
20,KS,20133,Neosho,0
20,KS,20135,Ness,0
20,KS,20137,Norton,0
20,KS,20139,Osage,0
20,KS,20141,Osborne,0
20,KS,20143,Ottawa,0
20,KS,20145,Pawnee,0
20,KS,20147,Phillips,0
20,KS,20149,Pottawatomie,0
20,KS,20151,Pratt,0
20,KS,20153,Rawlins,0
20,KS,20155,Reno,0
20,KS,20157,Republic,0
20,KS,20159,Rice,0
20,KS,20161,Riley,0
20,KS,20163,Rooks,0
20,KS,20165,Rush,0
20,KS,20167,Russell,0
20,KS,20169,Saline,0
20,KS,20171,Scott,0
20,KS,20173,Sedgwick,0
20,KS,20175,Seward,0
20,KS,20177,Shawnee,0
20,KS,20179,Sheridan,0
20,KS,20181,Sherman,0
20,KS,20183,Smith,0
20,KS,20185,Stafford,0
20,KS,20187,Stanton,0
20,KS,20189,Stevens,0
20,KS,20191,Sumner,0
20,KS,20193,Thomas,0
20,KS,20195,Trego,0
20,KS,20197,Wabaunsee,0
20,KS,20199,Wallace,0
20,KS,20201,Washington,0
20,KS,20203,Wichita,0
20,KS,20205,Wilson,0
20,KS,20207,Woodson,0
20,KS,20209,Wyandotte,0
21,KY,21001,Adair,0
21,KY,21003,Allen,0
21,KY,21005,Anderson,0
21,KY,21007,Ballard,0
21,KY,21009,Barren,0
21,KY,21011,Bath,0
21,KY,21013,Bell,0
21,KY,21015,Boone,0
21,KY,21017,Bourbon,0
21,KY,21019,Boyd,0
21,KY,21021,Boyle,0
21,KY,21023,Bracken,0
21,KY,21025,Breathitt,0
21,KY,21027,Breckinridge,0
21,KY,21029,Bullitt,0
21,KY,21031,Butler,0
21,KY,21033,Caldwell,0
21,KY,21035,Calloway,0
21,KY,21037,Campbell,0
21,KY,21039,Carlisle,0
21,KY,21041,Carroll,0
21,KY,21043,Carter,0
21,KY,21045,Casey,0
21,KY,21047,Christian,0
21,KY,21049,Clark,0
21,KY,21051,Clay,0
21,KY,21053,Clinton,0
21,KY,21055,Crittenden,0
21,KY,21057,Cumberland,0
21,KY,21059,Daviess,0
21,KY,21061,Edmonson,0
21,KY,21063,Elliott,0
21,KY,21065,Estill,0
21,KY,21067,Fayette,0
21,KY,21069,Fleming,0
21,KY,21071,Floyd,0
21,KY,21073,Franklin,0
21,KY,21075,Fulton,0
21,KY,21077,Gallatin,0
21,KY,21079,Garrard,0
21,KY,21081,Grant,0
21,KY,21083,Graves,0
21,KY,21085,Grayson,0
21,KY,21087,Green,0
21,KY,21089,Greenup,0
21,KY,21091,Hancock,0
21,KY,21093,Hardin,0
21,KY,21095,Harlan,0
21,KY,21097,Harrison,0
21,KY,21099,Hart,0
21,KY,21101,Henderson,0
21,KY,21103,Henry,0
21,KY,21105,Hickman,0
21,KY,21107,Hopkins,0
21,KY,21109,Jackson,0
21,KY,21111,Jefferson,0
21,KY,21113,Jessamine,0
21,KY,21115,Johnson,0
21,KY,21117,Kenton,0
21,KY,21119,Knott,0
21,KY,21121,Knox,0
21,KY,21123,Larue,0
21,KY,21125,Laurel,0
21,KY,21127,Lawrence,0
21,KY,21129,Lee,0
21,KY,21131,Leslie,0
21,KY,21133,Letcher,0
21,KY,21135,Lewis,0
21,KY,21137,Lincoln,0
21,KY,21139,Livingston,0
21,KY,21141,Logan,0
21,KY,21143,Lyon,0
21,KY,21145,McCracken,0
21,KY,21147,McCreary,0
21,KY,21149,McLean,0
21,KY,21151,Madison,0
21,KY,21153,Magoffin,0
21,KY,21155,Marion,0
21,KY,21157,Marshall,0
21,KY,21159,Martin,0
21,KY,21161,Mason,0
21,KY,21163,Meade,0
21,KY,21165,Menifee,0
21,KY,21167,Mercer,0
21,KY,21169,Metcalfe,0
21,KY,21171,Monroe,0
21,KY,21173,Montgomery,0
21,KY,21175,Morgan,0
21,KY,21177,Muhlenberg,0
21,KY,21179,Nelson,0
21,KY,21181,Nicholas,0
21,KY,21183,Ohio,0
21,KY,21185,Oldham,0
21,KY,21187,Owen,0
21,KY,21189,Owsley,0
21,KY,21191,Pendleton,0
21,KY,21193,Perry,0
21,KY,21195,Pike,0
21,KY,21197,Powell,0
21,KY,21199,Pulaski,0
21,KY,21201,Robertson,0
21,KY,21203,Rockcastle,0
21,KY,21205,Rowan,0
21,KY,21207,Russell,0
21,KY,21209,Scott,0
21,KY,21211,Shelby,0
21,KY,21213,Simpson,0
21,KY,21215,Spencer,0
21,KY,21217,Taylor,0
21,KY,21219,Todd,0
21,KY,21221,Trigg,0
21,KY,21223,Trimble,0
21,KY,21225,Union,0
21,KY,21227,Warren,0
21,KY,21229,Washington,0
21,KY,21231,Wayne,0
21,KY,21233,Webster,0
21,KY,21235,Whitley,0
21,KY,21237,Wolfe,0
21,KY,21239,Woodford,0
22,LA,22001,Acadia,39.46208
22,LA,22003,Allen,38.796621
22,LA,22005,Ascension,36.15741
22,LA,22007,Assumption,37.424905
22,LA,22009,Avoyelles,36.349458
22,LA,22011,Beauregard,38.976593
22,LA,22013,Bienville,0
22,LA,22015,Bossier,0
22,LA,22017,Caddo,0
22,LA,22019,Calcasieu,41.369403
22,LA,22021,Caldwell,0
22,LA,22023,Cameron,40.348517
22,LA,22025,Catahoula,0
22,LA,22027,Claiborne,0
22,LA,22029,Concordia,0
22,LA,22031,De Soto,0
22,LA,22033,East Baton Rouge,37.077656
22,LA,22035,East Carroll,0
22,LA,22037,East Feliciana,37.683701
22,LA,22039,Evangeline,39.966422
22,LA,22041,Franklin,0
22,LA,22043,Grant,0
22,LA,22045,Iberia,37.479797
22,LA,22047,Iberville,38.53891
22,LA,22049,Jackson,0
22,LA,22051,Jefferson,34.930445
22,LA,22053,Jefferson Davis,39.798044
22,LA,22055,Lafayette,40.241002
22,LA,22057,Lafourche,36.591376
22,LA,22059,La Salle,0
22,LA,22061,Lincoln,0
22,LA,22063,Livingston,37.092619
22,LA,22065,Madison,0
22,LA,22067,Morehouse,0
22,LA,22069,Natchitoches,0
22,LA,22071,Orleans,33.079896
22,LA,22073,Ouachita,0
22,LA,22075,Plaquemines,36.404622
22,LA,22077,Pointe Coupee,37.914308
22,LA,22079,Rapides,38.776436
22,LA,22081,Red River,0
22,LA,22083,Richland,0
22,LA,22085,Sabine,0
22,LA,22087,St. Bernard,0
22,LA,22089,St. Charles,37.195834
22,LA,22091,St. Helena,37.744037
22,LA,22093,St. James,36.789955
22,LA,22095,St. John the Baptist,36.935308
22,LA,22097,St. Landry,36.559913
22,LA,22099,St. Martin,38.823378
22,LA,22101,St. Mary,35.470992
22,LA,22103,St. Tammany,36.511031
22,LA,22105,Tangipahoa,36.891718
22,LA,22107,Tensas,0
22,LA,22109,Terrebonne,37.282155
22,LA,22111,Union,0
22,LA,22113,Vermilion,38.47146
22,LA,22115,Vernon,39.760292
22,LA,22117,Washington,37.956872
22,LA,22119,Webster,0
22,LA,22121,West Baton Rouge,38.354628
22,LA,22123,West Carroll,0
22,LA,22125,West Feliciana,0
22,LA,22127,Winn,0
23,ME,23001,Androscoggin,0
23,ME,23003,Aroostook,0
23,ME,23005,Cumberland,0
23,ME,23007,Franklin,0
23,ME,23009,Hancock,0
23,ME,23011,Kennebec,0
23,ME,23013,Knox,0
23,ME,23015,Lincoln,0
23,ME,23017,Oxford,0
23,ME,23019,Penobscot,0
23,ME,23021,Piscataquis,0
23,ME,23023,Sagadahoc,0
23,ME,23025,Somerset,0
23,ME,23027,Waldo,0
23,ME,23029,Washington,0
23,ME,23031,York,0
24,MD,24001,Allegany,0
24,MD,24003,Anne Arundel,0
24,MD,24005,Baltimore,0
24,MD,24009,Calvert,0
24,MD,24011,Caroline,0
24,MD,24013,Carroll,0
24,MD,24015,Cecil,0
24,MD,24017,Charles,0
24,MD,24019,Dorchester,0
24,MD,24021,Frederick,0
24,MD,24023,Garrett,0
24,MD,24025,Harford,0
24,MD,24027,Howard,0
24,MD,24029,Kent,0
24,MD,24031,Montgomery,0
24,MD,24033,Prince George's,0
24,MD,24035,Queen Anne's,0
24,MD,24037,St. Mary's,0
24,MD,24039,Somerset,0
24,MD,24041,Talbot,0
24,MD,24043,Washington,0
24,MD,24045,Wicomico,0
24,MD,24047,Worcester,0
24,MD,24510,Baltimore,0
25,MA,25001,Barnstable,0
25,MA,25003,Berkshire,0
25,MA,25005,Bristol,0
25,MA,25007,Dukes,0
25,MA,25009,Essex,0
25,MA,25011,Franklin,0
25,MA,25013,Hampden,0
25,MA,25015,Hampshire,0
25,MA,25017,Middlesex,0
25,MA,25019,Nantucket,0
25,MA,25021,Norfolk,0
25,MA,25023,Plymouth,0
25,MA,25025,Suffolk,0
25,MA,25027,Worcester,0
26,MI,26001,Alcona,0
26,MI,26003,Alger,0
26,MI,26005,Allegan,0
26,MI,26007,Alpena,0
26,MI,26009,Antrim,0
26,MI,26011,Arenac,0
26,MI,26013,Baraga,0
26,MI,26015,Barry,0
26,MI,26017,Bay,0
26,MI,26019,Benzie,0
26,MI,26021,Berrien,0
26,MI,26023,Branch,0
26,MI,26025,Calhoun,0
26,MI,26027,Cass,0
26,MI,26029,Charlevoix,0
26,MI,26031,Cheboygan,0
26,MI,26033,Chippewa,0
26,MI,26035,Clare,0
26,MI,26037,Clinton,0
26,MI,26039,Crawford,0
26,MI,26041,Delta,0
26,MI,26043,Dickinson,0
26,MI,26045,Eaton,0
26,MI,26047,Emmet,0
26,MI,26049,Genesee,0
26,MI,26051,Gladwin,0
26,MI,26053,Gogebic,0
26,MI,26055,Grand Traverse,0
26,MI,26057,Gratiot,0
26,MI,26059,Hillsdale,0
26,MI,26061,Houghton,0
26,MI,26063,Huron,0
26,MI,26065,Ingham,0
26,MI,26067,Ionia,0
26,MI,26069,Iosco,0
26,MI,26071,Iron,0
26,MI,26073,Isabella,0
26,MI,26075,Jackson,0
26,MI,26077,Kalamazoo,0
26,MI,26079,Kalkaska,0
26,MI,26081,Kent,0
26,MI,26083,Keweenaw,0
26,MI,26085,Lake,0
26,MI,26087,Lapeer,0
26,MI,26089,Leelanau,0
26,MI,26091,Lenawee,0
26,MI,26093,Livingston,0
26,MI,26095,Luce,0
26,MI,26097,Mackinac,0
26,MI,26099,Macomb,0
26,MI,26101,Manistee,0
26,MI,26103,Marquette,0
26,MI,26105,Mason,0
26,MI,26107,Mecosta,0
26,MI,26109,Menominee,0
26,MI,26111,Midland,0
26,MI,26113,Missaukee,0
26,MI,26115,Monroe,0
26,MI,26117,Montcalm,0
26,MI,26119,Montmorency,0
26,MI,26121,Muskegon,0
26,MI,26123,Newaygo,0
26,MI,26125,Oakland,0
26,MI,26127,Oceana,0
26,MI,26129,Ogemaw,0
26,MI,26131,Ontonagon,0
26,MI,26133,Osceola,0
26,MI,26135,Oscoda,0
26,MI,26137,Otsego,0
26,MI,26139,Ottawa,0
26,MI,26141,Presque Isle,0
26,MI,26143,Roscommon,0
26,MI,26145,Saginaw,0
26,MI,26147,St. Clair,0
26,MI,26149,St. Joseph,0
26,MI,26151,Sanilac,0
26,MI,26153,Schoolcraft,0
26,MI,26155,Shiawassee,0
26,MI,26157,Tuscola,0
26,MI,26159,Van Buren,0
26,MI,26161,Washtenaw,0
26,MI,26163,Wayne,0
26,MI,26165,Wexford,0
27,MN,27001,Aitkin,0
27,MN,27003,Anoka,0
27,MN,27005,Becker,0
27,MN,27007,Beltrami,0
27,MN,27009,Benton,0
27,MN,27011,Big Stone,0
27,MN,27013,Blue Earth,0
27,MN,27015,Brown,0
27,MN,27017,Carlton,0
27,MN,27019,Carver,0
27,MN,27021,Cass,0
27,MN,27023,Chippewa,0
27,MN,27025,Chisago,0
27,MN,27027,Clay,0
27,MN,27029,Clearwater,0
27,MN,27031,Cook,0
27,MN,27033,Cottonwood,0
27,MN,27035,Crow Wing,0
27,MN,27037,Dakota,0
27,MN,27039,Dodge,0
27,MN,27041,Douglas,0
27,MN,27043,Faribault,0
27,MN,27045,Fillmore,0
27,MN,27047,Freeborn,0
27,MN,27049,Goodhue,0
27,MN,27051,Grant,0
27,MN,27053,Hennepin,0
27,MN,27055,Houston,0
27,MN,27057,Hubbard,0
27,MN,27059,Isanti,0
27,MN,27061,Itasca,0
27,MN,27063,Jackson,0
27,MN,27065,Kanabec,0
27,MN,27067,Kandiyohi,0
27,MN,27069,Kittson,0
27,MN,27071,Koochiching,0
27,MN,27073,Lac qui Parle,0
27,MN,27075,Lake,0
27,MN,27077,Lake of the Woods,0
27,MN,27079,Le Sueur,0
27,MN,27081,Lincoln,0
27,MN,27083,Lyon,0
27,MN,27085,McLeod,0
27,MN,27087,Mahnomen,0
27,MN,27089,Marshall,0
27,MN,27091,Martin,0
27,MN,27093,Meeker,0
27,MN,27095,Mille Lacs,0
27,MN,27097,Morrison,0
27,MN,27099,Mower,0
27,MN,27101,Murray,0
27,MN,27103,Nicollet,0
27,MN,27105,Nobles,0
27,MN,27107,Norman,0
27,MN,27109,Olmsted,0
27,MN,27111,Otter Tail,0
27,MN,27113,Pennington,0
27,MN,27115,Pine,0
27,MN,27117,Pipestone,0
27,MN,27119,Polk,0
27,MN,27121,Pope,0
27,MN,27123,Ramsey,0
27,MN,27125,Red Lake,0
27,MN,27127,Redwood,0
27,MN,27129,Renville,0
27,MN,27131,Rice,0
27,MN,27133,Rock,0
27,MN,27135,Roseau,0
27,MN,27137,St. Louis,0
27,MN,27139,Scott,0
27,MN,27141,Sherburne,0
27,MN,27143,Sibley,0
27,MN,27145,Stearns,0
27,MN,27147,Steele,0
27,MN,27149,Stevens,0
27,MN,27151,Swift,0
27,MN,27153,Todd,0
27,MN,27155,Traverse,0
27,MN,27157,Wabasha,0
27,MN,27159,Wadena,0
27,MN,27161,Waseca,0
27,MN,27163,Washington,0
27,MN,27165,Watonwan,0
27,MN,27167,Wilkin,0
27,MN,27169,Winona,0
27,MN,27171,Wright,0
27,MN,27173,Yellow Medicine,0
28,MS,28001,Adams,0
28,MS,28003,Alcorn,0
28,MS,28005,Amite,37.744037
28,MS,28007,Attala,0
28,MS,28009,Benton,0
28,MS,28011,Bolivar,0
28,MS,28013,Calhoun,0
28,MS,28015,Carroll,0
28,MS,28017,Chickasaw,0
28,MS,28019,Choctaw,0
28,MS,28021,Claiborne,0
28,MS,28023,Clarke,0
28,MS,28025,Clay,0
28,MS,28027,Coahoma,0
28,MS,28029,Copiah,0
28,MS,28031,Covington,0
28,MS,28033,DeSoto,0
28,MS,28035,Forrest,40.838801
28,MS,28037,Franklin,0
28,MS,28039,George,41.695091
28,MS,28041,Greene,0
28,MS,28043,Grenada,0
28,MS,28045,Hancock,36.129374
28,MS,28047,Harrison,41.226261
28,MS,28049,Hinds,0
28,MS,28051,Holmes,0
28,MS,28053,Humphreys,0
28,MS,28055,Issaquena,0
28,MS,28057,Itawamba,0
28,MS,28059,Jackson,41.052787
28,MS,28061,Jasper,0
28,MS,28063,Jefferson,0
28,MS,28065,Jefferson Davis,0
28,MS,28067,Jones,0
28,MS,28069,Kemper,0
28,MS,28071,Lafayette,0
28,MS,28073,Lamar,39.667391
28,MS,28075,Lauderdale,0
28,MS,28077,Lawrence,0
28,MS,28079,Leake,0
28,MS,28081,Lee,0
28,MS,28083,Leflore,0
28,MS,28085,Lincoln,0
28,MS,28087,Lowndes,0
28,MS,28089,Madison,0
28,MS,28091,Marion,0
28,MS,28093,Marshall,0
28,MS,28095,Monroe,0
28,MS,28097,Montgomery,0
28,MS,28099,Neshoba,0
28,MS,28101,Newton,0
28,MS,28103,Noxubee,0
28,MS,28105,Oktibbeha,0
28,MS,28107,Panola,0
28,MS,28109,Pearl River,39.49647
28,MS,28111,Perry,40.838801
28,MS,28113,Pike,0
28,MS,28115,Pontotoc,0
28,MS,28117,Prentiss,0
28,MS,28119,Quitman,0
28,MS,28121,Rankin,0
28,MS,28123,Scott,0
28,MS,28125,Sharkey,0
28,MS,28127,Simpson,0
28,MS,28129,Smith,0
28,MS,28131,Stone,40.97199
28,MS,28133,Sunflower,0
28,MS,28135,Tallahatchie,0
28,MS,28137,Tate,0
28,MS,28139,Tippah,0
28,MS,28141,Tishomingo,0
28,MS,28143,Tunica,0
28,MS,28145,Union,0
28,MS,28147,Walthall,0
28,MS,28149,Warren,0
28,MS,28151,Washington,0
28,MS,28153,Wayne,0
28,MS,28155,Webster,0
28,MS,28157,Wilkinson,37.416067
28,MS,28159,Winston,0
28,MS,28161,Yalobusha,0
28,MS,28163,Yazoo,0
29,MO,29001,Adair,0
29,MO,29003,Andrew,0
29,MO,29005,Atchison,0
29,MO,29007,Audrain,0
29,MO,29009,Barry,0
29,MO,29011,Barton,0
29,MO,29013,Bates,0
29,MO,29015,Benton,0
29,MO,29017,Bollinger,0
29,MO,29019,Boone,0
29,MO,29021,Buchanan,0
29,MO,29023,Butler,0
29,MO,29025,Caldwell,0
29,MO,29027,Callaway,0
29,MO,29029,Camden,0
29,MO,29031,Cape Girardeau,0
29,MO,29033,Carroll,0
29,MO,29035,Carter,0
29,MO,29037,Cass,0
29,MO,29039,Cedar,0
29,MO,29041,Chariton,0
29,MO,29043,Christian,0
29,MO,29045,Clark,0
29,MO,29047,Clay,0
29,MO,29049,Clinton,0
29,MO,29051,Cole,0
29,MO,29053,Cooper,0
29,MO,29055,Crawford,0
29,MO,29057,Dade,0
29,MO,29059,Dallas,0
29,MO,29061,Daviess,0
29,MO,29063,DeKalb,0
29,MO,29065,Dent,0
29,MO,29067,Douglas,0
29,MO,29069,Dunklin,0
29,MO,29071,Franklin,0
29,MO,29073,Gasconade,0
29,MO,29075,Gentry,0
29,MO,29077,Greene,0
29,MO,29079,Grundy,0
29,MO,29081,Harrison,0
29,MO,29083,Henry,0
29,MO,29085,Hickory,0
29,MO,29087,Holt,0
29,MO,29089,Howard,0
29,MO,29091,Howell,0
29,MO,29093,Iron,0
29,MO,29095,Jackson,0
29,MO,29097,Jasper,0
29,MO,29099,Jefferson,0
29,MO,29101,Johnson,0
29,MO,29103,Knox,0
29,MO,29105,Laclede,0
29,MO,29107,Lafayette,0
29,MO,29109,Lawrence,0
29,MO,29111,Lewis,0
29,MO,29113,Lincoln,0
29,MO,29115,Linn,0
29,MO,29117,Livingston,0
29,MO,29119,McDonald,0
29,MO,29121,Macon,0
29,MO,29123,Madison,0
29,MO,29125,Maries,0
29,MO,29127,Marion,0
29,MO,29129,Mercer,0
29,MO,29131,Miller,0
29,MO,29133,Mississippi,0
29,MO,29135,Moniteau,0
29,MO,29137,Monroe,0
29,MO,29139,Montgomery,0
29,MO,29141,Morgan,0
29,MO,29143,New Madrid,0
29,MO,29145,Newton,0
29,MO,29147,Nodaway,0
29,MO,29149,Oregon,0
29,MO,29151,Osage,0
29,MO,29153,Ozark,0
29,MO,29155,Pemiscot,0
29,MO,29157,Perry,0
29,MO,29159,Pettis,0
29,MO,29161,Phelps,0
29,MO,29163,Pike,0
29,MO,29165,Platte,0
29,MO,29167,Polk,0
29,MO,29169,Pulaski,0
29,MO,29171,Putnam,0
29,MO,29173,Ralls,0
29,MO,29175,Randolph,0
29,MO,29177,Ray,0
29,MO,29179,Reynolds,0
29,MO,29181,Ripley,0
29,MO,29183,St. Charles,0
29,MO,29185,St. Clair,0
29,MO,29186,Ste. Genevieve,0
29,MO,29187,St. Francois,0
29,MO,29189,St. Louis,0
29,MO,29195,Saline,0
29,MO,29197,Schuyler,0
29,MO,29199,Scotland,0
29,MO,29201,Scott,0
29,MO,29203,Shannon,0
29,MO,29205,Shelby,0
29,MO,29207,Stoddard,0
29,MO,29209,Stone,0
29,MO,29211,Sullivan,0
29,MO,29213,Taney,0
29,MO,29215,Texas,0
29,MO,29217,Vernon,0
29,MO,29219,Warren,0
29,MO,29221,Washington,0
29,MO,29223,Wayne,0
29,MO,29225,Webster,0
29,MO,29227,Worth,0
29,MO,29229,Wright,0
29,MO,29510,St. Louis,0
30,MT,30001,Beaverhead,0
30,MT,30003,Big Horn,0
30,MT,30005,Blaine,0
30,MT,30007,Broadwater,0
30,MT,30009,Carbon,0
30,MT,30011,Carter,0
30,MT,30013,Cascade,0
30,MT,30015,Chouteau,0
30,MT,30017,Custer,0
30,MT,30019,Daniels,0
30,MT,30021,Dawson,0
30,MT,30023,Deer Lodge,0
30,MT,30025,Fallon,0
30,MT,30027,Fergus,0
30,MT,30029,Flathead,0
30,MT,30031,Gallatin,0
30,MT,30033,Garfield,0
30,MT,30035,Glacier,0
30,MT,30037,Golden Valley,0
30,MT,30039,Granite,0
30,MT,30041,Hill,0
30,MT,30043,Jefferson,0
30,MT,30045,Judith Basin,0
30,MT,30047,Lake,0
30,MT,30049,Lewis and Clark,0
30,MT,30051,Liberty,0
30,MT,30053,Lincoln,0
30,MT,30055,McCone,0
30,MT,30057,Madison,0
30,MT,30059,Meagher,0
30,MT,30061,Mineral,0
30,MT,30063,Missoula,0
30,MT,30065,Musselshell,0
30,MT,30067,Park,0
30,MT,30069,Petroleum,0
30,MT,30071,Phillips,0
30,MT,30073,Pondera,0
30,MT,30075,Powder River,0
30,MT,30077,Powell,0
30,MT,30079,Prairie,0
30,MT,30081,Ravalli,0
30,MT,30083,Richland,0
30,MT,30085,Roosevelt,0
30,MT,30087,Rosebud,0
30,MT,30089,Sanders,0
30,MT,30091,Sheridan,0
30,MT,30093,Silver Bow,0
30,MT,30095,Stillwater,0
30,MT,30097,Sweet Grass,0
30,MT,30099,Teton,0
30,MT,30101,Toole,0
30,MT,30103,Treasure,0
30,MT,30105,Valley,0
30,MT,30107,Wheatland,0
30,MT,30109,Wibaux,0
30,MT,30111,Yellowstone,0
31,NE,31001,Adams,0
31,NE,31003,Antelope,0
31,NE,31005,Arthur,0
31,NE,31007,Banner,0
31,NE,31009,Blaine,0
31,NE,31011,Boone,0
31,NE,31013,Box Butte,0
31,NE,31015,Boyd,0
31,NE,31017,Brown,0
31,NE,31019,Buffalo,0
31,NE,31021,Burt,0
31,NE,31023,Butler,0
31,NE,31025,Cass,0
31,NE,31027,Cedar,0
31,NE,31029,Chase,0
31,NE,31031,Cherry,0
31,NE,31033,Cheyenne,0
31,NE,31035,Clay,0
31,NE,31037,Colfax,0
31,NE,31039,Cuming,0
31,NE,31041,Custer,0
31,NE,31043,Dakota,0
31,NE,31045,Dawes,0
31,NE,31047,Dawson,0
31,NE,31049,Deuel,0
31,NE,31051,Dixon,0
31,NE,31053,Dodge,0
31,NE,31055,Douglas,0
31,NE,31057,Dundy,0
31,NE,31059,Fillmore,0
31,NE,31061,Franklin,0
31,NE,31063,Frontier,0
31,NE,31065,Furnas,0
31,NE,31067,Gage,0
31,NE,31069,Garden,0
31,NE,31071,Garfield,0
31,NE,31073,Gosper,0
31,NE,31075,Grant,0
31,NE,31077,Greeley,0
31,NE,31079,Hall,0
31,NE,31081,Hamilton,0
31,NE,31083,Harlan,0
31,NE,31085,Hayes,0
31,NE,31087,Hitchcock,0
31,NE,31089,Holt,0
31,NE,31091,Hooker,0
31,NE,31093,Howard,0
31,NE,31095,Jefferson,0
31,NE,31097,Johnson,0
31,NE,31099,Kearney,0
31,NE,31101,Keith,0
31,NE,31103,Keya Paha,0
31,NE,31105,Kimball,0
31,NE,31107,Knox,0
31,NE,31109,Lancaster,0
31,NE,31111,Lincoln,0
31,NE,31113,Logan,0
31,NE,31115,Loup,0
31,NE,31117,McPherson,0
31,NE,31119,Madison,0
31,NE,31121,Merrick,0
31,NE,31123,Morrill,0
31,NE,31125,Nance,0
31,NE,31127,Nemaha,0
31,NE,31129,Nuckolls,0
31,NE,31131,Otoe,0
31,NE,31133,Pawnee,0
31,NE,31135,Perkins,0
31,NE,31137,Phelps,0
31,NE,31139,Pierce,0
31,NE,31141,Platte,0
31,NE,31143,Polk,0
31,NE,31145,Red Willow,0
31,NE,31147,Richardson,0
31,NE,31149,Rock,0
31,NE,31151,Saline,0
31,NE,31153,Sarpy,0
31,NE,31155,Saunders,0
31,NE,31157,Scotts Bluff,0
31,NE,31159,Seward,0
31,NE,31161,Sheridan,0
31,NE,31163,Sherman,0
31,NE,31165,Sioux,0
31,NE,31167,Stanton,0
31,NE,31169,Thayer,0
31,NE,31171,Thomas,0
31,NE,31173,Thurston,0
31,NE,31175,Valley,0
31,NE,31177,Washington,0
31,NE,31179,Wayne,0
31,NE,31181,Webster,0
31,NE,31183,Wheeler,0
31,NE,31185,York,0
32,NV,32001,Churchill,0
32,NV,32003,Clark,0
32,NV,32005,Douglas,0
32,NV,32007,Elko,0
32,NV,32009,Esmeralda,0
32,NV,32011,Eureka,0
32,NV,32013,Humboldt,0
32,NV,32015,Lander,0
32,NV,32017,Lincoln,0
32,NV,32019,Lyon,0
32,NV,32021,Mineral,0
32,NV,32023,Nye,0
32,NV,32027,Pershing,0
32,NV,32029,Storey,0
32,NV,32031,Washoe,0
32,NV,32033,White Pine,0
32,NV,32510,Carson City,0
33,NH,33001,Belknap,0
33,NH,33003,Carroll,0
33,NH,33005,Cheshire,0
33,NH,33007,Coos,0
33,NH,33009,Grafton,0
33,NH,33011,Hillsborough,0
33,NH,33013,Merrimack,0
33,NH,33015,Rockingham,0
33,NH,33017,Strafford,0
33,NH,33019,Sullivan,0
34,NJ,34001,Atlantic,0
34,NJ,34003,Bergen,0
34,NJ,34005,Burlington,0
34,NJ,34007,Camden,0
34,NJ,34009,Cape May,0
34,NJ,34011,Cumberland,0
34,NJ,34013,Essex,0
34,NJ,34015,Gloucester,0
34,NJ,34017,Hudson,0
34,NJ,34019,Hunterdon,0
34,NJ,34021,Mercer,0
34,NJ,34023,Middlesex,0
34,NJ,34025,Monmouth,0
34,NJ,34027,Morris,0
34,NJ,34029,Ocean,0
34,NJ,34031,Passaic,0
34,NJ,34033,Salem,0
34,NJ,34035,Somerset,0
34,NJ,34037,Sussex,0
34,NJ,34039,Union,0
34,NJ,34041,Warren,0
35,NM,35001,Bernalillo,0
35,NM,35003,Catron,0
35,NM,35005,Chaves,0
35,NM,35006,Cibola,0
35,NM,35007,Colfax,0
35,NM,35009,Curry,0
35,NM,35011,De Baca,0
35,NM,35013,Do√±a Ana,0
35,NM,35015,Eddy,0
35,NM,35017,Grant,0
35,NM,35019,Guadalupe,0
35,NM,35021,Harding,0
35,NM,35023,Hidalgo,0
35,NM,35025,Lea,0
35,NM,35027,Lincoln,0
35,NM,35028,Los Alamos,0
35,NM,35029,Luna,0
35,NM,35031,McKinley,0
35,NM,35033,Mora,0
35,NM,35035,Otero,0
35,NM,35037,Quay,0
35,NM,35039,Rio Arriba,0
35,NM,35041,Roosevelt,0
35,NM,35043,Sandoval,0
35,NM,35045,San Juan,0
35,NM,35047,San Miguel,0
35,NM,35049,Santa Fe,0
35,NM,35051,Sierra,0
35,NM,35053,Socorro,0
35,NM,35055,Taos,0
35,NM,35057,Torrance,0
35,NM,35059,Union,0
35,NM,35061,Valencia,0
36,NY,36001,Albany,0
36,NY,36003,Allegany,0
36,NY,36005,Bronx,0
36,NY,36007,Broome,0
36,NY,36009,Cattaraugus,0
36,NY,36011,Cayuga,0
36,NY,36013,Chautauqua,0
36,NY,36015,Chemung,0
36,NY,36017,Chenango,0
36,NY,36019,Clinton,0
36,NY,36021,Columbia,0
36,NY,36023,Cortland,0
36,NY,36025,Delaware,0
36,NY,36027,Dutchess,0
36,NY,36029,Erie,0
36,NY,36031,Essex,0
36,NY,36033,Franklin,0
36,NY,36035,Fulton,0
36,NY,36037,Genesee,0
36,NY,36039,Greene,0
36,NY,36041,Hamilton,0
36,NY,36043,Herkimer,0
36,NY,36045,Jefferson,0
36,NY,36047,Kings,0
36,NY,36049,Lewis,0
36,NY,36051,Livingston,0
36,NY,36053,Madison,0
36,NY,36055,Monroe,0
36,NY,36057,Montgomery,0
36,NY,36059,Nassau,0
36,NY,36061,New York,0
36,NY,36063,Niagara,0
36,NY,36065,Oneida,0
36,NY,36067,Onondaga,0
36,NY,36069,Ontario,0
36,NY,36071,Orange,0
36,NY,36073,Orleans,0
36,NY,36075,Oswego,0
36,NY,36077,Otsego,0
36,NY,36079,Putnam,0
36,NY,36081,Queens,0
36,NY,36083,Rensselaer,0
36,NY,36085,Richmond,0
36,NY,36087,Rockland,0
36,NY,36089,St. Lawrence,0
36,NY,36091,Saratoga,0
36,NY,36093,Schenectady,0
36,NY,36095,Schoharie,0
36,NY,36097,Schuyler,0
36,NY,36099,Seneca,0
36,NY,36101,Steuben,0
36,NY,36103,Suffolk,0
36,NY,36105,Sullivan,0
36,NY,36107,Tioga,0
36,NY,36109,Tompkins,0
36,NY,36111,Ulster,0
36,NY,36113,Warren,0
36,NY,36115,Washington,0
36,NY,36117,Wayne,0
36,NY,36119,Westchester,0
36,NY,36121,Wyoming,0
36,NY,36123,Yates,0
37,NC,37001,Alamance,0
37,NC,37003,Alexander,0
37,NC,37005,Alleghany,0
37,NC,37007,Anson,0
37,NC,37009,Ashe,0
37,NC,37011,Avery,0
37,NC,37013,Beaufort,0
37,NC,37015,Bertie,0
37,NC,37017,Bladen,0
37,NC,37019,Brunswick,0
37,NC,37021,Buncombe,0
37,NC,37023,Burke,0
37,NC,37025,Cabarrus,0
37,NC,37027,Caldwell,0
37,NC,37029,Camden,0
37,NC,37031,Carteret,0
37,NC,37033,Caswell,0
37,NC,37035,Catawba,0
37,NC,37037,Chatham,0
37,NC,37039,Cherokee,0
37,NC,37041,Chowan,0
37,NC,37043,Clay,0
37,NC,37045,Cleveland,0
37,NC,37047,Columbus,0
37,NC,37049,Craven,0
37,NC,37051,Cumberland,0
37,NC,37053,Currituck,0
37,NC,37055,Dare,0
37,NC,37057,Davidson,0
37,NC,37059,Davie,0
37,NC,37061,Duplin,0
37,NC,37063,Durham,0
37,NC,37065,Edgecombe,0
37,NC,37067,Forsyth,0
37,NC,37069,Franklin,0
37,NC,37071,Gaston,0
37,NC,37073,Gates,0
37,NC,37075,Graham,0
37,NC,37077,Granville,0
37,NC,37079,Greene,0
37,NC,37081,Guilford,0
37,NC,37083,Halifax,0
37,NC,37085,Harnett,0
37,NC,37087,Haywood,0
37,NC,37089,Henderson,0
37,NC,37091,Hertford,0
37,NC,37093,Hoke,0
37,NC,37095,Hyde,0
37,NC,37097,Iredell,0
37,NC,37099,Jackson,0
37,NC,37101,Johnston,0
37,NC,37103,Jones,0
37,NC,37105,Lee,0
37,NC,37107,Lenoir,0
37,NC,37109,Lincoln,0
37,NC,37111,McDowell,0
37,NC,37113,Macon,0
37,NC,37115,Madison,0
37,NC,37117,Martin,0
37,NC,37119,Mecklenburg,0
37,NC,37121,Mitchell,0
37,NC,37123,Montgomery,0
37,NC,37125,Moore,0
37,NC,37127,Nash,0
37,NC,37129,New Hanover,0
37,NC,37131,Northampton,0
37,NC,37133,Onslow,0
37,NC,37135,Orange,0
37,NC,37137,Pamlico,0
37,NC,37139,Pasquotank,0
37,NC,37141,Pender,0
37,NC,37143,Perquimans,0
37,NC,37145,Person,0
37,NC,37147,Pitt,0
37,NC,37149,Polk,0
37,NC,37151,Randolph,0
37,NC,37153,Richmond,0
37,NC,37155,Robeson,0
37,NC,37157,Rockingham,0
37,NC,37159,Rowan,0
37,NC,37161,Rutherford,0
37,NC,37163,Sampson,0
37,NC,37165,Scotland,0
37,NC,37167,Stanly,0
37,NC,37169,Stokes,0
37,NC,37171,Surry,0
37,NC,37173,Swain,0
37,NC,37175,Transylvania,0
37,NC,37177,Tyrrell,0
37,NC,37179,Union,0
37,NC,37181,Vance,0
37,NC,37183,Wake,0
37,NC,37185,Warren,0
37,NC,37187,Washington,0
37,NC,37189,Watauga,0
37,NC,37191,Wayne,0
37,NC,37193,Wilkes,0
37,NC,37195,Wilson,0
37,NC,37197,Yadkin,0
37,NC,37199,Yancey,0
38,ND,38001,Adams,0
38,ND,38003,Barnes,0
38,ND,38005,Benson,0
38,ND,38007,Billings,0
38,ND,38009,Bottineau,0
38,ND,38011,Bowman,0
38,ND,38013,Burke,0
38,ND,38015,Burleigh,0
38,ND,38017,Cass,0
38,ND,38019,Cavalier,0
38,ND,38021,Dickey,0
38,ND,38023,Divide,0
38,ND,38025,Dunn,0
38,ND,38027,Eddy,0
38,ND,38029,Emmons,0
38,ND,38031,Foster,0
38,ND,38033,Golden Valley,0
38,ND,38035,Grand Forks,0
38,ND,38037,Grant,0
38,ND,38039,Griggs,0
38,ND,38041,Hettinger,0
38,ND,38043,Kidder,0
38,ND,38045,LaMoure,0
38,ND,38047,Logan,0
38,ND,38049,McHenry,0
38,ND,38051,McIntosh,0
38,ND,38053,McKenzie,0
38,ND,38055,McLean,0
38,ND,38057,Mercer,0
38,ND,38059,Morton,0
38,ND,38061,Mountrail,0
38,ND,38063,Nelson,0
38,ND,38065,Oliver,0
38,ND,38067,Pembina,0
38,ND,38069,Pierce,0
38,ND,38071,Ramsey,0
38,ND,38073,Ransom,0
38,ND,38075,Renville,0
38,ND,38077,Richland,0
38,ND,38079,Rolette,0
38,ND,38081,Sargent,0
38,ND,38083,Sheridan,0
38,ND,38085,Sioux,0
38,ND,38087,Slope,0
38,ND,38089,Stark,0
38,ND,38091,Steele,0
38,ND,38093,Stutsman,0
38,ND,38095,Towner,0
38,ND,38097,Traill,0
38,ND,38099,Walsh,0
38,ND,38101,Ward,0
38,ND,38103,Wells,0
38,ND,38105,Williams,0
39,OH,39001,Adams,0
39,OH,39003,Allen,0
39,OH,39005,Ashland,0
39,OH,39007,Ashtabula,0
39,OH,39009,Athens,0
39,OH,39011,Auglaize,0
39,OH,39013,Belmont,0
39,OH,39015,Brown,0
39,OH,39017,Butler,0
39,OH,39019,Carroll,0
39,OH,39021,Champaign,0
39,OH,39023,Clark,0
39,OH,39025,Clermont,0
39,OH,39027,Clinton,0
39,OH,39029,Columbiana,0
39,OH,39031,Coshocton,0
39,OH,39033,Crawford,0
39,OH,39035,Cuyahoga,0
39,OH,39037,Darke,0
39,OH,39039,Defiance,0
39,OH,39041,Delaware,0
39,OH,39043,Erie,0
39,OH,39045,Fairfield,0
39,OH,39047,Fayette,0
39,OH,39049,Franklin,0
39,OH,39051,Fulton,0
39,OH,39053,Gallia,0
39,OH,39055,Geauga,0
39,OH,39057,Greene,0
39,OH,39059,Guernsey,0
39,OH,39061,Hamilton,0
39,OH,39063,Hancock,0
39,OH,39065,Hardin,0
39,OH,39067,Harrison,0
39,OH,39069,Henry,0
39,OH,39071,Highland,0
39,OH,39073,Hocking,0
39,OH,39075,Holmes,0
39,OH,39077,Huron,0
39,OH,39079,Jackson,0
39,OH,39081,Jefferson,0
39,OH,39083,Knox,0
39,OH,39085,Lake,0
39,OH,39087,Lawrence,0
39,OH,39089,Licking,0
39,OH,39091,Logan,0
39,OH,39093,Lorain,0
39,OH,39095,Lucas,0
39,OH,39097,Madison,0
39,OH,39099,Mahoning,0
39,OH,39101,Marion,0
39,OH,39103,Medina,0
39,OH,39105,Meigs,0
39,OH,39107,Mercer,0
39,OH,39109,Miami,0
39,OH,39111,Monroe,0
39,OH,39113,Montgomery,0
39,OH,39115,Morgan,0
39,OH,39117,Morrow,0
39,OH,39119,Muskingum,0
39,OH,39121,Noble,0
39,OH,39123,Ottawa,0
39,OH,39125,Paulding,0
39,OH,39127,Perry,0
39,OH,39129,Pickaway,0
39,OH,39131,Pike,0
39,OH,39133,Portage,0
39,OH,39135,Preble,0
39,OH,39137,Putnam,0
39,OH,39139,Richland,0
39,OH,39141,Ross,0
39,OH,39143,Sandusky,0
39,OH,39145,Scioto,0
39,OH,39147,Seneca,0
39,OH,39149,Shelby,0
39,OH,39151,Stark,0
39,OH,39153,Summit,0
39,OH,39155,Trumbull,0
39,OH,39157,Tuscarawas,0
39,OH,39159,Union,0
39,OH,39161,Van Wert,0
39,OH,39163,Vinton,0
39,OH,39165,Warren,0
39,OH,39167,Washington,0
39,OH,39169,Wayne,0
39,OH,39171,Williams,0
39,OH,39173,Wood,0
39,OH,39175,Wyandot,0
40,OK,40001,Adair,0
40,OK,40003,Alfalfa,0
40,OK,40005,Atoka,0
40,OK,40007,Beaver,0
40,OK,40009,Beckham,0
40,OK,40011,Blaine,0
40,OK,40013,Bryan,0
40,OK,40015,Caddo,0
40,OK,40017,Canadian,0
40,OK,40019,Carter,0
40,OK,40021,Cherokee,0
40,OK,40023,Choctaw,0
40,OK,40025,Cimarron,0
40,OK,40027,Cleveland,0
40,OK,40029,Coal,0
40,OK,40031,Comanche,0
40,OK,40033,Cotton,0
40,OK,40035,Craig,0
40,OK,40037,Creek,0
40,OK,40039,Custer,0
40,OK,40041,Delaware,0
40,OK,40043,Dewey,0
40,OK,40045,Ellis,0
40,OK,40047,Garfield,0
40,OK,40049,Garvin,0
40,OK,40051,Grady,0
40,OK,40053,Grant,0
40,OK,40055,Greer,0
40,OK,40057,Harmon,0
40,OK,40059,Harper,0
40,OK,40061,Haskell,0
40,OK,40063,Hughes,0
40,OK,40065,Jackson,0
40,OK,40067,Jefferson,0
40,OK,40069,Johnston,0
40,OK,40071,Kay,0
40,OK,40073,Kingfisher,0
40,OK,40075,Kiowa,0
40,OK,40077,Latimer,0
40,OK,40079,Le Flore,0
40,OK,40081,Lincoln,0
40,OK,40083,Logan,0
40,OK,40085,Love,0
40,OK,40087,McClain,0
40,OK,40089,McCurtain,0
40,OK,40091,McIntosh,0
40,OK,40093,Major,0
40,OK,40095,Marshall,0
40,OK,40097,Mayes,0
40,OK,40099,Murray,0
40,OK,40101,Muskogee,0
40,OK,40103,Noble,0
40,OK,40105,Nowata,0
40,OK,40107,Okfuskee,0
40,OK,40109,Oklahoma,0
40,OK,40111,Okmulgee,0
40,OK,40113,Osage,0
40,OK,40115,Ottawa,0
40,OK,40117,Pawnee,0
40,OK,40119,Payne,0
40,OK,40121,Pittsburg,0
40,OK,40123,Pontotoc,0
40,OK,40125,Pottawatomie,0
40,OK,40127,Pushmataha,0
40,OK,40129,Roger Mills,0
40,OK,40131,Rogers,0
40,OK,40133,Seminole,0
40,OK,40135,Sequoyah,0
40,OK,40137,Stephens,0
40,OK,40139,Texas,0
40,OK,40141,Tillman,0
40,OK,40143,Tulsa,0
40,OK,40145,Wagoner,0
40,OK,40147,Washington,0
40,OK,40149,Washita,0
40,OK,40151,Woods,0
40,OK,40153,Woodward,0
41,OR,41001,Baker,0
41,OR,41003,Benton,0
41,OR,41005,Clackamas,0
41,OR,41007,Clatsop,0
41,OR,41009,Columbia,0
41,OR,41011,Coos,0
41,OR,41013,Crook,0
41,OR,41015,Curry,0
41,OR,41017,Deschutes,0
41,OR,41019,Douglas,0
41,OR,41021,Gilliam,0
41,OR,41023,Grant,0
41,OR,41025,Harney,0
41,OR,41027,Hood River,0
41,OR,41029,Jackson,0
41,OR,41031,Jefferson,0
41,OR,41033,Josephine,0
41,OR,41035,Klamath,0
41,OR,41037,Lake,0
41,OR,41039,Lane,0
41,OR,41041,Lincoln,0
41,OR,41043,Linn,0
41,OR,41045,Malheur,0
41,OR,41047,Marion,0
41,OR,41049,Morrow,0
41,OR,41051,Multnomah,0
41,OR,41053,Polk,0
41,OR,41055,Sherman,0
41,OR,41057,Tillamook,0
41,OR,41059,Umatilla,0
41,OR,41061,Union,0
41,OR,41063,Wallowa,0
41,OR,41065,Wasco,0
41,OR,41067,Washington,0
41,OR,41069,Wheeler,0
41,OR,41071,Yamhill,0
42,PA,42001,Adams,0
42,PA,42003,Allegheny,0
42,PA,42005,Armstrong,0
42,PA,42007,Beaver,0
42,PA,42009,Bedford,0
42,PA,42011,Berks,0
42,PA,42013,Blair,0
42,PA,42015,Bradford,0
42,PA,42017,Bucks,0
42,PA,42019,Butler,0
42,PA,42021,Cambria,0
42,PA,42023,Cameron,0
42,PA,42025,Carbon,0
42,PA,42027,Centre,0
42,PA,42029,Chester,0
42,PA,42031,Clarion,0
42,PA,42033,Clearfield,0
42,PA,42035,Clinton,0
42,PA,42037,Columbia,0
42,PA,42039,Crawford,0
42,PA,42041,Cumberland,0
42,PA,42043,Dauphin,0
42,PA,42045,Delaware,0
42,PA,42047,Elk,0
42,PA,42049,Erie,0
42,PA,42051,Fayette,0
42,PA,42053,Forest,0
42,PA,42055,Franklin,0
42,PA,42057,Fulton,0
42,PA,42059,Greene,0
42,PA,42061,Huntingdon,0
42,PA,42063,Indiana,0
42,PA,42065,Jefferson,0
42,PA,42067,Juniata,0
42,PA,42069,Lackawanna,0
42,PA,42071,Lancaster,0
42,PA,42073,Lawrence,0
42,PA,42075,Lebanon,0
42,PA,42077,Lehigh,0
42,PA,42079,Luzerne,0
42,PA,42081,Lycoming,0
42,PA,42083,McKean,0
42,PA,42085,Mercer,0
42,PA,42087,Mifflin,0
42,PA,42089,Monroe,0
42,PA,42091,Montgomery,0
42,PA,42093,Montour,0
42,PA,42095,Northampton,0
42,PA,42097,Northumberland,0
42,PA,42099,Perry,0
42,PA,42101,Philadelphia,0
42,PA,42103,Pike,0
42,PA,42105,Potter,0
42,PA,42107,Schuylkill,0
42,PA,42109,Snyder,0
42,PA,42111,Somerset,0
42,PA,42113,Sullivan,0
42,PA,42115,Susquehanna,0
42,PA,42117,Tioga,0
42,PA,42119,Union,0
42,PA,42121,Venango,0
42,PA,42123,Warren,0
42,PA,42125,Washington,0
42,PA,42127,Wayne,0
42,PA,42129,Westmoreland,0
42,PA,42131,Wyoming,0
42,PA,42133,York,0
44,RI,44001,Bristol,0
44,RI,44003,Kent,0
44,RI,44005,Newport,0
44,RI,44007,Providence,0
44,RI,44009,Washington,0
45,SC,45001,Abbeville,0
45,SC,45003,Aiken,0
45,SC,45005,Allendale,0
45,SC,45007,Anderson,0
45,SC,45009,Bamberg,0
45,SC,45011,Barnwell,0
45,SC,45013,Beaufort,0
45,SC,45015,Berkeley,0
45,SC,45017,Calhoun,0
45,SC,45019,Charleston,0
45,SC,45021,Cherokee,0
45,SC,45023,Chester,0
45,SC,45025,Chesterfield,0
45,SC,45027,Clarendon,0
45,SC,45029,Colleton,0
45,SC,45031,Darlington,0
45,SC,45033,Dillon,0
45,SC,45035,Dorchester,0
45,SC,45037,Edgefield,0
45,SC,45039,Fairfield,0
45,SC,45041,Florence,0
45,SC,45043,Georgetown,0
45,SC,45045,Greenville,0
45,SC,45047,Greenwood,0
45,SC,45049,Hampton,0
45,SC,45051,Horry,0
45,SC,45053,Jasper,0
45,SC,45055,Kershaw,0
45,SC,45057,Lancaster,0
45,SC,45059,Laurens,0
45,SC,45061,Lee,0
45,SC,45063,Lexington,0
45,SC,45065,McCormick,0
45,SC,45067,Marion,0
45,SC,45069,Marlboro,0
45,SC,45071,Newberry,0
45,SC,45073,Oconee,0
45,SC,45075,Orangeburg,0
45,SC,45077,Pickens,0
45,SC,45079,Richland,0
45,SC,45081,Saluda,0
45,SC,45083,Spartanburg,0
45,SC,45085,Sumter,0
45,SC,45087,Union,0
45,SC,45089,Williamsburg,0
45,SC,45091,York,0
46,SD,46003,Aurora,0
46,SD,46005,Beadle,0
46,SD,46007,Bennett,0
46,SD,46009,Bon Homme,0
46,SD,46011,Brookings,0
46,SD,46013,Brown,0
46,SD,46015,Brule,0
46,SD,46017,Buffalo,0
46,SD,46019,Butte,0
46,SD,46021,Campbell,0
46,SD,46023,Charles Mix,0
46,SD,46025,Clark,0
46,SD,46027,Clay,0
46,SD,46029,Codington,0
46,SD,46031,Corson,0
46,SD,46033,Custer,0
46,SD,46035,Davison,0
46,SD,46037,Day,0
46,SD,46039,Deuel,0
46,SD,46041,Dewey,0
46,SD,46043,Douglas,0
46,SD,46045,Edmunds,0
46,SD,46047,Fall River,0
46,SD,46049,Faulk,0
46,SD,46051,Grant,0
46,SD,46053,Gregory,0
46,SD,46055,Haakon,0
46,SD,46057,Hamlin,0
46,SD,46059,Hand,0
46,SD,46061,Hanson,0
46,SD,46063,Harding,0
46,SD,46065,Hughes,0
46,SD,46067,Hutchinson,0
46,SD,46069,Hyde,0
46,SD,46071,Jackson,0
46,SD,46073,Jerauld,0
46,SD,46075,Jones,0
46,SD,46077,Kingsbury,0
46,SD,46079,Lake,0
46,SD,46081,Lawrence,0
46,SD,46083,Lincoln,0
46,SD,46085,Lyman,0
46,SD,46087,McCook,0
46,SD,46089,McPherson,0
46,SD,46091,Marshall,0
46,SD,46093,Meade,0
46,SD,46095,Mellette,0
46,SD,46097,Miner,0
46,SD,46099,Minnehaha,0
46,SD,46101,Moody,0
46,SD,46103,Pennington,0
46,SD,46105,Perkins,0
46,SD,46107,Potter,0
46,SD,46109,Roberts,0
46,SD,46111,Sanborn,0
46,SD,46113,Shannon,0
46,SD,46115,Spink,0
46,SD,46117,Stanley,0
46,SD,46119,Sully,0
46,SD,46121,Todd,0
46,SD,46123,Tripp,0
46,SD,46125,Turner,0
46,SD,46127,Union,0
46,SD,46129,Walworth,0
46,SD,46135,Yankton,0
46,SD,46137,Ziebach,0
47,TN,47001,Anderson,0
47,TN,47003,Bedford,0
47,TN,47005,Benton,0
47,TN,47007,Bledsoe,0
47,TN,47009,Blount,0
47,TN,47011,Bradley,0
47,TN,47013,Campbell,0
47,TN,47015,Cannon,0
47,TN,47017,Carroll,0
47,TN,47019,Carter,0
47,TN,47021,Cheatham,0
47,TN,47023,Chester,0
47,TN,47025,Claiborne,0
47,TN,47027,Clay,0
47,TN,47029,Cocke,0
47,TN,47031,Coffee,0
47,TN,47033,Crockett,0
47,TN,47035,Cumberland,0
47,TN,47037,Davidson,0
47,TN,47039,Decatur,0
47,TN,47041,DeKalb,0
47,TN,47043,Dickson,0
47,TN,47045,Dyer,0
47,TN,47047,Fayette,0
47,TN,47049,Fentress,0
47,TN,47051,Franklin,0
47,TN,47053,Gibson,0
47,TN,47055,Giles,0
47,TN,47057,Grainger,0
47,TN,47059,Greene,0
47,TN,47061,Grundy,0
47,TN,47063,Hamblen,0
47,TN,47065,Hamilton,0
47,TN,47067,Hancock,0
47,TN,47069,Hardeman,0
47,TN,47071,Hardin,0
47,TN,47073,Hawkins,0
47,TN,47075,Haywood,0
47,TN,47077,Henderson,0
47,TN,47079,Henry,0
47,TN,47081,Hickman,0
47,TN,47083,Houston,0
47,TN,47085,Humphreys,0
47,TN,47087,Jackson,0
47,TN,47089,Jefferson,0
47,TN,47091,Johnson,0
47,TN,47093,Knox,0
47,TN,47095,Lake,0
47,TN,47097,Lauderdale,0
47,TN,47099,Lawrence,0
47,TN,47101,Lewis,0
47,TN,47103,Lincoln,0
47,TN,47105,Loudon,0
47,TN,47107,McMinn,0
47,TN,47109,McNairy,0
47,TN,47111,Macon,0
47,TN,47113,Madison,0
47,TN,47115,Marion,0
47,TN,47117,Marshall,0
47,TN,47119,Maury,0
47,TN,47121,Meigs,0
47,TN,47123,Monroe,0
47,TN,47125,Montgomery,0
47,TN,47127,Moore,0
47,TN,47129,Morgan,0
47,TN,47131,Obion,0
47,TN,47133,Overton,0
47,TN,47135,Perry,0
47,TN,47137,Pickett,0
47,TN,47139,Polk,0
47,TN,47141,Putnam,0
47,TN,47143,Rhea,0
47,TN,47145,Roane,0
47,TN,47147,Robertson,0
47,TN,47149,Rutherford,0
47,TN,47151,Scott,0
47,TN,47153,Sequatchie,0
47,TN,47155,Sevier,0
47,TN,47157,Shelby,0
47,TN,47159,Smith,0
47,TN,47161,Stewart,0
47,TN,47163,Sullivan,0
47,TN,47165,Sumner,0
47,TN,47167,Tipton,0
47,TN,47169,Trousdale,0
47,TN,47171,Unicoi,0
47,TN,47173,Union,0
47,TN,47175,Van Buren,0
47,TN,47177,Warren,0
47,TN,47179,Washington,0
47,TN,47181,Wayne,0
47,TN,47183,Weakley,0
47,TN,47185,White,0
47,TN,47187,Williamson,0
47,TN,47189,Wilson,0
48,TX,48001,Anderson,0
48,TX,48003,Andrews,0
48,TX,48005,Angelina,34.674749
48,TX,48007,Aransas,0.009553
48,TX,48009,Archer,0
48,TX,48011,Armstrong,0
48,TX,48013,Atascosa,14.756812
48,TX,48015,Austin,21.63191
48,TX,48017,Bailey,0
48,TX,48019,Bandera,15.835984
48,TX,48021,Bastrop,13.63895
48,TX,48023,Baylor,0
48,TX,48025,Bee,23.756658
48,TX,48027,Bell,13.2667
48,TX,48029,Bexar,14.469955
48,TX,48031,Blanco,13.241987
48,TX,48033,Borden,0
48,TX,48035,Bosque,0
48,TX,48037,Bowie,0
48,TX,48039,Brazoria,37.527998
48,TX,48041,Brazos,19.683757
48,TX,48043,Brewster,0
48,TX,48045,Briscoe,0
48,TX,48047,Brooks,23.276135
48,TX,48049,Brown,0
48,TX,48051,Burleson,15.037191
48,TX,48053,Burnet,11.211848
48,TX,48055,Caldwell,13.391675
48,TX,48057,Calhoun,31.956804
48,TX,48059,Callahan,0
48,TX,48061,Cameron,0
48,TX,48063,Camp,0
48,TX,48065,Carson,0
48,TX,48067,Cass,0
48,TX,48069,Castro,0
48,TX,48071,Chambers,39.12661
48,TX,48073,Cherokee,0
48,TX,48075,Childress,0
48,TX,48077,Clay,0
48,TX,48079,Cochran,0
48,TX,48081,Coke,0
48,TX,48083,Coleman,0
48,TX,48085,Collin,0
48,TX,48087,Collingsworth,0
48,TX,48089,Colorado,21.213754
48,TX,48091,Comal,16.310635
48,TX,48093,Comanche,0
48,TX,48095,Concho,0
48,TX,48097,Cooke,0
48,TX,48099,Coryell,0
48,TX,48101,Cottle,0
48,TX,48103,Crane,0
48,TX,48105,Crockett,0
48,TX,48107,Crosby,0
48,TX,48109,Culberson,0
48,TX,48111,Dallam,0
48,TX,48113,Dallas,0
48,TX,48115,Dawson,0
48,TX,48117,Deaf Smith,0
48,TX,48119,Delta,0
48,TX,48121,Denton,0
48,TX,48123,DeWitt,21.624856
48,TX,48125,Dickens,0
48,TX,48127,Dimmit,2.731542
48,TX,48129,Donley,0
48,TX,48131,Duval,10.174407
48,TX,48133,Eastland,0
48,TX,48135,Ector,0
48,TX,48137,Edwards,23.139671
48,TX,48139,Ellis,0
48,TX,48141,El Paso,0
48,TX,48143,Erath,0
48,TX,48145,Falls,0
48,TX,48147,Fannin,0
48,TX,48149,Fayette,16.8911
48,TX,48151,Fisher,0
48,TX,48153,Floyd,0
48,TX,48155,Foard,0
48,TX,48157,Fort Bend,34.975936
48,TX,48159,Franklin,0
48,TX,48161,Freestone,0
48,TX,48163,Frio,9.210636
48,TX,48165,Gaines,0
48,TX,48167,Galveston,0
48,TX,48169,Garza,0
48,TX,48171,Gillespie,14.620877
48,TX,48173,Glasscock,0
48,TX,48175,Goliad,21.247256
48,TX,48177,Gonzales,16.949063
48,TX,48179,Gray,0
48,TX,48181,Grayson,0
48,TX,48183,Gregg,0
48,TX,48185,Grimes,26.812182
48,TX,48187,Guadalupe,14.495786
48,TX,48189,Hale,0
48,TX,48191,Hall,0
48,TX,48193,Hamilton,0
48,TX,48195,Hansford,0
48,TX,48197,Hardeman,0
48,TX,48199,Hardin,38.966139
48,TX,48201,Harris,36.958724
48,TX,48203,Harrison,0
48,TX,48205,Hartley,0
48,TX,48207,Haskell,0
48,TX,48209,Hays,15.481184
48,TX,48211,Hemphill,0
48,TX,48213,Henderson,0
48,TX,48215,Hidalgo,6.88305
48,TX,48217,Hill,0
48,TX,48219,Hockley,0
48,TX,48221,Hood,0
48,TX,48223,Hopkins,0
48,TX,48225,Houston,0
48,TX,48227,Howard,0
48,TX,48229,Hudspeth,0
48,TX,48231,Hunt,0
48,TX,48233,Hutchinson,0
48,TX,48235,Irion,0
48,TX,48237,Jack,0
48,TX,48239,Jackson,31.10161
48,TX,48241,Jasper,37.695601
48,TX,48243,Jeff Davis,0
48,TX,48245,Jefferson,37.386542
48,TX,48247,Jim Hogg,4.344389
48,TX,48249,Jim Wells,22.917949
48,TX,48251,Johnson,0
48,TX,48253,Jones,0
48,TX,48255,Karnes,17.384712
48,TX,48257,Kaufman,0
48,TX,48259,Kendall,16.717768
48,TX,48261,Kenedy,12.658874
48,TX,48263,Kent,0
48,TX,48265,Kerr,17.426627
48,TX,48267,Kimble,13.2155
48,TX,48269,King,0
48,TX,48271,Kinney,0
48,TX,48273,Kleberg,22.363417
48,TX,48275,Knox,0
48,TX,48277,Lamar,0
48,TX,48279,Lamb,0
48,TX,48281,Lampasas,0
48,TX,48283,La Salle,2.879
48,TX,48285,Lavaca,21.199873
48,TX,48287,Lee,12.653897
48,TX,48289,Leon,26.526025
48,TX,48291,Liberty,38.985387
48,TX,48293,Limestone,0
48,TX,48295,Lipscomb,0
48,TX,48297,Live Oak,20.175318
48,TX,48299,Llano,10.640788
48,TX,48301,Loving,0
48,TX,48303,Lubbock,0
48,TX,48305,Lynn,0
48,TX,48307,McCulloch,13.094176
48,TX,48309,McLennan,0
48,TX,48311,McMullen,13.067748
48,TX,48313,Madison,28.662942
48,TX,48315,Marion,0
48,TX,48317,Martin,0
48,TX,48319,Mason,14.940626
48,TX,48321,Matagorda,34.125101
48,TX,48323,Maverick,0
48,TX,48325,Medina,10.592191
48,TX,48327,Menard,2.492704
48,TX,48329,Midland,0
48,TX,48331,Milam,16.834666
48,TX,48333,Mills,0
48,TX,48335,Mitchell,0
48,TX,48337,Montague,0
48,TX,48339,Montgomery,38.569633
48,TX,48341,Moore,0
48,TX,48343,Morris,0
48,TX,48345,Motley,0
48,TX,48347,Nacogdoches,0
48,TX,48349,Navarro,0
48,TX,48351,Newton,35.823116
48,TX,48353,Nolan,0
48,TX,48355,Nueces,28.132934
48,TX,48357,Ochiltree,0
48,TX,48359,Oldham,0
48,TX,48361,Orange,42.587647
48,TX,48363,Palo Pinto,0
48,TX,48365,Panola,0
48,TX,48367,Parker,0
48,TX,48369,Parmer,0
48,TX,48371,Pecos,0
48,TX,48373,Polk,37.141843
48,TX,48375,Potter,0
48,TX,48377,Presidio,0
48,TX,48379,Rains,0
48,TX,48381,Randall,0
48,TX,48383,Reagan,0
48,TX,48385,Real,15.264827
48,TX,48387,Red River,0
48,TX,48389,Reeves,0
48,TX,48391,Refugio,27.474695
48,TX,48393,Roberts,0
48,TX,48395,Robertson,24.459557
48,TX,48397,Rockwall,0
48,TX,48399,Runnels,0
48,TX,48401,Rusk,0
48,TX,48403,Sabine,0
48,TX,48405,San Augustine,0
48,TX,48407,San Jacinto,37.641035
48,TX,48409,San Patricio,17.637306
48,TX,48411,San Saba,9.81247
48,TX,48413,Schleicher,0
48,TX,48415,Scurry,0
48,TX,48417,Shackelford,0
48,TX,48419,Shelby,0
48,TX,48421,Sherman,0
48,TX,48423,Smith,0
48,TX,48425,Somervell,0
48,TX,48427,Starr,3.615749
48,TX,48429,Stephens,0
48,TX,48431,Sterling,0
48,TX,48433,Stonewall,0
48,TX,48435,Sutton,0
48,TX,48437,Swisher,0
48,TX,48439,Tarrant,0
48,TX,48441,Taylor,0
48,TX,48443,Terrell,0
48,TX,48445,Terry,0
48,TX,48447,Throckmorton,0
48,TX,48449,Titus,0
48,TX,48451,Tom Green,0
48,TX,48453,Travis,14.455469
48,TX,48455,Trinity,35.118322
48,TX,48457,Tyler,36.469736
48,TX,48459,Upshur,0
48,TX,48461,Upton,0
48,TX,48463,Uvalde,11.227369
48,TX,48465,Val Verde,0
48,TX,48467,Van Zandt,0
48,TX,48469,Victoria,27.512599
48,TX,48471,Walker,32.094349
48,TX,48473,Waller,28.571906
48,TX,48475,Ward,0
48,TX,48477,Washington,20.530775
48,TX,48479,Webb,2.327385
48,TX,48481,Wharton,28.993533
48,TX,48483,Wheeler,0
48,TX,48485,Wichita,0
48,TX,48487,Wilbarger,0
48,TX,48489,Willacy,6.883495
48,TX,48491,Williamson,13.338727
48,TX,48493,Wilson,14.373816
48,TX,48495,Winkler,0
48,TX,48497,Wise,0
48,TX,48499,Wood,0
48,TX,48501,Yoakum,0
48,TX,48503,Young,0
48,TX,48505,Zapata,2.344162
48,TX,48507,Zavala,6.796462
49,UT,49001,Beaver,0
49,UT,49003,Box Elder,0
49,UT,49005,Cache,0
49,UT,49007,Carbon,0
49,UT,49009,Daggett,0
49,UT,49011,Davis,0
49,UT,49013,Duchesne,0
49,UT,49015,Emery,0
49,UT,49017,Garfield,0
49,UT,49019,Grand,0
49,UT,49021,Iron,0
49,UT,49023,Juab,0
49,UT,49025,Kane,0
49,UT,49027,Millard,0
49,UT,49029,Morgan,0
49,UT,49031,Piute,0
49,UT,49033,Rich,0
49,UT,49035,Salt Lake,0
49,UT,49037,San Juan,0
49,UT,49039,Sanpete,0
49,UT,49041,Sevier,0
49,UT,49043,Summit,0
49,UT,49045,Tooele,0
49,UT,49047,Uintah,0
49,UT,49049,Utah,0
49,UT,49051,Wasatch,0
49,UT,49053,Washington,0
49,UT,49055,Wayne,0
49,UT,49057,Weber,0
50,VT,50001,Addison,0
50,VT,50003,Bennington,0
50,VT,50005,Caledonia,0
50,VT,50007,Chittenden,0
50,VT,50009,Essex,0
50,VT,50011,Franklin,0
50,VT,50013,Grand Isle,0
50,VT,50015,Lamoille,0
50,VT,50017,Orange,0
50,VT,50019,Orleans,0
50,VT,50021,Rutland,0
50,VT,50023,Washington,0
50,VT,50025,Windham,0
50,VT,50027,Windsor,0
51,VA,51001,Accomack,0
51,VA,51003,Albemarle,0
51,VA,51005,Alleghany,0
51,VA,51007,Amelia,0
51,VA,51009,Amherst,0
51,VA,51011,Appomattox,0
51,VA,51013,Arlington,0
51,VA,51015,Augusta,0
51,VA,51017,Bath,0
51,VA,51019,Bedford,0
51,VA,51021,Bland,0
51,VA,51023,Botetourt,0
51,VA,51025,Brunswick,0
51,VA,51027,Buchanan,0
51,VA,51029,Buckingham,0
51,VA,51031,Campbell,0
51,VA,51033,Caroline,0
51,VA,51035,Carroll,0
51,VA,51036,Charles City,0
51,VA,51037,Charlotte,0
51,VA,51041,Chesterfield,0
51,VA,51043,Clarke,0
51,VA,51045,Craig,0
51,VA,51047,Culpeper,0
51,VA,51049,Cumberland,0
51,VA,51051,Dickenson,0
51,VA,51053,Dinwiddie,0
51,VA,51057,Essex,0
51,VA,51059,Fairfax,0
51,VA,51061,Fauquier,0
51,VA,51063,Floyd,0
51,VA,51065,Fluvanna,0
51,VA,51067,Franklin,0
51,VA,51069,Frederick,0
51,VA,51071,Giles,0
51,VA,51073,Gloucester,0
51,VA,51075,Goochland,0
51,VA,51077,Grayson,0
51,VA,51079,Greene,0
51,VA,51081,Greensville,0
51,VA,51083,Halifax,0
51,VA,51085,Hanover,0
51,VA,51087,Henrico,0
51,VA,51089,Henry,0
51,VA,51091,Highland,0
51,VA,51093,Isle of Wight,0
51,VA,51095,James City,0
51,VA,51097,King and Queen,0
51,VA,51099,King George,0
51,VA,51101,King William,0
51,VA,51103,Lancaster,0
51,VA,51105,Lee,0
51,VA,51107,Loudoun,0
51,VA,51109,Louisa,0
51,VA,51111,Lunenburg,0
51,VA,51113,Madison,0
51,VA,51115,Mathews,0
51,VA,51117,Mecklenburg,0
51,VA,51119,Middlesex,0
51,VA,51121,Montgomery,0
51,VA,51125,Nelson,0
51,VA,51127,New Kent,0
51,VA,51131,Northampton,0
51,VA,51133,Northumberland,0
51,VA,51135,Nottoway,0
51,VA,51137,Orange,0
51,VA,51139,Page,0
51,VA,51141,Patrick,0
51,VA,51143,Pittsylvania,0
51,VA,51145,Powhatan,0
51,VA,51147,Prince Edward,0
51,VA,51149,Prince George,0
51,VA,51153,Prince William,0
51,VA,51155,Pulaski,0
51,VA,51157,Rappahannock,0
51,VA,51159,Richmond,0
51,VA,51161,Roanoke,0
51,VA,51163,Rockbridge,0
51,VA,51165,Rockingham,0
51,VA,51167,Russell,0
51,VA,51169,Scott,0
51,VA,51171,Shenandoah,0
51,VA,51173,Smyth,0
51,VA,51175,Southampton,0
51,VA,51177,Spotsylvania,0
51,VA,51179,Stafford,0
51,VA,51181,Surry,0
51,VA,51183,Sussex,0
51,VA,51185,Tazewell,0
51,VA,51187,Warren,0
51,VA,51191,Washington,0
51,VA,51193,Westmoreland,0
51,VA,51195,Wise,0
51,VA,51197,Wythe,0
51,VA,51199,York,0
51,VA,51510,Alexandria,0
51,VA,51515,Bedford,0
51,VA,51520,Bristol,0
51,VA,51530,Buena Vista,0
51,VA,51540,Charlottesville,0
51,VA,51550,Chesapeake,0
51,VA,51570,Colonial Heights,0
51,VA,51580,Covington,0
51,VA,51590,Danville,0
51,VA,51595,Emporia,0
51,VA,51600,Fairfax,0
51,VA,51610,Falls Church,0
51,VA,51620,Franklin,0
51,VA,51630,Fredericksburg,0
51,VA,51640,Galax,0
51,VA,51650,Hampton,0
51,VA,51660,Harrisonburg,0
51,VA,51670,Hopewell,0
51,VA,51678,Lexington,0
51,VA,51680,Lynchburg,0
51,VA,51683,Manassas,0
51,VA,51685,Manassas Park,0
51,VA,51690,Martinsville,0
51,VA,51700,Newport News,0
51,VA,51710,Norfolk,0
51,VA,51720,Norton,0
51,VA,51730,Petersburg,0
51,VA,51735,Poquoson,0
51,VA,51740,Portsmouth,0
51,VA,51750,Radford,0
51,VA,51760,Richmond,0
51,VA,51770,Roanoke,0
51,VA,51775,Salem,0
51,VA,51790,Staunton,0
51,VA,51800,Suffolk,0
51,VA,51810,Virginia Beach,0
51,VA,51820,Waynesboro,0
51,VA,51830,Williamsburg,0
51,VA,51840,Winchester,0
53,WA,53001,Adams,0
53,WA,53003,Asotin,0
53,WA,53005,Benton,0
53,WA,53007,Chelan,0
53,WA,53009,Clallam,0
53,WA,53011,Clark,0
53,WA,53013,Columbia,0
53,WA,53015,Cowlitz,0
53,WA,53017,Douglas,0
53,WA,53019,Ferry,0
53,WA,53021,Franklin,0
53,WA,53023,Garfield,0
53,WA,53025,Grant,0
53,WA,53027,Grays Harbor,0
53,WA,53029,Island,0
53,WA,53031,Jefferson,0
53,WA,53033,King,0
53,WA,53035,Kitsap,0
53,WA,53037,Kittitas,0
53,WA,53039,Klickitat,0
53,WA,53041,Lewis,0
53,WA,53043,Lincoln,0
53,WA,53045,Mason,0
53,WA,53047,Okanogan,0
53,WA,53049,Pacific,0
53,WA,53051,Pend Oreille,0
53,WA,53053,Pierce,0
53,WA,53055,San Juan,0
53,WA,53057,Skagit,0
53,WA,53059,Skamania,0
53,WA,53061,Snohomish,0
53,WA,53063,Spokane,0
53,WA,53065,Stevens,0
53,WA,53067,Thurston,0
53,WA,53069,Wahkiakum,0
53,WA,53071,Walla Walla,0
53,WA,53073,Whatcom,0
53,WA,53075,Whitman,0
53,WA,53077,Yakima,0
54,WV,54001,Barbour,0
54,WV,54003,Berkeley,0
54,WV,54005,Boone,0
54,WV,54007,Braxton,0
54,WV,54009,Brooke,0
54,WV,54011,Cabell,0
54,WV,54013,Calhoun,0
54,WV,54015,Clay,0
54,WV,54017,Doddridge,0
54,WV,54019,Fayette,0
54,WV,54021,Gilmer,0
54,WV,54023,Grant,0
54,WV,54025,Greenbrier,0
54,WV,54027,Hampshire,0
54,WV,54029,Hancock,0
54,WV,54031,Hardy,0
54,WV,54033,Harrison,0
54,WV,54035,Jackson,0
54,WV,54037,Jefferson,0
54,WV,54039,Kanawha,0
54,WV,54041,Lewis,0
54,WV,54043,Lincoln,0
54,WV,54045,Logan,0
54,WV,54047,McDowell,0
54,WV,54049,Marion,0
54,WV,54051,Marshall,0
54,WV,54053,Mason,0
54,WV,54055,Mercer,0
54,WV,54057,Mineral,0
54,WV,54059,Mingo,0
54,WV,54061,Monongalia,0
54,WV,54063,Monroe,0
54,WV,54065,Morgan,0
54,WV,54067,Nicholas,0
54,WV,54069,Ohio,0
54,WV,54071,Pendleton,0
54,WV,54073,Pleasants,0
54,WV,54075,Pocahontas,0
54,WV,54077,Preston,0
54,WV,54079,Putnam,0
54,WV,54081,Raleigh,0
54,WV,54083,Randolph,0
54,WV,54085,Ritchie,0
54,WV,54087,Roane,0
54,WV,54089,Summers,0
54,WV,54091,Taylor,0
54,WV,54093,Tucker,0
54,WV,54095,Tyler,0
54,WV,54097,Upshur,0
54,WV,54099,Wayne,0
54,WV,54101,Webster,0
54,WV,54103,Wetzel,0
54,WV,54105,Wirt,0
54,WV,54107,Wood,0
54,WV,54109,Wyoming,0
55,WI,55001,Adams,0
55,WI,55003,Ashland,0
55,WI,55005,Barron,0
55,WI,55007,Bayfield,0
55,WI,55009,Brown,0
55,WI,55011,Buffalo,0
55,WI,55013,Burnett,0
55,WI,55015,Calumet,0
55,WI,55017,Chippewa,0
55,WI,55019,Clark,0
55,WI,55021,Columbia,0
55,WI,55023,Crawford,0
55,WI,55025,Dane,0
55,WI,55027,Dodge,0
55,WI,55029,Door,0
55,WI,55031,Douglas,0
55,WI,55033,Dunn,0
55,WI,55035,Eau Claire,0
55,WI,55037,Florence,0
55,WI,55039,Fond du Lac,0
55,WI,55041,Forest,0
55,WI,55043,Grant,0
55,WI,55045,Green,0
55,WI,55047,Green Lake,0
55,WI,55049,Iowa,0
55,WI,55051,Iron,0
55,WI,55053,Jackson,0
55,WI,55055,Jefferson,0
55,WI,55057,Juneau,0
55,WI,55059,Kenosha,0
55,WI,55061,Kewaunee,0
55,WI,55063,La Crosse,0
55,WI,55065,Lafayette,0
55,WI,55067,Langlade,0
55,WI,55069,Lincoln,0
55,WI,55071,Manitowoc,0
55,WI,55073,Marathon,0
55,WI,55075,Marinette,0
55,WI,55077,Marquette,0
55,WI,55078,Menominee,0
55,WI,55079,Milwaukee,0
55,WI,55081,Monroe,0
55,WI,55083,Oconto,0
55,WI,55085,Oneida,0
55,WI,55087,Outagamie,0
55,WI,55089,Ozaukee,0
55,WI,55091,Pepin,0
55,WI,55093,Pierce,0
55,WI,55095,Polk,0
55,WI,55097,Portage,0
55,WI,55099,Price,0
55,WI,55101,Racine,0
55,WI,55103,Richland,0
55,WI,55105,Rock,0
55,WI,55107,Rusk,0
55,WI,55109,St. Croix,0
55,WI,55111,Sauk,0
55,WI,55113,Sawyer,0
55,WI,55115,Shawano,0
55,WI,55117,Sheboygan,0
55,WI,55119,Taylor,0
55,WI,55121,Trempealeau,0
55,WI,55123,Vernon,0
55,WI,55125,Vilas,0
55,WI,55127,Walworth,0
55,WI,55129,Washburn,0
55,WI,55131,Washington,0
55,WI,55133,Waukesha,0
55,WI,55135,Waupaca,0
55,WI,55137,Waushara,0
55,WI,55139,Winnebago,0
55,WI,55141,Wood,0
56,WY,56001,Albany,0
56,WY,56003,Big Horn,0
56,WY,56005,Campbell,0
56,WY,56007,Carbon,0
56,WY,56009,Converse,0
56,WY,56011,Crook,0
56,WY,56013,Fremont,0
56,WY,56015,Goshen,0
56,WY,56017,Hot Springs,0
56,WY,56019,Johnson,0
56,WY,56021,Laramie,0
56,WY,56023,Lincoln,0
56,WY,56025,Natrona,0
56,WY,56027,Niobrara,0
56,WY,56029,Park,0
56,WY,56031,Platte,0
56,WY,56033,Sheridan,0
56,WY,56035,Sublette,0
56,WY,56037,Sweetwater,0
56,WY,56039,Teton,0
56,WY,56041,Uinta,0
56,WY,56043,Washakie,0
56,WY,56045,Weston,0
